[
  {
    "id": "143993",
    "group": "1",
    "word": "会う",
    "phonetic": "あう",
    "mean": "gặp, "
  },
  {
    "id": "41722",
    "group": "3",
    "word": "青",
    "phonetic": "あお",
    "mean": "màu xanh, "
  },
  {
    "id": "41725",
    "group": "2",
    "word": "青い",
    "phonetic": "あおい",
    "mean": "xanh da trời, "
  },
  {
    "id": "107426",
    "group": "3",
    "word": "赤",
    "phonetic": "あか",
    "mean": "màu đỏ, "
  },
  {
    "id": "107428",
    "group": "2",
    "word": "赤い",
    "phonetic": "あかい",
    "mean": "đỏ, "
  },
  {
    "id": "11289",
    "group": "2",
    "word": "明い",
    "phonetic": "あかるい",
    "mean": "sáng sủa,  vui vẻ, "
  },
  {
    "id": "173747",
    "group": "3",
    "word": "秋",
    "phonetic": "あき",
    "mean": "mùa thu, "
  },
  {
    "id": "110092",
    "group": "1",
    "word": "開く",
    "phonetic": "あく",
    "mean": "mở, "
  },
  {
    "id": "110094",
    "group": "1",
    "word": "開ける",
    "phonetic": "あける",
    "mean": "khai thông,  mở mang, "
  },
  {
    "id": "141857",
    "group": "1",
    "word": "上げる",
    "phonetic": "あげる",
    "mean": "cho,  biếu, "
  },
  {
    "id": "185848",
    "group": "3",
    "word": "朝",
    "phonetic": "あさ",
    "mean": "ban sáng, "
  },
  {
    "id": "185849",
    "group": "3",
    "word": "朝ご飯",
    "phonetic": "あさごはん",
    "mean": "bữa sáng,  cơm sáng (nói chung), "
  },
  {
    "id": "107607",
    "group": "3",
    "word": "足",
    "phonetic": "あし",
    "mean": "chân, "
  },
  {
    "id": "185227",
    "group": "3",
    "word": "明日",
    "phonetic": "あした",
    "mean": "ngày mai, "
  },
  {
    "id": "108849",
    "group": "1",
    "word": "遊ぶ",
    "phonetic": "あそぶ",
    "mean": "chơi,  vui chơi, "
  },
  {
    "id": "185489",
    "group": "2",
    "word": "暖かい",
    "phonetic": "あたたかい",
    "mean": "đầm ấm, "
  },
  {
    "id": "42097",
    "group": "3",
    "word": "頭",
    "phonetic": "あたま",
    "mean": "cái đầu, "
  },
  {
    "id": "101231",
    "group": "2",
    "word": "新しい",
    "phonetic": "あたらしい",
    "mean": "mới, "
  },
  {
    "id": "185478",
    "group": "2",
    "word": "暑い",
    "phonetic": "あつい",
    "mean": "nóng, "
  },
  {
    "id": "170850",
    "group": "2",
    "word": "熱い",
    "phonetic": "あつい",
    "mean": "nóng,  nóng bỏng, "
  },
  {
    "id": "79043",
    "group": "2",
    "word": "厚い",
    "phonetic": "あつい",
    "mean": "dày, "
  },
  {
    "id": "97866",
    "group": "4",
    "word": "後",
    "phonetic": "あと",
    "mean": "sau đó, "
  },
  {
    "id": "145214",
    "group": "3",
    "word": "兄",
    "phonetic": "あに",
    "mean": "anh trai, "
  },
  {
    "id": "53472",
    "group": "3",
    "word": "姉",
    "phonetic": "あね",
    "mean": "chị,  chị của mình, "
  },
  {
    "id": "188426",
    "group": "1",
    "word": "浴びる",
    "phonetic": "あびる",
    "mean": "tắm, "
  },
  {
    "id": "78984",
    "group": "2",
    "word": "危ない",
    "phonetic": "あぶない",
    "mean": "nguy hiểm, "
  },
  {
    "id": "171706",
    "group": "2",
    "word": "甘い",
    "phonetic": "あまい",
    "mean": "ngon ngọt, "
  },
  {
    "id": "144340",
    "group": "4",
    "word": "余り",
    "phonetic": "あまり",
    "mean": "không mấy,  ít, "
  },
  {
    "id": "110717",
    "group": "3",
    "word": "雨",
    "phonetic": "あめ",
    "mean": "cơn mưa, "
  },
  {
    "id": "42462",
    "group": "4",
    "word": "飴",
    "phonetic": "あめ",
    "mean": "kẹo,  kẹo ngậm, "
  },
  {
    "id": "188229",
    "group": "1",
    "word": "洗う",
    "phonetic": "あらう",
    "mean": "giặt,  rửa, "
  },
  {
    "id": "187258",
    "group": "1",
    "word": "歩く",
    "phonetic": "あるく",
    "mean": "đi bộ,  đi, "
  },
  {
    "id": "32863",
    "group": "1",
    "word": "言う",
    "phonetic": "いう",
    "mean": "nói,  gọi là, "
  },
  {
    "id": "54172",
    "group": "3",
    "word": "家",
    "phonetic": "いえ",
    "mean": "gia đình, "
  },
  {
    "id": "32132",
    "group": "1",
    "word": "行く",
    "phonetic": "いく",
    "mean": "đi, "
  },
  {
    "id": "187884",
    "group": "3",
    "word": "池",
    "phonetic": "いけ",
    "mean": "cái ao, "
  },
  {
    "id": "78639",
    "group": "3",
    "word": "医者",
    "phonetic": "いしゃ",
    "mean": "bác sĩ, "
  },
  {
    "id": "186661",
    "group": "3",
    "word": "椅子",
    "phonetic": "いす",
    "mean": "ghế,  cái ghế, "
  },
  {
    "id": "98274",
    "group": "2",
    "word": "忙しい",
    "phonetic": "いそがしい",
    "mean": "bận, "
  },
  {
    "id": "172294",
    "group": "2",
    "word": "痛い",
    "phonetic": "いたい",
    "mean": "đau,  đau đớn, "
  },
  {
    "id": "141521",
    "group": "6",
    "word": "一",
    "phonetic": "いち",
    "mean": "một, "
  },
  {
    "id": "141628",
    "group": "6",
    "word": "一日",
    "phonetic": "いちにち",
    "mean": "một ngày, "
  },
  {
    "id": "141670",
    "group": "4",
    "word": "一番",
    "phonetic": "いちばん",
    "mean": "nhất,  tốt nhất, "
  },
  {
    "id": "143161",
    "group": "6",
    "word": "五日",
    "phonetic": "いつか",
    "mean": "5 ngày,  năm ngày, "
  },
  {
    "id": "141688",
    "group": "4",
    "word": "一緒",
    "phonetic": "いっしょ",
    "mean": "cùng, "
  },
  {
    "id": "143150",
    "group": "6",
    "word": "五つ",
    "phonetic": "いつつ",
    "mean": "năm cái,  năm chiếc, "
  },
  {
    "id": "171260",
    "group": "3",
    "word": "犬",
    "phonetic": "いぬ",
    "mean": "cẩu, "
  },
  {
    "id": "143552",
    "group": "4",
    "word": "今",
    "phonetic": "いま",
    "mean": "bây giờ, "
  },
  {
    "id": "98843",
    "group": "3",
    "word": "意味",
    "phonetic": "いみ",
    "mean": "ý nghĩa,  nghĩa, "
  },
  {
    "id": "53462",
    "group": "3",
    "word": "妹",
    "phonetic": "いもうと",
    "mean": "em, "
  },
  {
    "id": "53613",
    "group": "2",
    "word": "嫌",
    "phonetic": "いや",
    "mean": "khó chịu,  ghét, "
  },
  {
    "id": "145420",
    "group": "3",
    "word": "入口",
    "phonetic": "いりぐち",
    "mean": "cổng vào, "
  },
  {
    "id": "54829",
    "group": "1",
    "word": "居る",
    "phonetic": "いる",
    "mean": "có, "
  },
  {
    "id": "32523",
    "group": "1",
    "word": "要る",
    "phonetic": "いる",
    "mean": "cần, "
  },
  {
    "id": "145400",
    "group": "1",
    "word": "入れる",
    "phonetic": "いれる",
    "mean": "cho vào,  bỏ vào, "
  },
  {
    "id": "31330",
    "group": "3",
    "word": "色",
    "phonetic": "いろ",
    "mean": "màu, "
  },
  {
    "id": "141843",
    "group": "3",
    "word": "上",
    "phonetic": "うえ",
    "mean": "trên,  mặt trên, "
  },
  {
    "id": "97877",
    "group": "3",
    "word": "後ろ",
    "phonetic": "うしろ",
    "mean": "sau,  đằng sau, "
  },
  {
    "id": "31827",
    "group": "2",
    "word": "薄い",
    "phonetic": "うすい",
    "mean": "mỏng, "
  },
  {
    "id": "187106",
    "group": "3",
    "word": "歌",
    "phonetic": "うた",
    "mean": "bài hát, "
  },
  {
    "id": "187107",
    "group": "1",
    "word": "歌う",
    "phonetic": "うたう",
    "mean": "ca hát, "
  },
  {
    "id": "171762",
    "group": "1",
    "word": "生まれる",
    "phonetic": "うまれる",
    "mean": "sinh,  sinh ra"
  },
  {
    "id": "188431",
    "group": "3",
    "word": "海",
    "phonetic": "うみ",
    "mean": "biển, "
  },
  {
    "id": "52383",
    "group": "1",
    "word": "売る",
    "phonetic": "うる",
    "mean": "bán,  bán hàng, "
  },
  {
    "id": "170789",
    "group": "2",
    "word": "煩い",
    "phonetic": "うるさい",
    "mean": "chán ghét,  đáng ghét, "
  },
  {
    "id": "141918",
    "group": "3",
    "word": "上着",
    "phonetic": "うわぎ",
    "mean": "áo vét,  áo khoác ., "
  },
  {
    "id": "29645",
    "group": "3",
    "word": "絵",
    "phonetic": "え",
    "mean": "bức tranh,  tranh, "
  },
  {
    "id": "185285",
    "group": "3",
    "word": "映画",
    "phonetic": "えいが",
    "mean": "điện ảnh, "
  },
  {
    "id": "185290",
    "group": "3",
    "word": "映画館",
    "phonetic": "えいがかん",
    "mean": "nhà hát, "
  },
  {
    "id": "31534",
    "group": "3",
    "word": "英語",
    "phonetic": "えいご",
    "mean": "tiếng Anh, "
  },
  {
    "id": "42629",
    "group": "3",
    "word": "駅",
    "phonetic": "えき",
    "mean": "ga, "
  },
  {
    "id": "109712",
    "group": "3",
    "word": "鉛筆",
    "phonetic": "えんぴつ",
    "mean": "bút chì, "
  },
  {
    "id": "52584",
    "group": "2",
    "word": "多い",
    "phonetic": "おおい",
    "mean": "nhiều, "
  },
  {
    "id": "52662",
    "group": "2",
    "word": "大きい",
    "phonetic": "おおきい",
    "mean": "to, "
  },
  {
    "id": "52667",
    "group": "2",
    "word": "大きな",
    "phonetic": "おおきな",
    "mean": "to, "
  },
  {
    "id": "52710",
    "group": "3",
    "word": "大勢",
    "phonetic": "おおぜい",
    "mean": "đám đông, "
  },
  {
    "id": "51159",
    "group": "3",
    "word": "お母さん",
    "phonetic": "おかあさん",
    "mean": "mẹ, "
  },
  {
    "id": "51241",
    "group": "3",
    "word": "お菓子",
    "phonetic": "おかし",
    "mean": "bánh kẹo,  kẹo, "
  },
  {
    "id": "51284",
    "group": "3",
    "word": "お金",
    "phonetic": "おかね",
    "mean": "tiền,  của cải, "
  },
  {
    "id": "107526",
    "group": "1",
    "word": "起きる",
    "phonetic": "おきる",
    "mean": "thức dậy, "
  },
  {
    "id": "30046",
    "group": "1",
    "word": "置く",
    "phonetic": "おく",
    "mean": "bố trí, "
  },
  {
    "id": "53288",
    "group": "3",
    "word": "奥さん",
    "phonetic": "おくさん",
    "mean": "bà, "
  },
  {
    "id": "51275",
    "group": "3",
    "word": "お酒",
    "phonetic": "おさけ",
    "mean": "rượu,  rượu sakê, "
  },
  {
    "id": "51187",
    "group": "3",
    "word": "お皿",
    "phonetic": "おさら",
    "mean": "đĩa, "
  },
  {
    "id": "100953",
    "group": "1",
    "word": "教える",
    "phonetic": "おしえる",
    "mean": "chỉ dẫn, "
  },
  {
    "id": "99868",
    "group": "1",
    "word": "押す",
    "phonetic": "おす",
    "mean": "ẩn,  đẩy, "
  },
  {
    "id": "108822",
    "group": "2",
    "word": "遅い",
    "phonetic": "おそい",
    "mean": "muộn màng, "
  },
  {
    "id": "51237",
    "group": "3",
    "word": "お茶",
    "phonetic": "おちゃ",
    "mean": "chè, "
  },
  {
    "id": "51130",
    "group": "3",
    "word": "お手洗い",
    "phonetic": "おてあらい",
    "mean": "toa-lét,  nhà vệ sinh, "
  },
  {
    "id": "51178",
    "group": "3",
    "word": "お父さん",
    "phonetic": "おとうさん",
    "mean": "bố,  bố ơi (khi con gọi bố, "
  },
  {
    "id": "97575",
    "group": "3",
    "word": "弟",
    "phonetic": "おとうと",
    "mean": "bào đệ, "
  },
  {
    "id": "172041",
    "group": "3",
    "word": "男",
    "phonetic": "おとこ",
    "mean": "đàn ông,  người đàn ông, "
  },
  {
    "id": "172044",
    "group": "3",
    "word": "男の子",
    "phonetic": "おとこのこ",
    "mean": "cậu bé,  con đực (động vật), "
  },
  {
    "id": "141638",
    "group": "3",
    "word": "一昨日",
    "phonetic": "おととい",
    "mean": "hôm kia, "
  },
  {
    "id": "141636",
    "group": "3",
    "word": "一昨年",
    "phonetic": "おととし",
    "mean": "năm kia, "
  },
  {
    "id": "52686",
    "group": "3",
    "word": "大人",
    "phonetic": "おとな",
    "mean": "người lớn,  người trưởng thành, "
  },
  {
    "id": "51227",
    "group": "3",
    "word": "お腹",
    "phonetic": "おなか",
    "mean": "bụng, "
  },
  {
    "id": "79948",
    "group": "4",
    "word": "同じ",
    "phonetic": "おなじ",
    "mean": "bằng nhau, "
  },
  {
    "id": "51035",
    "group": "3",
    "word": "お兄さん",
    "phonetic": "おにいさん",
    "mean": "anh trai, "
  },
  {
    "id": "51078",
    "group": "3",
    "word": "お姉さん",
    "phonetic": "おねえさん",
    "mean": "chị, "
  },
  {
    "id": "51320",
    "group": "3",
    "word": "お風呂",
    "phonetic": "おふろ",
    "mean": "bồn ., "
  },
  {
    "id": "51118",
    "group": "3",
    "word": "お弁当",
    "phonetic": "おべんとう",
    "mean": "cơm hộp, "
  },
  {
    "id": "32698",
    "group": "1",
    "word": "覚える",
    "phonetic": "おぼえる",
    "mean": "cảm thấy, "
  },
  {
    "id": "109377",
    "group": "2",
    "word": "重い",
    "phonetic": "おもい",
    "mean": "nặng,  nặng nề, "
  },
  {
    "id": "188205",
    "group": "1",
    "word": "泳ぐ",
    "phonetic": "およぐ",
    "mean": "bơi, "
  },
  {
    "id": "110298",
    "group": "1",
    "word": "降りる",
    "phonetic": "おりる",
    "mean": "bước xuống, "
  },
  {
    "id": "29405",
    "group": "1",
    "word": "終る",
    "phonetic": "おわる",
    "mean": "tới kết thúc,  tới kết cục, "
  },
  {
    "id": "41982",
    "group": "3",
    "word": "音楽",
    "phonetic": "おんがく",
    "mean": "âm nhạc,  nhạc, "
  },
  {
    "id": "53320",
    "group": "3",
    "word": "女",
    "phonetic": "おんな",
    "mean": "phụ nữ,  con gái, "
  },
  {
    "id": "53323",
    "group": "3",
    "word": "女の子",
    "phonetic": "おんなのこ",
    "mean": "cô gái,  cô bé, "
  },
  {
    "id": "52524",
    "group": "3",
    "word": "外国",
    "phonetic": "がいこく",
    "mean": "đất khách, "
  },
  {
    "id": "52527",
    "group": "3",
    "word": "外国人",
    "phonetic": "がいこくじん",
    "mean": "ngoại nhân, "
  },
  {
    "id": "144017",
    "group": "3",
    "word": "会社",
    "phonetic": "かいしゃ",
    "mean": "công ty, "
  },
  {
    "id": "110476",
    "group": "3",
    "word": "階段",
    "phonetic": "かいだん",
    "mean": "cầu thang, "
  },
  {
    "id": "107159",
    "group": "3",
    "word": "買い物",
    "phonetic": "かいもの",
    "mean": "món hàng mua được, "
  },
  {
    "id": "107162",
    "group": "1",
    "word": "買う",
    "phonetic": "かう",
    "mean": "đánh giá cao,  tán dương thưởng thức, "
  },
  {
    "id": "108256",
    "group": "1",
    "word": "返す",
    "phonetic": "かえす",
    "mean": "trả, "
  },
  {
    "id": "55342",
    "group": "1",
    "word": "帰る",
    "phonetic": "かえる",
    "mean": "đi về, "
  },
  {
    "id": "109883",
    "group": "3",
    "word": "鍵",
    "phonetic": "かぎ",
    "mean": "chốt, "
  },
  {
    "id": "185613",
    "group": "1",
    "word": "書く",
    "phonetic": "かく",
    "mean": "vẽ, "
  },
  {
    "id": "53767",
    "group": "3",
    "word": "学生",
    "phonetic": "がくせい",
    "mean": "sinh viên,  học sinh, "
  },
  {
    "id": "145036",
    "group": "3",
    "word": "傘",
    "phonetic": "かさ",
    "mean": "cái ô, "
  },
  {
    "id": "107182",
    "group": "1",
    "word": "貸す",
    "phonetic": "かす",
    "mean": "bán đợ, "
  },
  {
    "id": "42224",
    "group": "3",
    "word": "風",
    "phonetic": "かぜ",
    "mean": "gió, "
  },
  {
    "id": "42299",
    "group": "3",
    "word": "風邪",
    "phonetic": "かぜ",
    "mean": "cảm lạnh,  cảm, "
  },
  {
    "id": "54211",
    "group": "3",
    "word": "家族",
    "phonetic": "かぞく",
    "mean": "gia đình, "
  },
  {
    "id": "101311",
    "group": "3",
    "word": "方",
    "phonetic": "かた",
    "mean": "Ｖị,  ngài, "
  },
  {
    "id": "53758",
    "group": "3",
    "word": "学校",
    "phonetic": "がっこう",
    "mean": "học đường, "
  },
  {
    "id": "54204",
    "group": "3",
    "word": "家庭",
    "phonetic": "かてい",
    "mean": "gia đình, "
  },
  {
    "id": "32763",
    "group": "3",
    "word": "角",
    "phonetic": "かど",
    "mean": "góc, "
  },
  {
    "id": "31407",
    "group": "3",
    "word": "花瓶",
    "phonetic": "かびん",
    "mean": "bình hoa,  lọ hoa, "
  },
  {
    "id": "29297",
    "group": "3",
    "word": "紙",
    "phonetic": "かみ",
    "mean": "giấy, "
  },
  {
    "id": "170407",
    "group": "3",
    "word": "火曜日",
    "phonetic": "かようび",
    "mean": "thứ ba,  ngày thứ ba, "
  },
  {
    "id": "108103",
    "group": "2",
    "word": "辛い",
    "phonetic": "からい",
    "mean": "cay, "
  },
  {
    "id": "144246",
    "group": "3",
    "word": "体",
    "phonetic": "からだ",
    "mean": "cơ thể,  sức khoẻ, "
  },
  {
    "id": "144841",
    "group": "1",
    "word": "借りる",
    "phonetic": "かりる",
    "mean": "mướn, "
  },
  {
    "id": "107944",
    "group": "2",
    "word": "軽い",
    "phonetic": "かるい",
    "mean": "nhẹ, "
  },
  {
    "id": "189102",
    "group": "3",
    "word": "漢字",
    "phonetic": "かんじ",
    "mean": "chữ Hán, "
  },
  {
    "id": "185920",
    "group": "3",
    "word": "木",
    "phonetic": "き",
    "mean": "cây cối, "
  },
  {
    "id": "43078",
    "group": "3",
    "word": "黄色",
    "phonetic": "きいろ",
    "mean": "màu vàng, "
  },
  {
    "id": "43079",
    "group": "2",
    "word": "黄色い",
    "phonetic": "きいろい",
    "mean": "vàng, "
  },
  {
    "id": "188544",
    "group": "1",
    "word": "消える",
    "phonetic": "きえる",
    "mean": "biến mất,  tan đi, "
  },
  {
    "id": "30361",
    "group": "1",
    "word": "聞く",
    "phonetic": "きく",
    "mean": "nghe,  hỏi, "
  },
  {
    "id": "78562",
    "group": "3",
    "word": "北",
    "phonetic": "きた",
    "mean": "phía Bắc,  miền Bắc, "
  },
  {
    "id": "187857",
    "group": "2",
    "word": "汚い",
    "phonetic": "きたない",
    "mean": "bẩn,  ô uế, "
  },
  {
    "id": "80655",
    "group": "3",
    "word": "喫茶店",
    "phonetic": "きっさてん",
    "mean": "quán cà phê,  quán trà, "
  },
  {
    "id": "77809",
    "group": "3",
    "word": "切手",
    "phonetic": "きって",
    "mean": "tem,  tem hàng, "
  },
  {
    "id": "77820",
    "group": "3",
    "word": "切符",
    "phonetic": "きっぷ",
    "mean": "vé, "
  },
  {
    "id": "185319",
    "group": "3",
    "word": "昨日",
    "phonetic": "きのう",
    "mean": "bữa hôm trước, "
  },
  {
    "id": "142716",
    "group": "6",
    "word": "九",
    "phonetic": "きゅう/く",
    "mean": "chín, "
  },
  {
    "id": "171052",
    "group": "3",
    "word": "牛肉",
    "phonetic": "ぎゅうにく",
    "mean": "thịt bò, "
  },
  {
    "id": "171048",
    "group": "3",
    "word": "牛乳",
    "phonetic": "ぎゅうにゅう",
    "mean": "sữa, "
  },
  {
    "id": "143568",
    "group": "3",
    "word": "今日",
    "phonetic": "きょう",
    "mean": "bữa nay, "
  },
  {
    "id": "100967",
    "group": "3",
    "word": "教室",
    "phonetic": "きょうしつ",
    "mean": "buồng học, "
  },
  {
    "id": "145217",
    "group": "3",
    "word": "兄弟",
    "phonetic": "きょうだい",
    "mean": "anh em,  huynh đệ, "
  },
  {
    "id": "79188",
    "group": "3",
    "word": "去年",
    "phonetic": "きょねん",
    "mean": "năm ngoái,  năm trước, "
  },
  {
    "id": "53614",
    "group": "3",
    "word": "嫌い",
    "phonetic": "きらい",
    "mean": "đáng ghét,  không ưa, "
  },
  {
    "id": "77796",
    "group": "1",
    "word": "切る",
    "phonetic": "きる",
    "mean": "cắt,  chặt, "
  },
  {
    "id": "173137",
    "group": "1",
    "word": "着る",
    "phonetic": "きる",
    "mean": "bận, "
  },
  {
    "id": "109753",
    "group": "3",
    "word": "銀行",
    "phonetic": "ぎんこう",
    "mean": "ngân hàng, "
  },
  {
    "id": "109520",
    "group": "3",
    "word": "金曜日",
    "phonetic": "きんようび",
    "mean": "ngày thứ sáu, "
  },
  {
    "id": "31879",
    "group": "3",
    "word": "薬",
    "phonetic": "くすり",
    "mean": "dược, "
  },
  {
    "id": "186314",
    "group": "3",
    "word": "果物",
    "phonetic": "くだもの",
    "mean": "hoa quả,  trái cây, "
  },
  {
    "id": "79573",
    "group": "3",
    "word": "口",
    "phonetic": "くち",
    "mean": "cửa,  miệng, "
  },
  {
    "id": "41950",
    "group": "3",
    "word": "靴",
    "phonetic": "くつ",
    "mean": "giày,  dép, "
  },
  {
    "id": "41958",
    "group": "3",
    "word": "靴下",
    "phonetic": "くつした",
    "mean": "bít tất, "
  },
  {
    "id": "80898",
    "group": "3",
    "word": "国",
    "phonetic": "くに",
    "mean": "đất nước,  quốc gia, "
  },
  {
    "id": "185557",
    "group": "3",
    "word": "曇り",
    "phonetic": "くもり",
    "mean": "mờ,  không rõ, "
  },
  {
    "id": "185562",
    "group": "1",
    "word": "曇る",
    "phonetic": "くもる",
    "mean": "đầy ..., "
  },
  {
    "id": "185498",
    "group": "2",
    "word": "暗い",
    "phonetic": "くらい",
    "mean": "dâm, "
  },
  {
    "id": "186174",
    "group": "1",
    "word": "来る",
    "phonetic": "くる",
    "mean": "đến, "
  },
  {
    "id": "107758",
    "group": "3",
    "word": "車",
    "phonetic": "くるま",
    "mean": "bánh xe, "
  },
  {
    "id": "43085",
    "group": "3",
    "word": "黒",
    "phonetic": "くろ",
    "mean": "màu đen,  sự có tội, "
  },
  {
    "id": "43087",
    "group": "2",
    "word": "黒い",
    "phonetic": "くろい",
    "mean": "đen,  u ám, "
  },
  {
    "id": "106821",
    "group": "3",
    "word": "警官",
    "phonetic": "けいかん",
    "mean": "cánh sát, "
  },
  {
    "id": "143585",
    "group": "3",
    "word": "今朝",
    "phonetic": "けさ",
    "mean": "hồi sáng, "
  },
  {
    "id": "188549",
    "group": "1",
    "word": "消す",
    "phonetic": "けす",
    "mean": "bôi, "
  },
  {
    "id": "29559",
    "group": "4",
    "word": "結構",
    "phonetic": "けっこう",
    "mean": "kết cấu,  cấu trúc, "
  },
  {
    "id": "29531",
    "group": "3",
    "word": "結婚",
    "phonetic": "けっこん",
    "mean": "cưới xin, "
  },
  {
    "id": "185740",
    "group": "3",
    "word": "月曜日",
    "phonetic": "げつようび",
    "mean": "ngày thứ hai, "
  },
  {
    "id": "171489",
    "group": "3",
    "word": "玄関",
    "phonetic": "げんかん",
    "mean": "phòng ngoài,  lối đi vào, "
  },
  {
    "id": "145204",
    "group": "3",
    "word": "元気",
    "phonetic": "げんき",
    "mean": "khoẻ,  khoẻ mạnh, "
  },
  {
    "id": "143149",
    "group": "6",
    "word": "五",
    "phonetic": "ご",
    "mean": "năm,  số 5, "
  },
  {
    "id": "145656",
    "group": "3",
    "word": "公園",
    "phonetic": "こうえん",
    "mean": "công viên, "
  },
  {
    "id": "143245",
    "group": "3",
    "word": "交差点",
    "phonetic": "こうさてん",
    "mean": "bùng binh, "
  },
  {
    "id": "29238",
    "group": "3",
    "word": "紅茶",
    "phonetic": "こうちゃ",
    "mean": "chè đen, "
  },
  {
    "id": "143288",
    "group": "3",
    "word": "交番",
    "phonetic": "こうばん",
    "mean": "đồn cảnh sát, "
  },
  {
    "id": "52358",
    "group": "3",
    "word": "声",
    "phonetic": "こえ",
    "mean": "tiếng,  giọng nói, "
  },
  {
    "id": "78694",
    "group": "3",
    "word": "午後",
    "phonetic": "ごご",
    "mean": "vào buổi chiều,  sau 12 giờ trưa, "
  },
  {
    "id": "142721",
    "group": "6",
    "word": "九日",
    "phonetic": "ここのか",
    "mean": "mồng 9,  ngày 9, "
  },
  {
    "id": "142718",
    "group": "6",
    "word": "九つ",
    "phonetic": "ここのつ",
    "mean": "9 cái,  9 chiếc, "
  },
  {
    "id": "78688",
    "group": "3",
    "word": "午前",
    "phonetic": "ごぜん",
    "mean": "buổi sáng,  vào buổi sáng, "
  },
  {
    "id": "174374",
    "group": "1",
    "word": "答える",
    "phonetic": "こたえる",
    "mean": "trả lời ., "
  },
  {
    "id": "143565",
    "group": "3",
    "word": "今年",
    "phonetic": "ことし",
    "mean": "năm nay, "
  },
  {
    "id": "32874",
    "group": "3",
    "word": "言葉",
    "phonetic": "ことば",
    "mean": "câu nói, "
  },
  {
    "id": "53640",
    "group": "3",
    "word": "子供",
    "phonetic": "こども",
    "mean": "bé con, "
  },
  {
    "id": "136564",
    "group": "3",
    "word": "ご飯",
    "phonetic": "ごはん",
    "mean": "cơm,  bữa cơm, "
  },
  {
    "id": "80832",
    "group": "1",
    "word": "困る",
    "phonetic": "こまる",
    "mean": "bối rối, "
  },
  {
    "id": "143582",
    "group": "3",
    "word": "今月",
    "phonetic": "こんげつ",
    "mean": "tháng này, "
  },
  {
    "id": "143588",
    "group": "3",
    "word": "今週",
    "phonetic": "こんしゅう",
    "mean": "tuần lễ này, "
  },
  {
    "id": "143578",
    "group": "3",
    "word": "今晩",
    "phonetic": "こんばん",
    "mean": "đêm nay, "
  },
  {
    "id": "106994",
    "group": "3",
    "word": "財布",
    "phonetic": "さいふ",
    "mean": "bao tượng, "
  },
  {
    "id": "42879",
    "group": "3",
    "word": "魚",
    "phonetic": "さかな",
    "mean": "cá, "
  },
  {
    "id": "145244",
    "group": "3",
    "word": "先",
    "phonetic": "さき",
    "mean": "đầu mút,  điểm đầu, "
  },
  {
    "id": "80326",
    "group": "1",
    "word": "咲く",
    "phonetic": "さく",
    "mean": "nở, "
  },
  {
    "id": "144372",
    "group": "3",
    "word": "作文",
    "phonetic": "さくぶん",
    "mean": "sự đặt câu, "
  },
  {
    "id": "55196",
    "group": "1",
    "word": "差す",
    "phonetic": "さす",
    "mean": "giương (ô),  giơ (tay) ., "
  },
  {
    "id": "110631",
    "group": "3",
    "word": "雑誌",
    "phonetic": "ざっし",
    "mean": "tạp chí, "
  },
  {
    "id": "173326",
    "group": "3",
    "word": "砂糖",
    "phonetic": "さとう",
    "mean": "đường, "
  },
  {
    "id": "54346",
    "group": "2",
    "word": "寒い",
    "phonetic": "さむい",
    "mean": "cóng, "
  },
  {
    "id": "141817",
    "group": "6",
    "word": "三",
    "phonetic": "さん",
    "mean": "ba, "
  },
  {
    "id": "101021",
    "group": "1",
    "word": "散歩",
    "phonetic": "さんぽする",
    "mean": "sự tản bộ,  sự đi dạo, "
  },
  {
    "id": "80732",
    "group": "6",
    "word": "四",
    "phonetic": "し/よん",
    "mean": "bốn, "
  },
  {
    "id": "52258",
    "group": "3",
    "word": "塩",
    "phonetic": "しお",
    "mean": "muối, "
  },
  {
    "id": "185391",
    "group": "3",
    "word": "時間",
    "phonetic": "じかん",
    "mean": "giờ, "
  },
  {
    "id": "143657",
    "group": "3",
    "word": "仕事",
    "phonetic": "しごと",
    "mean": "công việc,  việc làm ., "
  },
  {
    "id": "108122",
    "group": "3",
    "word": "辞書",
    "phonetic": "じしょ",
    "mean": "từ điển, "
  },
  {
    "id": "41810",
    "group": "2",
    "word": "静か",
    "phonetic": "しずか",
    "mean": "yên tĩnh,  thanh bình ., "
  },
  {
    "id": "141940",
    "group": "3",
    "word": "下",
    "phonetic": "した",
    "mean": "dưới,  phía dưới, "
  },
  {
    "id": "141759",
    "group": "6",
    "word": "七",
    "phonetic": "しち/なな",
    "mean": "bảy, "
  },
  {
    "id": "107364",
    "group": "3",
    "word": "質問",
    "phonetic": "しつもん",
    "mean": "câu hỏi, "
  },
  {
    "id": "31090",
    "group": "3",
    "word": "自転車",
    "phonetic": "じてんしゃ",
    "mean": "xe đạp ., "
  },
  {
    "id": "30965",
    "group": "3",
    "word": "自動車",
    "phonetic": "じどうしゃ",
    "mean": "mô tô, "
  },
  {
    "id": "187319",
    "group": "1",
    "word": "死ぬ",
    "phonetic": "しぬ",
    "mean": "chết, "
  },
  {
    "id": "30942",
    "group": "3",
    "word": "自分",
    "phonetic": "じぶん",
    "mean": "bản thân mình,  tự mình ., "
  },
  {
    "id": "110079",
    "group": "1",
    "word": "閉まる",
    "phonetic": "しまる",
    "mean": "đóng,  bị đóng chặt, "
  },
  {
    "id": "110080",
    "group": "1",
    "word": "閉める",
    "phonetic": "しめる",
    "mean": "đóng, "
  },
  {
    "id": "29849",
    "group": "1",
    "word": "締める",
    "phonetic": "しめる",
    "mean": "buộc, "
  },
  {
    "id": "77339",
    "group": "3",
    "word": "写真",
    "phonetic": "しゃしん",
    "mean": "ảnh, "
  },
  {
    "id": "78650",
    "group": "6",
    "word": "十",
    "phonetic": "じゅう /とお",
    "mean": "chục, "
  },
  {
    "id": "100220",
    "group": "3",
    "word": "授業",
    "phonetic": "じゅぎょう",
    "mean": "buổi học, "
  },
  {
    "id": "54266",
    "group": "3",
    "word": "宿題",
    "phonetic": "しゅくだい",
    "mean": "bài tập về nhà ., "
  },
  {
    "id": "141895",
    "group": "2",
    "word": "上手",
    "phonetic": "じょうず",
    "mean": "lời tâng bốc,  lời nịnh nọt, "
  },
  {
    "id": "141814",
    "group": "2",
    "word": "丈夫",
    "phonetic": "じょうぶ",
    "mean": "sự bền,  sự vững chắc, "
  },
  {
    "id": "42413",
    "group": "3",
    "word": "食堂",
    "phonetic": "しょくどう",
    "mean": "buồng ăn, "
  },
  {
    "id": "173218",
    "group": "1",
    "word": "知る",
    "phonetic": "しる",
    "mean": "biết, "
  },
  {
    "id": "172540",
    "group": "3",
    "word": "白",
    "phonetic": "しろ",
    "mean": "bên trắng, "
  },
  {
    "id": "172541",
    "group": "2",
    "word": "白い",
    "phonetic": "しろい",
    "mean": "màu trắng, "
  },
  {
    "id": "101275",
    "group": "3",
    "word": "新聞",
    "phonetic": "しんぶん",
    "mean": "báo,  tờ báo, "
  },
  {
    "id": "187722",
    "group": "3",
    "word": "水曜日",
    "phonetic": "すいようび",
    "mean": "ngày thứ tư, "
  },
  {
    "id": "80160",
    "group": "1",
    "word": "吸う",
    "phonetic": "すう",
    "mean": "bú, "
  },
  {
    "id": "53362",
    "group": "2",
    "word": "好き",
    "phonetic": "すき",
    "mean": "sự thích,  yêu, "
  },
  {
    "id": "54747",
    "group": "4",
    "word": "少ない",
    "phonetic": "すくない",
    "mean": "ít,  hiếm, "
  },
  {
    "id": "54737",
    "group": "4",
    "word": "少し",
    "phonetic": "すこし",
    "mean": "chút đỉnh, "
  },
  {
    "id": "188610",
    "group": "2",
    "word": "涼しい",
    "phonetic": "すずしい",
    "mean": "bình tĩnh, "
  },
  {
    "id": "144233",
    "group": "1",
    "word": "住む",
    "phonetic": "すむ",
    "mean": "có thể giải quyết,  có thể đối phó được, "
  },
  {
    "id": "55838",
    "group": "1",
    "word": "座る",
    "phonetic": "すわる",
    "mean": "ngồi, "
  },
  {
    "id": "30573",
    "group": "3",
    "word": "背",
    "phonetic": "せ",
    "mean": "lưng ., "
  },
  {
    "id": "171812",
    "group": "3",
    "word": "生徒",
    "phonetic": "せいと",
    "mean": "học sinh, "
  },
  {
    "id": "30589",
    "group": "3",
    "word": "背広",
    "phonetic": "せびろ",
    "mean": "bộ com lê ., "
  },
  {
    "id": "171387",
    "group": "2",
    "word": "狭い",
    "phonetic": "せまい",
    "mean": "bé, "
  },
  {
    "id": "78676",
    "group": "6",
    "word": "千",
    "phonetic": "せん",
    "mean": "một nghìn, "
  },
  {
    "id": "145260",
    "group": "3",
    "word": "先月",
    "phonetic": "せんげつ",
    "mean": "tháng trước, "
  },
  {
    "id": "145283",
    "group": "3",
    "word": "先週",
    "phonetic": "せんしゅう",
    "mean": "tuần lễ trước, "
  },
  {
    "id": "145271",
    "group": "3",
    "word": "先生",
    "phonetic": "せんせい",
    "mean": "giáo viên,  giảng viên, "
  },
  {
    "id": "188232",
    "group": "3",
    "word": "洗濯",
    "phonetic": "せんたく",
    "mean": "sự giặt giũ,  quần áo được giặt giũ ., "
  },
  {
    "id": "145593",
    "group": "4",
    "word": "全部",
    "phonetic": "ぜんぶ",
    "mean": "cả thảy, "
  },
  {
    "id": "100208",
    "group": "1",
    "word": "掃除",
    "phonetic": "そうじする",
    "mean": "sự quét tước,  sự dọn dẹp, "
  },
  {
    "id": "52491",
    "group": "3",
    "word": "外",
    "phonetic": "そと",
    "mean": "bên ngoài,  phía ngoài, "
  },
  {
    "id": "174000",
    "group": "3",
    "word": "空",
    "phonetic": "そら",
    "mean": "sự rỗng không,  trống rỗng, "
  },
  {
    "id": "52738",
    "group": "3",
    "word": "大学",
    "phonetic": "だいがく",
    "mean": "đại học, "
  },
  {
    "id": "52696",
    "group": "3",
    "word": "大使館",
    "phonetic": "たいしかん",
    "mean": "đại sứ quán, "
  },
  {
    "id": "52681",
    "group": "4",
    "word": "大丈夫",
    "phonetic": "だいじょうぶ",
    "mean": "an toàn,  chắc chắn, "
  },
  {
    "id": "52735",
    "group": "2",
    "word": "大好き",
    "phonetic": "だいすき",
    "mean": "rất thích, "
  },
  {
    "id": "52705",
    "group": "2",
    "word": "大切",
    "phonetic": "たいせつ",
    "mean": "quan trọng, "
  },
  {
    "id": "79743",
    "group": "3",
    "word": "台所",
    "phonetic": "だいどころ",
    "mean": "bếp, "
  },
  {
    "id": "42725",
    "group": "2",
    "word": "高い",
    "phonetic": "たかい",
    "mean": "cao,  đắt, "
  },
  {
    "id": "77522",
    "group": "1",
    "word": "出す",
    "phonetic": "だす",
    "mean": "gửi đi,  cho ra khỏi, "
  },
  {
    "id": "174159",
    "group": "1",
    "word": "立つ",
    "phonetic": "たつ",
    "mean": "đứng, "
  },
  {
    "id": "55950",
    "group": "3",
    "word": "建物",
    "phonetic": "たてもの",
    "mean": "tòa nhà,  ngôi nhà, "
  },
  {
    "id": "186783",
    "group": "2",
    "word": "楽しい",
    "phonetic": "たのしい",
    "mean": "dí dỏm, "
  },
  {
    "id": "42148",
    "group": "1",
    "word": "頼む",
    "phonetic": "たのむ",
    "mean": "cậy, "
  },
  {
    "id": "52590",
    "group": "4",
    "word": "多分",
    "phonetic": "たぶん",
    "mean": "đa phần,  rất nhiều, "
  },
  {
    "id": "42391",
    "group": "3",
    "word": "食べ物",
    "phonetic": "たべもの",
    "mean": "đồ ăn, "
  },
  {
    "id": "42389",
    "group": "1",
    "word": "食べる",
    "phonetic": "たべる",
    "mean": "ăn ., "
  },
  {
    "id": "79018",
    "group": "3",
    "word": "卵",
    "phonetic": "たまご",
    "mean": "trứng,  quả trứng, "
  },
  {
    "id": "33371",
    "group": "4",
    "word": "誰",
    "phonetic": "だれ",
    "mean": "hậu tố tính từ cho một người, "
  },
  {
    "id": "33371",
    "group": "3",
    "word": "誰",
    "phonetic": "だれか",
    "mean": "hậu tố tính từ cho một người, "
  },
  {
    "id": "33281",
    "group": "3",
    "word": "誕生日",
    "phonetic": "たんじょうび",
    "mean": "ngày sinh, "
  },
  {
    "id": "54629",
    "group": "4",
    "word": "小さい",
    "phonetic": "ちいさい",
    "mean": "bé, "
  },
  {
    "id": "222272",
    "group": "4",
    "word": "小さな",
    "phonetic": "ちいさな",
    "mean": "small,  little,  tiny, "
  },
  {
    "id": "108223",
    "group": "2",
    "word": "近い",
    "phonetic": "ちかい",
    "mean": "cận, "
  },
  {
    "id": "108983",
    "group": "1",
    "word": "違う",
    "phonetic": "ちがう",
    "mean": "khác,  khác nhau, "
  },
  {
    "id": "108224",
    "group": "4",
    "word": "近く",
    "phonetic": "ちかく",
    "mean": "cận, "
  },
  {
    "id": "51974",
    "group": "3",
    "word": "地下鉄",
    "phonetic": "ちかてつ",
    "mean": "tàu điện ngầm, "
  },
  {
    "id": "51988",
    "group": "3",
    "word": "地図",
    "phonetic": "ちず",
    "mean": "bản đồ, "
  },
  {
    "id": "31553",
    "group": "2",
    "word": "茶色",
    "phonetic": "ちゃいろ",
    "mean": "màu nâu nhạt, "
  },
  {
    "id": "141628",
    "group": "6",
    "word": "一日",
    "phonetic": "ついたち",
    "mean": "một ngày, "
  },
  {
    "id": "144429",
    "group": "1",
    "word": "使う",
    "phonetic": "つかう",
    "mean": "dụng, "
  },
  {
    "id": "172207",
    "group": "1",
    "word": "疲れる",
    "phonetic": "つかれる",
    "mean": "cũ rồi, "
  },
  {
    "id": "187034",
    "group": "4",
    "word": "次",
    "phonetic": "つぎ",
    "mean": "lần sau,  sau đây, "
  },
  {
    "id": "173132",
    "group": "1",
    "word": "着く",
    "phonetic": "つく",
    "mean": "cặp, "
  },
  {
    "id": "186125",
    "group": "3",
    "word": "机",
    "phonetic": "つくえ",
    "mean": "bàn, "
  },
  {
    "id": "144366",
    "group": "1",
    "word": "作る",
    "phonetic": "つくる",
    "mean": "chế biến, "
  },
  {
    "id": "78460",
    "group": "1",
    "word": "勤める",
    "phonetic": "つとめる",
    "mean": "làm việc,  đảm nhiệm, "
  },
  {
    "id": "77373",
    "group": "2",
    "word": "冷たい",
    "phonetic": "つめたい",
    "mean": "lành lạnh, "
  },
  {
    "id": "97613",
    "group": "2",
    "word": "強い",
    "phonetic": "つよい",
    "mean": "đanh, "
  },
  {
    "id": "99335",
    "group": "3",
    "word": "手",
    "phonetic": "て",
    "mean": "bàn tay, "
  },
  {
    "id": "77520",
    "group": "1",
    "word": "出かける",
    "phonetic": "でかける",
    "mean": "đăng trình, "
  },
  {
    "id": "99491",
    "group": "3",
    "word": "手紙",
    "phonetic": "てがみ",
    "mean": "bức thơ, "
  },
  {
    "id": "77549",
    "group": "1",
    "word": "出口",
    "phonetic": "でぐち",
    "mean": "cổng ra, "
  },
  {
    "id": "77526",
    "group": "1",
    "word": "出る",
    "phonetic": "でる",
    "mean": "đi ra, "
  },
  {
    "id": "52995",
    "group": "3",
    "word": "天気",
    "phonetic": "てんき",
    "mean": "thời tiết, "
  },
  {
    "id": "110864",
    "group": "3",
    "word": "電気",
    "phonetic": "でんき",
    "mean": "điện khí, "
  },
  {
    "id": "110974",
    "group": "3",
    "word": "電車",
    "phonetic": "でんしゃ",
    "mean": "tàu điện, "
  },
  {
    "id": "110956",
    "group": "3",
    "word": "電話",
    "phonetic": "でんわ",
    "mean": "điện thoại, "
  },
  {
    "id": "99277",
    "group": "3",
    "word": "戸",
    "phonetic": "と",
    "mean": "cánh cửa, "
  },
  {
    "id": "78411",
    "group": "3",
    "word": "動物",
    "phonetic": "どうぶつ",
    "mean": "động vật, "
  },
  {
    "id": "108993",
    "group": "2",
    "word": "遠い",
    "phonetic": "とおい",
    "mean": "hẻo, "
  },
  {
    "id": "78668",
    "group": "6",
    "word": "十日",
    "phonetic": "とおか",
    "mean": "mười ngày, "
  },
  {
    "id": "185351",
    "group": "4",
    "word": "時々",
    "phonetic": "ときどき",
    "mean": "có lúc,  thỉnh thoảng, "
  },
  {
    "id": "185380",
    "group": "3",
    "word": "時計",
    "phonetic": "とけい",
    "mean": "đồng hồ, "
  },
  {
    "id": "99296",
    "group": "3",
    "word": "所",
    "phonetic": "ところ",
    "mean": "nơi,  chỗ, "
  },
  {
    "id": "55521",
    "group": "3",
    "word": "年",
    "phonetic": "とし",
    "mean": "năm,  năm tháng, "
  },
  {
    "id": "80861",
    "group": "3",
    "word": "図書館",
    "phonetic": "としょかん",
    "mean": "thư quán, "
  },
  {
    "id": "110529",
    "group": "3",
    "word": "隣",
    "phonetic": "となり",
    "mean": "bên cạnh, "
  },
  {
    "id": "42337",
    "group": "1",
    "word": "飛ぶ",
    "phonetic": "とぶ",
    "mean": "bay nhảy, "
  },
  {
    "id": "187140",
    "group": "1",
    "word": "止まる",
    "phonetic": "とまる",
    "mean": "dừng lại, "
  },
  {
    "id": "79249",
    "group": "3",
    "word": "友達",
    "phonetic": "ともだち",
    "mean": "bạn, "
  },
  {
    "id": "81123",
    "group": "3",
    "word": "土曜日",
    "phonetic": "どようび",
    "mean": "bảy, "
  },
  {
    "id": "42947",
    "group": "3",
    "word": "鳥",
    "phonetic": "とり",
    "mean": "chim chóc, "
  },
  {
    "id": "79459",
    "group": "1",
    "word": "取る",
    "phonetic": "とる",
    "mean": "bắt giữ, "
  },
  {
    "id": "100646",
    "group": "1",
    "word": "撮る",
    "phonetic": "とる",
    "mean": "chụp (ảnh),  làm (phim) ., "
  },
  {
    "id": "142371",
    "group": "3",
    "word": "中",
    "phonetic": "なか",
    "mean": "bên trong, "
  },
  {
    "id": "109935",
    "group": "2",
    "word": "長い",
    "phonetic": "ながい",
    "mean": "bao lâu, "
  },
  {
    "id": "42983",
    "group": "1",
    "word": "鳴く",
    "phonetic": "なく",
    "mean": "kêu,  hót, "
  },
  {
    "id": "170563",
    "group": "1",
    "word": "無くす",
    "phonetic": "なくす",
    "mean": "mất, "
  },
  {
    "id": "52465",
    "group": "3",
    "word": "夏",
    "phonetic": "なつ",
    "mean": "hạ, "
  },
  {
    "id": "52467",
    "group": "3",
    "word": "夏休み",
    "phonetic": "なつやすみ",
    "mean": "nghỉ hè ., "
  },
  {
    "id": "141761",
    "group": "6",
    "word": "七つ",
    "phonetic": "ななつ",
    "mean": "bảy cái, "
  },
  {
    "id": "141767",
    "group": "6",
    "word": "七日",
    "phonetic": "なのか",
    "mean": "7 ngày, "
  },
  {
    "id": "80033",
    "group": "3",
    "word": "名前",
    "phonetic": "なまえ",
    "mean": "danh, "
  },
  {
    "id": "30202",
    "group": "1",
    "word": "習う",
    "phonetic": "ならう",
    "mean": "học tập,  luyện tập, "
  },
  {
    "id": "142340",
    "group": "1",
    "word": "並ぶ",
    "phonetic": "ならぶ",
    "mean": "được xếp,  được bài trí, "
  },
  {
    "id": "142342",
    "group": "1",
    "word": "並べる",
    "phonetic": "ならべる",
    "mean": "bầy, "
  },
  {
    "id": "99162",
    "group": "1",
    "word": "成る",
    "phonetic": "なる",
    "mean": "thành, "
  },
  {
    "id": "144283",
    "group": "4",
    "word": "何",
    "phonetic": "なん/なに",
    "mean": "cái gì, "
  },
  {
    "id": "142922",
    "group": "6",
    "word": "二",
    "phonetic": "に",
    "mean": "hai,  số hai ., "
  },
  {
    "id": "107303",
    "group": "2",
    "word": "賑やか",
    "phonetic": "にぎやか",
    "mean": "sôi nổi,  náo nhiệt, "
  },
  {
    "id": "30407",
    "group": "3",
    "word": "肉",
    "phonetic": "にく",
    "mean": "thịt, "
  },
  {
    "id": "32486",
    "group": "3",
    "word": "西",
    "phonetic": "にし",
    "mean": "hướng tây,  phía tây, "
  },
  {
    "id": "184998",
    "group": "3",
    "word": "日曜日",
    "phonetic": "にちようび",
    "mean": "Chủ Nhật,  ngày Chủ Nhật, "
  },
  {
    "id": "31634",
    "group": "3",
    "word": "荷物",
    "phonetic": "にもつ",
    "mean": "hành lý ., "
  },
  {
    "id": "55862",
    "group": "3",
    "word": "庭",
    "phonetic": "にわ",
    "mean": "vườn, "
  },
  {
    "id": "30702",
    "group": "1",
    "word": "脱ぐ",
    "phonetic": "ぬぐ",
    "mean": "cởi (quần áo,  giày),  bỏ (mũ), "
  },
  {
    "id": "188832",
    "group": "2",
    "word": "温い",
    "phonetic": "ぬるい",
    "mean": "nguội,  âm ấm, "
  },
  {
    "id": "171420",
    "group": "3",
    "word": "猫",
    "phonetic": "ねこ",
    "mean": "mèo, "
  },
  {
    "id": "54382",
    "group": "1",
    "word": "寝る",
    "phonetic": "ねる",
    "mean": "đặt lưng, "
  },
  {
    "id": "172501",
    "group": "1",
    "word": "登る",
    "phonetic": "のぼる",
    "mean": "được đưa ra,  được đặt ra (trong chương trình), "
  },
  {
    "id": "42447",
    "group": "3",
    "word": "飲み物",
    "phonetic": "のみもの",
    "mean": "đồ uống,  thức uống, "
  },
  {
    "id": "42450",
    "group": "1",
    "word": "飲む",
    "phonetic": "のむ",
    "mean": "húp, "
  },
  {
    "id": "142699",
    "group": "1",
    "word": "乗る",
    "phonetic": "のる",
    "mean": "cưỡi, "
  },
  {
    "id": "187273",
    "group": "3",
    "word": "歯",
    "phonetic": "は",
    "mean": "răng, "
  },
  {
    "id": "170453",
    "group": "3",
    "word": "灰皿",
    "phonetic": "はいざら",
    "mean": "gạt tàn ., "
  },
  {
    "id": "145398",
    "group": "1",
    "word": "入る",
    "phonetic": "はいる",
    "mean": "đi vào,  vào, "
  },
  {
    "id": "31734",
    "group": "3",
    "word": "葉書",
    "phonetic": "はがき",
    "mean": "bưu thiếp ., "
  },
  {
    "id": "54906",
    "group": "1",
    "word": "履く",
    "phonetic": "はく",
    "mean": "đi (giày,  tất),  xỏ (giầy,  tất), "
  },
  {
    "id": "174417",
    "group": "3",
    "word": "箱",
    "phonetic": "はこ",
    "mean": "hòm, "
  },
  {
    "id": "186946",
    "group": "3",
    "word": "橋",
    "phonetic": "はし",
    "mean": "cầu, "
  },
  {
    "id": "53480",
    "group": "1",
    "word": "始まる",
    "phonetic": "はじまる",
    "mean": "bắt đầu,  khởi đầu, "
  },
  {
    "id": "77858",
    "group": "4",
    "word": "初めて",
    "phonetic": "はじめて",
    "mean": "lần đầu tiên, "
  },
  {
    "id": "107519",
    "group": "1",
    "word": "走る",
    "phonetic": "はしる",
    "mean": "chạy, "
  },
  {
    "id": "142973",
    "group": "6",
    "word": "二十歳",
    "phonetic": "はたち",
    "mean": "đôi mươi, "
  },
  {
    "id": "145110",
    "group": "1",
    "word": "働く",
    "phonetic": "はたらく",
    "mean": "làm, "
  },
  {
    "id": "145603",
    "group": "6",
    "word": "八",
    "phonetic": "はち",
    "mean": "bát, "
  },
  {
    "id": "142971",
    "group": "6",
    "word": "二十日",
    "phonetic": "はつか",
    "mean": "ngày hai mươi,  hai mươi ngày ., "
  },
  {
    "id": "31361",
    "group": "3",
    "word": "花",
    "phonetic": "はな",
    "mean": "bông hoa, "
  },
  {
    "id": "43199",
    "group": "3",
    "word": "鼻",
    "phonetic": "はな",
    "mean": "mũi ., "
  },
  {
    "id": "33199",
    "group": "3",
    "word": "話",
    "phonetic": "はなし",
    "mean": "câu chuyện,  sự nói chuyện, "
  },
  {
    "id": "33211",
    "group": "1",
    "word": "話す",
    "phonetic": "はなす",
    "mean": "bàn tán, "
  },
  {
    "id": "185154",
    "group": "2",
    "word": "早い",
    "phonetic": "はやい",
    "mean": "mau, "
  },
  {
    "id": "108687",
    "group": "2",
    "word": "速い",
    "phonetic": "はやい",
    "mean": "chóng, "
  },
  {
    "id": "185291",
    "group": "3",
    "word": "春",
    "phonetic": "はる",
    "mean": "mùa xuân, "
  },
  {
    "id": "107203",
    "group": "1",
    "word": "貼る",
    "phonetic": "はる",
    "mean": "dán,  gắn cho, "
  },
  {
    "id": "185460",
    "group": "3",
    "word": "晴れ",
    "phonetic": "はれ",
    "mean": "trời nắng, "
  },
  {
    "id": "185461",
    "group": "1",
    "word": "晴れる",
    "phonetic": "はれる",
    "mean": "nắng, "
  },
  {
    "id": "78696",
    "group": "3",
    "word": "半",
    "phonetic": "はん",
    "mean": "bán, "
  },
  {
    "id": "185407",
    "group": "3",
    "word": "晩",
    "phonetic": "ばん",
    "mean": "buổi tối, "
  },
  {
    "id": "172140",
    "group": "3",
    "word": "番号",
    "phonetic": "ばんごう",
    "mean": "số hiệu, "
  },
  {
    "id": "1765",
    "group": "3",
    "word": "晩ご飯",
    "phonetic": "ばんごはん",
    "mean": "bữa cơm (trưa,  chiều),  tiệc,  tiệc chiêu đãi, "
  },
  {
    "id": "78708",
    "group": "3",
    "word": "半分",
    "phonetic": "はんぶん",
    "mean": "một nửa, "
  },
  {
    "id": "186195",
    "group": "3",
    "word": "東",
    "phonetic": "ひがし",
    "mean": "đông, "
  },
  {
    "id": "56090",
    "group": "1",
    "word": "引く",
    "phonetic": "ひく",
    "mean": "chăng, "
  },
  {
    "id": "97682",
    "group": "1",
    "word": "弾く",
    "phonetic": "ひく",
    "mean": "búng, "
  },
  {
    "id": "144175",
    "group": "2",
    "word": "低い",
    "phonetic": "ひくい",
    "mean": "lè tè, "
  },
  {
    "id": "42354",
    "group": "3",
    "word": "飛行機",
    "phonetic": "ひこうき",
    "mean": "máy bay, "
  },
  {
    "id": "55126",
    "group": "3",
    "word": "左",
    "phonetic": "ひだり",
    "mean": "bên trái, "
  },
  {
    "id": "143324",
    "group": "3",
    "word": "人",
    "phonetic": "ひと",
    "mean": "người, "
  },
  {
    "id": "141524",
    "group": "6",
    "word": "一つ",
    "phonetic": "ひとつ",
    "mean": "một, "
  },
  {
    "id": "141647",
    "group": "6",
    "word": "一月",
    "phonetic": "ひとつき",
    "mean": "tháng giêng, "
  },
  {
    "id": "141539",
    "group": "3",
    "word": "一人",
    "phonetic": "ひとり",
    "mean": "một người, "
  },
  {
    "id": "14433",
    "group": "3",
    "word": "暇",
    "phonetic": "ひま",
    "mean": "thời gian rảnh rỗi,  thì giờ nhàn hạ, "
  },
  {
    "id": "172603",
    "group": "6",
    "word": "百",
    "phonetic": "ひゃく",
    "mean": "một trăm, "
  },
  {
    "id": "172277",
    "group": "3",
    "word": "病院",
    "phonetic": "びょういん",
    "mean": "bệnh viện, "
  },
  {
    "id": "172249",
    "group": "3",
    "word": "病気",
    "phonetic": "びょうき",
    "mean": "bệnh tật,  bệnh, "
  },
  {
    "id": "185329",
    "group": "3",
    "word": "昼",
    "phonetic": "ひる",
    "mean": "ban trưa, "
  },
  {
    "id": "3144",
    "group": "3",
    "word": "昼ご飯",
    "phonetic": "ひるごはん",
    "mean": "bữa ăn trưa,  bữa ăn nhẹ trước cơm trưa,  dọn bữa ăn trưa cho,  dự bữa ăn trưa, "
  },
  {
    "id": "55742",
    "group": "2",
    "word": "広い",
    "phonetic": "ひろい",
    "mean": "rộng,  rộng rãi, "
  },
  {
    "id": "54554",
    "group": "3",
    "word": "封筒",
    "phonetic": "ふうとう",
    "mean": "bao thư, "
  },
  {
    "id": "80176",
    "group": "1",
    "word": "吹く",
    "phonetic": "ふく",
    "mean": "dậy mùi, "
  },
  {
    "id": "185815",
    "group": "3",
    "word": "服",
    "phonetic": "ふく",
    "mean": "quần áo,  bộ, "
  },
  {
    "id": "142924",
    "group": "6",
    "word": "二つ",
    "phonetic": "ふたつ",
    "mean": "hai, "
  },
  {
    "id": "106904",
    "group": "3",
    "word": "豚肉",
    "phonetic": "ぶたにく",
    "mean": "thịt heo, "
  },
  {
    "id": "142941",
    "group": "3",
    "word": "二人",
    "phonetic": "ふたり",
    "mean": "Hai người, "
  },
  {
    "id": "143006",
    "group": "6",
    "word": "二日",
    "phonetic": "ふつか",
    "mean": "ngày mùng hai ., "
  },
  {
    "id": "53118",
    "group": "2",
    "word": "太い",
    "phonetic": "ふとい",
    "mean": "béo,  dày, "
  },
  {
    "id": "77353",
    "group": "3",
    "word": "冬",
    "phonetic": "ふゆ",
    "mean": "đông, "
  },
  {
    "id": "110300",
    "group": "1",
    "word": "降る",
    "phonetic": "ふる",
    "mean": "rơi (mưa),  đổ (mưa) ., "
  },
  {
    "id": "79670",
    "group": "2",
    "word": "古い",
    "phonetic": "ふるい",
    "mean": "cũ,  cổ, "
  },
  {
    "id": "42254",
    "group": "3",
    "word": "風呂",
    "phonetic": "ふろ",
    "mean": "bể tắm, "
  },
  {
    "id": "101157",
    "group": "3",
    "word": "文章",
    "phonetic": "ぶんしょう",
    "mean": "văn chương, "
  },
  {
    "id": "141970",
    "group": "2",
    "word": "下手",
    "phonetic": "へた",
    "mean": "phần phía dưới,  vị trí thấp kém, "
  },
  {
    "id": "109212",
    "group": "3",
    "word": "部屋",
    "phonetic": "へや",
    "mean": "buồng, "
  },
  {
    "id": "108200",
    "group": "3",
    "word": "辺",
    "phonetic": "へん",
    "mean": "cạnh (hình học), "
  },
  {
    "id": "78383",
    "group": "1",
    "word": "勉強",
    "phonetic": "べんきょうする",
    "mean": "việc học hành,  sự học hành, "
  },
  {
    "id": "144531",
    "group": "2",
    "word": "便利",
    "phonetic": "べんり",
    "mean": "thuận tiện,  tiện lợi, "
  },
  {
    "id": "55400",
    "group": "3",
    "word": "帽子",
    "phonetic": "ぼうし",
    "mean": "mũ,  nón, "
  },
  {
    "id": "52491",
    "group": "3",
    "word": "外",
    "phonetic": "ほか",
    "mean": "bên ngoài,  phía ngoài, "
  },
  {
    "id": "187097",
    "group": "2",
    "word": "欲しい",
    "phonetic": "ほしい",
    "mean": "muốn,  mong muốn, "
  },
  {
    "id": "29364",
    "group": "2",
    "word": "細い",
    "phonetic": "ほそい",
    "mean": "thon dài,  mảnh mai ., "
  },
  {
    "id": "186042",
    "group": "3",
    "word": "本",
    "phonetic": "ほん",
    "mean": "cái,  chiếc, "
  },
  {
    "id": "186091",
    "group": "3",
    "word": "本棚",
    "phonetic": "ほんだな",
    "mean": "giá sách,  kệ sách, "
  },
  {
    "id": "187473",
    "group": "4",
    "word": "毎朝",
    "phonetic": "まいあさ",
    "mean": "hàng sáng,  mỗi sáng ., "
  },
  {
    "id": "187471",
    "group": "4",
    "word": "毎月",
    "phonetic": "まいげつ/まいつき",
    "mean": "hàng tháng,  mỗi tháng, "
  },
  {
    "id": "187474",
    "group": "4",
    "word": "毎週",
    "phonetic": "まいしゅう",
    "mean": "hàng tuần, "
  },
  {
    "id": "187468",
    "group": "4",
    "word": "毎日",
    "phonetic": "まいにち",
    "mean": "hàng ngày, "
  },
  {
    "id": "187465",
    "group": "4",
    "word": "毎年",
    "phonetic": "まいねん/まいとし",
    "mean": "hàng năm,  mỗi năm, "
  },
  {
    "id": "187470",
    "group": "4",
    "word": "毎晩",
    "phonetic": "まいばん",
    "mean": "đêm đêm, "
  },
  {
    "id": "78053",
    "group": "3",
    "word": "前",
    "phonetic": "まえ",
    "mean": "tiền,  trước, "
  },
  {
    "id": "172057",
    "group": "3",
    "word": "町",
    "phonetic": "まち",
    "mean": "thị trấn,  con phố ., "
  },
  {
    "id": "97857",
    "group": "1",
    "word": "待つ",
    "phonetic": "まつ",
    "mean": "chờ, "
  },
  {
    "id": "174121",
    "group": "3",
    "word": "窓",
    "phonetic": "まど",
    "mean": "cửa sổ, "
  },
  {
    "id": "141773",
    "group": "6",
    "word": "万",
    "phonetic": "まん",
    "mean": "nhiều,  tất cả, "
  },
  {
    "id": "141795",
    "group": "3",
    "word": "万年筆",
    "phonetic": "まんねんひつ",
    "mean": "bút máy, "
  },
  {
    "id": "173491",
    "group": "1",
    "word": "磨く",
    "phonetic": "みがく",
    "mean": "đánh bóng,  làm sáng bóng, "
  },
  {
    "id": "79762",
    "group": "3",
    "word": "右",
    "phonetic": "みぎ",
    "mean": "bên phải,  phía bên phải, "
  },
  {
    "id": "173240",
    "group": "2",
    "word": "短い",
    "phonetic": "みじかい",
    "mean": "cụt, "
  },
  {
    "id": "187681",
    "group": "3",
    "word": "水",
    "phonetic": "みず",
    "mean": "nước, "
  },
  {
    "id": "55809",
    "group": "3",
    "word": "店",
    "phonetic": "みせ",
    "mean": "cửa hàng,  cửa hiệu, "
  },
  {
    "id": "32566",
    "group": "1",
    "word": "見せる",
    "phonetic": "みせる",
    "mean": "cho xem,  cho thấy, "
  },
  {
    "id": "108946",
    "group": "3",
    "word": "道",
    "phonetic": "みち",
    "mean": "con đường,  con phố, "
  },
  {
    "id": "141827",
    "group": "6",
    "word": "三日",
    "phonetic": "みっか",
    "mean": "ba ngày,  ngày mùng ba, "
  },
  {
    "id": "141819",
    "group": "6",
    "word": "三つ",
    "phonetic": "みっつ",
    "mean": "ba, "
  },
  {
    "id": "29829",
    "group": "2",
    "word": "緑",
    "phonetic": "みどり",
    "mean": "màu xanh lá cây, "
  },
  {
    "id": "172642",
    "group": "3",
    "word": "皆さん",
    "phonetic": "みなさん",
    "mean": "các anh, "
  },
  {
    "id": "78814",
    "group": "3",
    "word": "南",
    "phonetic": "みなみ",
    "mean": "nam, "
  },
  {
    "id": "30306",
    "group": "3",
    "word": "耳",
    "phonetic": "みみ",
    "mean": "cái tai, "
  },
  {
    "id": "32578",
    "group": "1",
    "word": "見る",
    "phonetic": "みる",
    "mean": "coi, "
  },
  {
    "id": "172640",
    "group": "3",
    "word": "皆",
    "phonetic": "みんな",
    "mean": "hết thảy, "
  },
  {
    "id": "76940",
    "group": "6",
    "word": "六日",
    "phonetic": "むいか",
    "mean": "ngày thứ sáu, "
  },
  {
    "id": "80109",
    "group": "4",
    "word": "向こう",
    "phonetic": "むこう",
    "mean": "phía bên kia,  mặt bên kia, "
  },
  {
    "id": "110669",
    "group": "2",
    "word": "難しい",
    "phonetic": "むずかしい",
    "mean": "khó,  khó khăn, "
  },
  {
    "id": "76939",
    "group": "6",
    "word": "六つ",
    "phonetic": "むっつ",
    "mean": "sáu, "
  },
  {
    "id": "186140",
    "group": "3",
    "word": "村",
    "phonetic": "むら",
    "mean": "làng, "
  },
  {
    "id": "172769",
    "group": "3",
    "word": "目",
    "phonetic": "め",
    "mean": "con mắt, "
  },
  {
    "id": "173126",
    "group": "3",
    "word": "眼鏡",
    "phonetic": "めがね",
    "mean": "kính (đeo mắt), "
  },
  {
    "id": "130294",
    "group": "4",
    "word": "もう一度",
    "phonetic": "もういちど",
    "mean": "lại,  lần nữa, "
  },
  {
    "id": "185955",
    "group": "3",
    "word": "木曜日",
    "phonetic": "もくようび",
    "mean": "ngày thứ năm, "
  },
  {
    "id": "100014",
    "group": "1",
    "word": "持つ",
    "phonetic": "もつ",
    "mean": "cầm,  nắm, "
  },
  {
    "id": "171073",
    "group": "3",
    "word": "物",
    "phonetic": "もの",
    "mean": "đồ vật, "
  },
  {
    "id": "110061",
    "group": "3",
    "word": "門",
    "phonetic": "もん",
    "mean": "cổng, "
  },
  {
    "id": "80572",
    "group": "3",
    "word": "問題",
    "phonetic": "もんだい",
    "mean": "vấn đề ., "
  },
  {
    "id": "145614",
    "group": "3",
    "word": "八百屋",
    "phonetic": "やおや",
    "mean": "hàng rau, "
  },
  {
    "id": "109467",
    "group": "3",
    "word": "野菜",
    "phonetic": "やさい",
    "mean": "rau, "
  },
  {
    "id": "185260",
    "group": "2",
    "word": "易しい",
    "phonetic": "やさしい",
    "mean": "dễ tánh, "
  },
  {
    "id": "53837",
    "group": "2",
    "word": "安い",
    "phonetic": "やすい",
    "mean": "điềm tĩnh,  yên tâm, "
  },
  {
    "id": "143964",
    "group": "3",
    "word": "休み",
    "phonetic": "やすみ",
    "mean": "nghỉ,  vắng mặt, "
  },
  {
    "id": "143967",
    "group": "1",
    "word": "休む",
    "phonetic": "やすむ",
    "mean": "nghỉ ngơi, "
  },
  {
    "id": "145605",
    "group": "6",
    "word": "八つ",
    "phonetic": "やっつ",
    "mean": "tám, "
  },
  {
    "id": "54915",
    "group": "3",
    "word": "山",
    "phonetic": "やま",
    "mean": "ngọn núi, "
  },
  {
    "id": "52478",
    "group": "3",
    "word": "夕方",
    "phonetic": "ゆうがた",
    "mean": "buổi hôm, "
  },
  {
    "id": "52489",
    "group": "3",
    "word": "夕飯",
    "phonetic": "ゆうはん",
    "mean": "bữa ăn tối, "
  },
  {
    "id": "109226",
    "group": "3",
    "word": "郵便局",
    "phonetic": "ゆうびんきょく",
    "mean": "bưu cục, "
  },
  {
    "id": "185316",
    "group": "3",
    "word": "昨夜",
    "phonetic": "ゆうべ",
    "mean": "đêm hôm qua, "
  },
  {
    "id": "185774",
    "group": "2",
    "word": "有名",
    "phonetic": "ゆうめい",
    "mean": "hữu danh, "
  },
  {
    "id": "110739",
    "group": "3",
    "word": "雪",
    "phonetic": "ゆき",
    "mean": "tuyết ., "
  },
  {
    "id": "32132",
    "group": "1",
    "word": "行く",
    "phonetic": "ゆく",
    "mean": "đi, "
  },
  {
    "id": "145611",
    "group": "6",
    "word": "八日",
    "phonetic": "ようか",
    "mean": "ngày tám,  mồng tám, "
  },
  {
    "id": "188210",
    "group": "3",
    "word": "洋服",
    "phonetic": "ようふく",
    "mean": "âu phục, "
  },
  {
    "id": "186916",
    "group": "3",
    "word": "横",
    "phonetic": "よこ",
    "mean": "bề ngang, "
  },
  {
    "id": "80745",
    "group": "6",
    "word": "四日",
    "phonetic": "よっか",
    "mean": "bốn ngày,  ngày mùng bốn, "
  },
  {
    "id": "80734",
    "group": "6",
    "word": "四つ",
    "phonetic": "よっつ",
    "mean": "bốn, "
  },
  {
    "id": "80253",
    "group": "1",
    "word": "呼ぶ",
    "phonetic": "よぶ",
    "mean": "gào, "
  },
  {
    "id": "33361",
    "group": "1",
    "word": "読む",
    "phonetic": "よむ",
    "mean": "đọc, "
  },
  {
    "id": "52624",
    "group": "3",
    "word": "夜",
    "phonetic": "よる",
    "mean": "ban tối, "
  },
  {
    "id": "97591",
    "group": "2",
    "word": "弱い",
    "phonetic": "よわい",
    "mean": "hèn yếu, "
  },
  {
    "id": "186184",
    "group": "3",
    "word": "来月",
    "phonetic": "らいげつ",
    "mean": "tháng sau, "
  },
  {
    "id": "186189",
    "group": "3",
    "word": "来週",
    "phonetic": "らいしゅう",
    "mean": "tuần lễ sau, "
  },
  {
    "id": "186182",
    "group": "3",
    "word": "来年",
    "phonetic": "らいねん",
    "mean": "năm sau, "
  },
  {
    "id": "172108",
    "group": "3",
    "word": "留学生",
    "phonetic": "りゅうがくせい",
    "mean": "du học sinh, "
  },
  {
    "id": "142328",
    "group": "3",
    "word": "両親",
    "phonetic": "りょうしん",
    "mean": "Cha mẹ,  bố mẹ, "
  },
  {
    "id": "101179",
    "group": "3",
    "word": "料理",
    "phonetic": "りょうり",
    "mean": "bữa ăn,  sự nấu ăn, "
  },
  {
    "id": "184875",
    "group": "3",
    "word": "旅行",
    "phonetic": "りょこう",
    "mean": "lữ hành, "
  },
  {
    "id": "110759",
    "group": "6",
    "word": "零",
    "phonetic": "れい",
    "mean": "số không ., "
  },
  {
    "id": "77413",
    "group": "3",
    "word": "冷蔵庫",
    "phonetic": "れいぞうこ",
    "mean": "kho ướp lạnh, "
  },
  {
    "id": "29894",
    "group": "1",
    "word": "練習",
    "phonetic": "れんしゅうする",
    "mean": "sự luyện tập, "
  },
  {
    "id": "55913",
    "group": "3",
    "word": "廊下",
    "phonetic": "ろうか",
    "mean": "gác, "
  },
  {
    "id": "76937",
    "group": "6",
    "word": "六",
    "phonetic": "ろく",
    "mean": "số sáu, "
  },
  {
    "id": "31463",
    "group": "2",
    "word": "若い",
    "phonetic": "わかい",
    "mean": "bé, "
  },
  {
    "id": "77709",
    "group": "1",
    "word": "分かる",
    "phonetic": "わかる",
    "mean": "hay tin, "
  },
  {
    "id": "98268",
    "group": "1",
    "word": "忘れる",
    "phonetic": "わすれる",
    "mean": "bỏ lại, "
  },
  {
    "id": "173721",
    "group": "3",
    "word": "私",
    "phonetic": "わたくし",
    "mean": "tôi, "
  },
  {
    "id": "173721",
    "group": "3",
    "word": "私",
    "phonetic": "わたし",
    "mean": "tôi, "
  },
  {
    "id": "188813",
    "group": "1",
    "word": "渡す",
    "phonetic": "わたす",
    "mean": "tới sự chuyển qua qua,  tới bàn tay qua, "
  },
  {
    "id": "188815",
    "group": "1",
    "word": "渡る",
    "phonetic": "わたる",
    "mean": "băng qua, "
  },
  {
    "id": "98644",
    "group": "2",
    "word": "悪い",
    "phonetic": "わるい",
    "mean": "còm, "
  },
  {
    "id": "",
    "mean": ""
  }
]