[
  {
    "id": "110157",
    "group": "3",
    "word": "間",
    "phonetic": "あいだ",
    "mean": "giữa, "
  },
  {
    "id": "79839",
    "group": "1",
    "word": "合う",
    "phonetic": "あう",
    "mean": "ăn khớp,  hợp, "
  },
  {
    "id": "141872",
    "group": "1",
    "word": "上る",
    "phonetic": "あがる",
    "mean": "đưa ra (hội nghị), "
  },
  {
    "id": "107441",
    "group": "3",
    "word": "赤ん坊",
    "phonetic": "あかんぼう",
    "mean": "em bé sơ sinh, "
  },
  {
    "id": "174012",
    "group": "1",
    "word": "空く",
    "phonetic": "あく",
    "mean": "để không,  không dùng, "
  },
  {
    "id": "188364",
    "group": "2",
    "word": "浅い",
    "phonetic": "あさい",
    "mean": "cạn, "
  },
  {
    "id": "80226",
    "group": "3",
    "word": "味",
    "phonetic": "あじ",
    "mean": "gia vị, "
  },
  {
    "id": "185227",
    "group": "3",
    "word": "明日",
    "phonetic": "あす",
    "mean": "bữa hôm sau, "
  },
  {
    "id": "108845",
    "group": "3",
    "word": "遊び",
    "phonetic": "あそび",
    "mean": "sự vui chơi,  sự nô đùa, "
  },
  {
    "id": "110565",
    "group": "1",
    "word": "集る",
    "phonetic": "あつまる",
    "mean": "trưng thu,  thu thập, "
  },
  {
    "id": "110563",
    "group": "1",
    "word": "集める",
    "phonetic": "あつめる",
    "mean": "chụm lại một chỗ,  tập trung lại một chỗ, "
  },
  {
    "id": "106795",
    "group": "1",
    "word": "謝る",
    "phonetic": "あやまる",
    "mean": "xin lỗi, "
  },
  {
    "id": "53863",
    "group": "3",
    "word": "安心",
    "phonetic": "あんしん",
    "mean": "sự yên tâm,  sự an tâm, "
  },
  {
    "id": "53847",
    "group": "3",
    "word": "安全",
    "phonetic": "あんぜん",
    "mean": "an toàn, "
  },
  {
    "id": "186544",
    "group": "1",
    "word": "案内",
    "phonetic": "あんないする",
    "mean": "hướng dẫn,  dẫn đường, "
  },
  {
    "id": "143826",
    "group": "4",
    "word": "以下",
    "phonetic": "いか",
    "mean": "dưới đây,  sau đây, "
  },
  {
    "id": "143832",
    "group": "4",
    "word": "以外",
    "phonetic": "いがい",
    "mean": "ngoài ra,  ngoài, "
  },
  {
    "id": "78625",
    "group": "3",
    "word": "医学",
    "phonetic": "いがく",
    "mean": "y học, "
  },
  {
    "id": "171737",
    "group": "1",
    "word": "生きる",
    "phonetic": "いきる",
    "mean": "sinh sống, "
  },
  {
    "id": "98869",
    "group": "3",
    "word": "意見",
    "phonetic": "いけん",
    "mean": "kiến, "
  },
  {
    "id": "173277",
    "group": "3",
    "word": "石",
    "phonetic": "いし",
    "mean": "đá, "
  },
  {
    "id": "143824",
    "group": "4",
    "word": "以上",
    "phonetic": "いじょう",
    "mean": "hơn,  nhiều hơn, "
  },
  {
    "id": "98416",
    "group": "1",
    "word": "急ぐ",
    "phonetic": "いそぐ",
    "mean": "bước rảo, "
  },
  {
    "id": "31114",
    "group": "1",
    "word": "致す",
    "phonetic": "いたす",
    "mean": "làm,  xin được làm, "
  },
  {
    "id": "42017",
    "group": "1",
    "word": "頂く",
    "phonetic": "いただく",
    "mean": "nhận,  xin nhận, "
  },
  {
    "id": "141600",
    "group": "4",
    "word": "一度",
    "phonetic": "いちど",
    "mean": "khi nào đó,  lần nào đó, "
  },
  {
    "id": "141666",
    "group": "4",
    "word": "一生懸命",
    "phonetic": "いっしょうけんめい",
    "mean": "chăm chỉ,  cần mẫn, "
  },
  {
    "id": "29185",
    "group": "3",
    "word": "糸",
    "phonetic": "いと",
    "mean": "chuỗi,  hệ thống, "
  },
  {
    "id": "143827",
    "group": "3",
    "word": "以内",
    "phonetic": "いない",
    "mean": "trong vòng, "
  },
  {
    "id": "171987",
    "group": "3",
    "word": "田舎",
    "phonetic": "いなか",
    "mean": "nông thôn,  ngoại thành, "
  },
  {
    "id": "173557",
    "group": "1",
    "word": "祈る",
    "phonetic": "いのる",
    "mean": "cầu nguyện, "
  },
  {
    "id": "186662",
    "group": "1",
    "word": "植える",
    "phonetic": "うえる",
    "mean": "trồng (cây),  gieo hạt, "
  },
  {
    "id": "144150",
    "group": "1",
    "word": "伺う",
    "phonetic": "うかがう",
    "mean": "đến thăm, "
  },
  {
    "id": "79520",
    "group": "3",
    "word": "受付",
    "phonetic": "うけつけ",
    "mean": "nhân viên thường trực,  lễ tân, "
  },
  {
    "id": "79506",
    "group": "1",
    "word": "受ける",
    "phonetic": "うける",
    "mean": "chịu (ảnh hưởng), "
  },
  {
    "id": "78392",
    "group": "1",
    "word": "動く",
    "phonetic": "うごく",
    "mean": "bị lay động, "
  },
  {
    "id": "80688",
    "group": "3",
    "word": "嘘",
    "phonetic": "うそ",
    "mean": "bịa chuyện, "
  },
  {
    "id": "99575",
    "group": "1",
    "word": "打つ",
    "phonetic": "うつ",
    "mean": "bịch, "
  },
  {
    "id": "30091",
    "group": "2",
    "word": "美しい",
    "phonetic": "うつくしい",
    "mean": "đẹp đẽ, "
  },
  {
    "id": "77331",
    "group": "1",
    "word": "写す",
    "phonetic": "うつす",
    "mean": "chép, "
  },
  {
    "id": "173830",
    "group": "1",
    "word": "移る",
    "phonetic": "うつる",
    "mean": "chuyển sang,  chuyển, "
  },
  {
    "id": "30804",
    "group": "3",
    "word": "腕",
    "phonetic": "うで",
    "mean": "cánh tay, "
  },
  {
    "id": "32349",
    "group": "3",
    "word": "裏",
    "phonetic": "うら",
    "mean": "bề trái, "
  },
  {
    "id": "52375",
    "group": "3",
    "word": "売り場",
    "phonetic": "うりば",
    "mean": "nơi bán hàng hóa, "
  },
  {
    "id": "53626",
    "group": "2",
    "word": "嬉しい",
    "phonetic": "うれしい",
    "mean": "êm lòng, "
  },
  {
    "id": "108901",
    "group": "1",
    "word": "運転",
    "phonetic": "うんてんする",
    "mean": "sự lái (xe),  sự vận hành (máy móc), "
  },
  {
    "id": "108908",
    "group": "3",
    "word": "運転手",
    "phonetic": "うんてんしゅ",
    "mean": "người cầm lái, "
  },
  {
    "id": "108873",
    "group": "1",
    "word": "運動",
    "phonetic": "うんどうする",
    "mean": "phong trào, "
  },
  {
    "id": "186316",
    "group": "3",
    "word": "枝",
    "phonetic": "えだ",
    "mean": "cành cây, "
  },
  {
    "id": "109111",
    "group": "1",
    "word": "選ぶ",
    "phonetic": "えらぶ",
    "mean": "bầu, "
  },
  {
    "id": "109007",
    "group": "1",
    "word": "遠慮",
    "phonetic": "えんりょする",
    "mean": "khách khí, "
  },
  {
    "id": "51204",
    "group": "3",
    "word": "お祝い",
    "phonetic": "おいわい",
    "mean": "sự chúc mừng,  phẩm vật để chúc mừng, "
  },
  {
    "id": "145132",
    "group": "6",
    "word": "億",
    "phonetic": "おく",
    "mean": "100 triệu, "
  },
  {
    "id": "54861",
    "group": "3",
    "word": "屋上",
    "phonetic": "おくじょう",
    "mean": "mái nhà,  nóc nhà, "
  },
  {
    "id": "107402",
    "group": "3",
    "word": "贈り物",
    "phonetic": "おくりもの",
    "mean": "đồ lễ, "
  },
  {
    "id": "108429",
    "group": "1",
    "word": "送る",
    "phonetic": "おくる",
    "mean": "gửi,  truyền, "
  },
  {
    "id": "108829",
    "group": "1",
    "word": "遅れる",
    "phonetic": "おくれる",
    "mean": "bê trệ, "
  },
  {
    "id": "18036",
    "group": "1",
    "word": "起す",
    "phonetic": "おこす",
    "mean": "tới sự tăng,  tới nguyên nhân, "
  },
  {
    "id": "32118",
    "group": "1",
    "word": "行う",
    "phonetic": "おこなう",
    "mean": "cử hành, "
  },
  {
    "id": "98358",
    "group": "1",
    "word": "怒る",
    "phonetic": "おこる",
    "mean": "bực tức, "
  },
  {
    "id": "99861",
    "group": "3",
    "word": "押し入れ",
    "phonetic": "おしいれ",
    "mean": "tủ tường, "
  },
  {
    "id": "51084",
    "group": "3",
    "word": "お嬢さん",
    "phonetic": "おじょうさん",
    "mean": "Thưa cô,  ...,  cô gái, "
  },
  {
    "id": "51089",
    "group": "3",
    "word": "お宅",
    "phonetic": "おたく",
    "mean": "ông,  bà, "
  },
  {
    "id": "18308",
    "group": "1",
    "word": "落る",
    "phonetic": "おちる",
    "mean": "(1) tới sự rơi xuống,  tới giọt, "
  },
  {
    "id": "53142",
    "group": "3",
    "word": "夫",
    "phonetic": "おっと",
    "mean": "chồng, "
  },
  {
    "id": "41976",
    "group": "3",
    "word": "音",
    "phonetic": "おと",
    "mean": "âm thanh,  tiếng động, "
  },
  {
    "id": "18399",
    "group": "1",
    "word": "落す",
    "phonetic": "おとす",
    "mean": "làm rớt,  làm rơi, "
  },
  {
    "id": "107686",
    "group": "3",
    "word": "踊り",
    "phonetic": "おどり",
    "mean": "sự nhảy múa,  múa, "
  },
  {
    "id": "107691",
    "group": "1",
    "word": "踊る",
    "phonetic": "おどる",
    "mean": "nhảy, "
  },
  {
    "id": "42700",
    "group": "1",
    "word": "驚く",
    "phonetic": "おどろく",
    "mean": "giật mình, "
  },
  {
    "id": "51211",
    "group": "3",
    "word": "お祭り",
    "phonetic": "おまつり",
    "mean": "lễ hội,  bữa tiệc, "
  },
  {
    "id": "51256",
    "group": "3",
    "word": "お見舞い",
    "phonetic": "おみまい",
    "mean": "việc ghé thăm,  việc thăm viếng, "
  },
  {
    "id": "51066",
    "group": "3",
    "word": "お土産",
    "phonetic": "おみやげ",
    "mean": "đặc sản, "
  },
  {
    "id": "98376",
    "group": "1",
    "word": "思い出す",
    "phonetic": "おもいだす",
    "mean": "nhớ nhung, "
  },
  {
    "id": "98385",
    "group": "1",
    "word": "思う",
    "phonetic": "おもう",
    "mean": "dự đoán,  cho rằng, "
  },
  {
    "id": "32236",
    "group": "3",
    "word": "表",
    "phonetic": "おもて",
    "mean": "bề phải, "
  },
  {
    "id": "32705",
    "group": "3",
    "word": "親",
    "phonetic": "おや",
    "mean": "cha mẹ,  bố mẹ, "
  },
  {
    "id": "141950",
    "group": "1",
    "word": "下りる",
    "phonetic": "おりる",
    "mean": "hạ (xuống),  đi (xuống), "
  },
  {
    "id": "99771",
    "group": "1",
    "word": "折る",
    "phonetic": "おる",
    "mean": "bẻ,  bẻ gẫy, "
  },
  {
    "id": "51198",
    "group": "3",
    "word": "お礼",
    "phonetic": "おれい",
    "mean": "cám ơn, "
  },
  {
    "id": "99772",
    "group": "1",
    "word": "折れる",
    "phonetic": "おれる",
    "mean": "bẻ, "
  },
  {
    "id": "29407",
    "group": "3",
    "word": "終わり",
    "phonetic": "おわり",
    "mean": "chót, "
  },
  {
    "id": "188462",
    "group": "3",
    "word": "海岸",
    "phonetic": "かいがん",
    "mean": "bờ biển, "
  },
  {
    "id": "144042",
    "group": "3",
    "word": "会議",
    "phonetic": "かいぎ",
    "mean": "buổi họp, "
  },
  {
    "id": "144047",
    "group": "3",
    "word": "会議室",
    "phonetic": "かいぎしつ",
    "mean": "phòng hội nghị,  phòng hội đồng, "
  },
  {
    "id": "144010",
    "group": "3",
    "word": "会場",
    "phonetic": "かいじょう",
    "mean": "hội trường, "
  },
  {
    "id": "144035",
    "group": "3",
    "word": "会話",
    "phonetic": "かいわ",
    "mean": "đối thoại, "
  },
  {
    "id": "55340",
    "group": "3",
    "word": "帰り",
    "phonetic": "かえり",
    "mean": "sự trở về,  sự về, "
  },
  {
    "id": "52413",
    "group": "1",
    "word": "変える",
    "phonetic": "かえる",
    "mean": "đổi ., "
  },
  {
    "id": "173770",
    "group": "3",
    "word": "科学",
    "phonetic": "かがく",
    "mean": "hóa học, "
  },
  {
    "id": "109919",
    "group": "3",
    "word": "鏡",
    "phonetic": "かがみ",
    "mean": "cái gương,  gương, "
  },
  {
    "id": "100274",
    "group": "1",
    "word": "掛ける",
    "phonetic": "かける",
    "mean": "bắt đầu làm gì, "
  },
  {
    "id": "42490",
    "group": "1",
    "word": "飾る",
    "phonetic": "かざる",
    "mean": "tô điểm, "
  },
  {
    "id": "170389",
    "group": "3",
    "word": "火事",
    "phonetic": "かじ",
    "mean": "cháy nhà, "
  },
  {
    "id": "97756",
    "group": "3",
    "word": "形",
    "phonetic": "かたち",
    "mean": "hình dáng,  kiểu, "
  },
  {
    "id": "171025",
    "group": "1",
    "word": "片付ける",
    "phonetic": "かたづける",
    "mean": "sắp đặt, "
  },
  {
    "id": "33382",
    "group": "3",
    "word": "課長",
    "phonetic": "かちょう",
    "mean": "khoa trưởng, "
  },
  {
    "id": "78437",
    "group": "1",
    "word": "勝つ",
    "phonetic": "かつ",
    "mean": "được, "
  },
  {
    "id": "54194",
    "group": "3",
    "word": "家内",
    "phonetic": "かない",
    "mean": "vợ (mình), "
  },
  {
    "id": "98741",
    "group": "2",
    "word": "悲しい",
    "phonetic": "かなしい",
    "mean": "buồn, "
  },
  {
    "id": "98207",
    "group": "4",
    "word": "必ず",
    "phonetic": "かならず",
    "mean": "nhất định,  tất cả, "
  },
  {
    "id": "51305",
    "group": "3",
    "word": "お金持ち",
    "phonetic": "かねもち/おかねもち",
    "mean": "giàu, "
  },
  {
    "id": "97825",
    "group": "3",
    "word": "彼女",
    "phonetic": "かのじょ",
    "mean": "chị ta, "
  },
  {
    "id": "52332",
    "group": "3",
    "word": "壁",
    "phonetic": "かべ",
    "mean": "bức tường ., "
  },
  {
    "id": "186820",
    "group": "1",
    "word": "構う",
    "phonetic": "かまう",
    "mean": "chăm sóc,  săn sóc, "
  },
  {
    "id": "42831",
    "group": "3",
    "word": "髪",
    "phonetic": "かみ",
    "mean": "tóc, "
  },
  {
    "id": "80706",
    "group": "1",
    "word": "噛む",
    "phonetic": "かむ",
    "mean": "ăn khớp (bánh răng),  cắn, "
  },
  {
    "id": "108547",
    "group": "1",
    "word": "通う",
    "phonetic": "かよう",
    "mean": "đi học,  đi làm, "
  },
  {
    "id": "97821",
    "group": "3",
    "word": "彼",
    "phonetic": "かれ",
    "mean": "anh ta, "
  },
  {
    "id": "97823",
    "group": "3",
    "word": "彼ら",
    "phonetic": "かれら",
    "mean": "các anh ấy,  họ, "
  },
  {
    "id": "142796",
    "group": "1",
    "word": "乾く",
    "phonetic": "かわく",
    "mean": "cạn, "
  },
  {
    "id": "143784",
    "group": "3",
    "word": "代わり",
    "phonetic": "かわり",
    "mean": "phần thức ăn đưa mời lần thứ hai, "
  },
  {
    "id": "52417",
    "group": "1",
    "word": "変わる",
    "phonetic": "かわる",
    "mean": "thay, "
  },
  {
    "id": "30266",
    "group": "1",
    "word": "考える",
    "phonetic": "かんがえる",
    "mean": "nghĩ suy, "
  },
  {
    "id": "110193",
    "group": "3",
    "word": "関係",
    "phonetic": "かんけい",
    "mean": "can hệ, "
  },
  {
    "id": "173036",
    "group": "3",
    "word": "看護婦",
    "phonetic": "かんごふ",
    "mean": "hộ lý, "
  },
  {
    "id": "174455",
    "group": "2",
    "word": "簡単",
    "phonetic": "かんたん",
    "mean": "đơn giản,  dễ dàng, "
  },
  {
    "id": "187588",
    "group": "3",
    "word": "気",
    "phonetic": "き",
    "mean": "cách nghĩ,  ý đồ, "
  },
  {
    "id": "186957",
    "group": "3",
    "word": "機会",
    "phonetic": "きかい",
    "mean": "cơ hội,  dịp, "
  },
  {
    "id": "78995",
    "group": "3",
    "word": "危険",
    "phonetic": "きけん",
    "mean": "biến, "
  },
  {
    "id": "30362",
    "group": "1",
    "word": "聞こえる",
    "phonetic": "きこえる",
    "mean": "có thể nghe, "
  },
  {
    "id": "187931",
    "group": "3",
    "word": "汽車",
    "phonetic": "きしゃ",
    "mean": "hỏa xa, "
  },
  {
    "id": "99642",
    "group": "3",
    "word": "技術",
    "phonetic": "ぎじゅつ",
    "mean": "kỹ thuật, "
  },
  {
    "id": "53717",
    "group": "3",
    "word": "季節",
    "phonetic": "きせつ",
    "mean": "mùa,  thời vụ, "
  },
  {
    "id": "32670",
    "group": "3",
    "word": "規則",
    "phonetic": "きそく",
    "mean": "khuôn phép, "
  },
  {
    "id": "29694",
    "group": "3",
    "word": "絹",
    "phonetic": "きぬ",
    "mean": "lụa,  vải lụa, "
  },
  {
    "id": "79161",
    "group": "2",
    "word": "厳しい",
    "phonetic": "きびしい",
    "mean": "hà khắc, "
  },
  {
    "id": "187624",
    "group": "3",
    "word": "気分",
    "phonetic": "きぶん",
    "mean": "tâm tình,  tâm tư, "
  },
  {
    "id": "25545",
    "group": "1",
    "word": "決る",
    "phonetic": "きまる",
    "mean": "để (thì) đã được giải quyết,  để (thì) ổn định, "
  },
  {
    "id": "80121",
    "group": "3",
    "word": "君",
    "phonetic": "きみ",
    "mean": "bạn, "
  },
  {
    "id": "187891",
    "group": "1",
    "word": "決める",
    "phonetic": "きめる",
    "mean": "ấn định, "
  },
  {
    "id": "187644",
    "group": "3",
    "word": "気持ち",
    "phonetic": "きもち",
    "mean": "cảm giác,  cảm tình, "
  },
  {
    "id": "173153",
    "group": "3",
    "word": "着物",
    "phonetic": "きもの",
    "mean": "áo kimono,  kimono, "
  },
  {
    "id": "54115",
    "group": "3",
    "word": "客",
    "phonetic": "きゃく",
    "mean": "người khách,  khách, "
  },
  {
    "id": "98410",
    "group": "2",
    "word": "急",
    "phonetic": "きゅう",
    "mean": "hiểm trở,  dốc, "
  },
  {
    "id": "98437",
    "group": "3",
    "word": "急行",
    "phonetic": "きゅうこう",
    "mean": "tốc hành ., "
  },
  {
    "id": "100984",
    "group": "3",
    "word": "教育",
    "phonetic": "きょういく",
    "mean": "giáo dục, "
  },
  {
    "id": "100958",
    "group": "3",
    "word": "教会",
    "phonetic": "きょうかい",
    "mean": "giáo đường,  nhà thờ, "
  },
  {
    "id": "174229",
    "group": "3",
    "word": "競争",
    "phonetic": "きょうそう",
    "mean": "sự cạnh tranh,  cạnh tranh, "
  },
  {
    "id": "31129",
    "group": "3",
    "word": "興味",
    "phonetic": "きょうみ",
    "mean": "hứng, "
  },
  {
    "id": "108238",
    "group": "3",
    "word": "近所",
    "phonetic": "きんじょ",
    "mean": "gần đây, "
  },
  {
    "id": "77022",
    "group": "3",
    "word": "具合",
    "phonetic": "ぐあい",
    "mean": "điều kiện,  phương thức, "
  },
  {
    "id": "174038",
    "group": "3",
    "word": "空気",
    "phonetic": "くうき",
    "mean": "không khí,  khí, "
  },
  {
    "id": "174045",
    "group": "3",
    "word": "空港",
    "phonetic": "くうこう",
    "mean": "sân bay,  không cảng, "
  },
  {
    "id": "31561",
    "group": "3",
    "word": "草",
    "phonetic": "くさ",
    "mean": "cỏ, "
  },
  {
    "id": "141944",
    "group": "1",
    "word": "下さる",
    "phonetic": "くださる",
    "mean": "ban tặng,  ban cho, "
  },
  {
    "id": "42534",
    "group": "3",
    "word": "首",
    "phonetic": "くび",
    "mean": "cổ, "
  },
  {
    "id": "110753",
    "group": "3",
    "word": "雲",
    "phonetic": "くも",
    "mean": "mây, "
  },
  {
    "id": "187492",
    "group": "1",
    "word": "比べる",
    "phonetic": "くらべる",
    "mean": "so sánh, "
  },
  {
    "id": "185537",
    "group": "1",
    "word": "暮れる",
    "phonetic": "くれる",
    "mean": "lặn (mặt trời),  hết (ngày,  năm), "
  },
  {
    "id": "80121",
    "group": "5",
    "word": "君",
    "phonetic": "くん",
    "mean": "bạn, "
  },
  {
    "id": "187518",
    "group": "3",
    "word": "毛",
    "phonetic": "け",
    "mean": "lông,  tóc, "
  },
  {
    "id": "32896",
    "group": "1",
    "word": "計画",
    "phonetic": "けいかくする",
    "mean": "Chương trình, "
  },
  {
    "id": "29517",
    "group": "1",
    "word": "経験",
    "phonetic": "けいけんする",
    "mean": "kinh nghiệm, "
  },
  {
    "id": "29471",
    "group": "3",
    "word": "経済",
    "phonetic": "けいざい",
    "mean": "nền kinh tế,  kinh tế, "
  },
  {
    "id": "106822",
    "group": "3",
    "word": "警察",
    "phonetic": "けいさつ",
    "mean": "cánh sát, "
  },
  {
    "id": "185457",
    "group": "3",
    "word": "景色",
    "phonetic": "けしき",
    "mean": "cảnh, "
  },
  {
    "id": "188546",
    "group": "3",
    "word": "消しゴム",
    "phonetic": "けしゴム",
    "mean": "tẩy,  cái tẩy, "
  },
  {
    "id": "141962",
    "group": "3",
    "word": "下宿",
    "phonetic": "げしゅく",
    "mean": "nhà trọ, "
  },
  {
    "id": "187887",
    "group": "4",
    "word": "決して",
    "phonetic": "けっして",
    "mean": "quyết...không,  dù thế nào cũng không..., "
  },
  {
    "id": "79079",
    "group": "3",
    "word": "原因",
    "phonetic": "げんいん",
    "mean": "căn do, "
  },
  {
    "id": "173347",
    "group": "3",
    "word": "研究",
    "phonetic": "けんきゅう",
    "mean": "sự học tập,  sự nghiên cứu, "
  },
  {
    "id": "173350",
    "group": "3",
    "word": "研究室",
    "phonetic": "けんきゅうしつ",
    "mean": "phòng nghiên cứu ., "
  },
  {
    "id": "32629",
    "group": "3",
    "word": "見物",
    "phonetic": "けんぶつ",
    "mean": "sự tham quan,  sự dạo chơi, "
  },
  {
    "id": "53634",
    "group": "3",
    "word": "子",
    "phonetic": "こ",
    "mean": "đứa con,  đứa trẻ, "
  },
  {
    "id": "109200",
    "group": "3",
    "word": "郊外",
    "phonetic": "こうがい",
    "mean": "đồng nội, "
  },
  {
    "id": "106788",
    "group": "3",
    "word": "講義",
    "phonetic": "こうぎ",
    "mean": "bài giảng,  giờ học, "
  },
  {
    "id": "55101",
    "group": "3",
    "word": "工業",
    "phonetic": "こうぎょう",
    "mean": "công nghiệp, "
  },
  {
    "id": "42786",
    "group": "3",
    "word": "高校",
    "phonetic": "こうこう",
    "mean": "trường cấp 3,  trường trung học ., "
  },
  {
    "id": "42787",
    "group": "3",
    "word": "高校生",
    "phonetic": "こうこうせい",
    "mean": "học sinh cấp ba,  học sinh trung học ., "
  },
  {
    "id": "55086",
    "group": "3",
    "word": "工場",
    "phonetic": "こうば",
    "mean": "công trường, "
  },
  {
    "id": "186446",
    "group": "3",
    "word": "校長",
    "phonetic": "こうちょう",
    "mean": "hiệu trưởng ., "
  },
  {
    "id": "143291",
    "group": "3",
    "word": "交通",
    "phonetic": "こうつう",
    "mean": "giao thông, "
  },
  {
    "id": "106780",
    "group": "3",
    "word": "講堂",
    "phonetic": "こうどう",
    "mean": "giảng đường ., "
  },
  {
    "id": "42805",
    "group": "3",
    "word": "高等学校",
    "phonetic": "こうとうがっこう",
    "mean": "trường cấp ba,  trường phổ thông trung học, "
  },
  {
    "id": "145642",
    "group": "3",
    "word": "公務員",
    "phonetic": "こうむいん",
    "mean": "công chức,  viên chức nhà nước, "
  },
  {
    "id": "81024",
    "group": "2",
    "word": "国際",
    "phonetic": "こくさい",
    "mean": "quốc tế, "
  },
  {
    "id": "98139",
    "group": "3",
    "word": "心",
    "phonetic": "こころ",
    "mean": "bụng dạ, "
  },
  {
    "id": "145901",
    "group": "3",
    "word": "御主人",
    "phonetic": "ごしゅじん",
    "mean": "người chồng (của) bạn,  người chồng (của) cô ấy, "
  },
  {
    "id": "100914",
    "group": "1",
    "word": "故障",
    "phonetic": "こしょうする",
    "mean": "sự hỏng,  hỏng hóc, "
  },
  {
    "id": "136531",
    "group": "3",
    "word": "ご存じ",
    "phonetic": "ごぞんじ",
    "mean": "biết,  hiểu, "
  },
  {
    "id": "174373",
    "group": "3",
    "word": "答",
    "phonetic": "こたえ",
    "mean": "câu trả lời, "
  },
  {
    "id": "54731",
    "group": "3",
    "word": "小鳥",
    "phonetic": "ことり",
    "mean": "chim nhỏ (thường được nuôi làm cảnh),  chim cảnh nhỏ, "
  },
  {
    "id": "29366",
    "group": "2",
    "word": "細かい",
    "phonetic": "こまかい",
    "mean": "cặn kẽ, "
  },
  {
    "id": "108210",
    "group": "1",
    "word": "込む",
    "phonetic": "こむ",
    "mean": "đông đúc, "
  },
  {
    "id": "174483",
    "group": "3",
    "word": "米",
    "phonetic": "こめ",
    "mean": "gạo, "
  },
  {
    "id": "98363",
    "group": "2",
    "word": "怖い",
    "phonetic": "こわい",
    "mean": "hãi hùng, "
  },
  {
    "id": "52339",
    "group": "1",
    "word": "壊す",
    "phonetic": "こわす",
    "mean": "đánh vỡ, "
  },
  {
    "id": "52341",
    "group": "1",
    "word": "壊れる",
    "phonetic": "こわれる",
    "mean": "đổ vỡ, "
  },
  {
    "id": "143566",
    "group": "4",
    "word": "今度",
    "phonetic": "こんど",
    "mean": "độ này, "
  },
  {
    "id": "143564",
    "group": "3",
    "word": "今夜",
    "phonetic": "こんや",
    "mean": "tối nay,  đêm nay, "
  },
  {
    "id": "185707",
    "group": "4",
    "word": "最近",
    "phonetic": "さいきん",
    "mean": "gần đây,  mới đây, "
  },
  {
    "id": "185684",
    "group": "3",
    "word": "最後",
    "phonetic": "さいご",
    "mean": "bét, "
  },
  {
    "id": "185673",
    "group": "3",
    "word": "最初",
    "phonetic": "さいしょ",
    "mean": "đầu tiên, "
  },
  {
    "id": "52035",
    "group": "3",
    "word": "坂",
    "phonetic": "さか",
    "mean": "cái dốc, "
  },
  {
    "id": "100310",
    "group": "1",
    "word": "探す",
    "phonetic": "さがす",
    "mean": "kiếm, "
  },
  {
    "id": "141952",
    "group": "1",
    "word": "下る",
    "phonetic": "さがる",
    "mean": "đi xuống,  lăn xuống, "
  },
  {
    "id": "172748",
    "group": "3",
    "word": "盛ん",
    "phonetic": "さかん",
    "mean": "chuộng, "
  },
  {
    "id": "141943",
    "group": "1",
    "word": "下げる",
    "phonetic": "さげる",
    "mean": "cúp, "
  },
  {
    "id": "55175",
    "group": "1",
    "word": "差し上げる",
    "phonetic": "さしあげる",
    "mean": "kính biếu, "
  },
  {
    "id": "54268",
    "group": "2",
    "word": "寂しい",
    "phonetic": "さびしい",
    "mean": "buồn,  nhàn rỗi quá, "
  },
  {
    "id": "137375",
    "group": "3",
    "word": "さ来週",
    "phonetic": "さらいしゅう",
    "mean": "tuần sau nữa ., "
  },
  {
    "id": "42675",
    "group": "1",
    "word": "騒ぐ",
    "phonetic": "さわぐ",
    "mean": "đùa, "
  },
  {
    "id": "32836",
    "group": "1",
    "word": "触る",
    "phonetic": "さわる",
    "mean": "chạm vào, "
  },
  {
    "id": "171927",
    "group": "3",
    "word": "産業",
    "phonetic": "さんぎょう",
    "mean": "công nghiệp, "
  },
  {
    "id": "187377",
    "group": "3",
    "word": "残念",
    "phonetic": "ざんねん",
    "mean": "đáng tiếc,  đáng thất vọng, "
  },
  {
    "id": "55227",
    "group": "3",
    "word": "市",
    "phonetic": "し",
    "mean": "phiên chợ,  hội chợ, "
  },
  {
    "id": "53692",
    "group": "3",
    "word": "字",
    "phonetic": "じ",
    "mean": "chữ, "
  },
  {
    "id": "33133",
    "group": "3",
    "word": "試合",
    "phonetic": "しあい",
    "mean": "cuộc thi đấu,  trận đấu, "
  },
  {
    "id": "143698",
    "group": "3",
    "word": "仕方",
    "phonetic": "しかた",
    "mean": "cách làm,  phương pháp, "
  },
  {
    "id": "33147",
    "group": "3",
    "word": "試験",
    "phonetic": "しけん",
    "mean": "khoa nhi, "
  },
  {
    "id": "142912",
    "group": "3",
    "word": "事故",
    "phonetic": "じこ",
    "mean": "biến cố, "
  },
  {
    "id": "52031",
    "group": "3",
    "word": "地震",
    "phonetic": "じしん",
    "mean": "địa chấn, "
  },
  {
    "id": "185356",
    "group": "3",
    "word": "時代",
    "phonetic": "じだい",
    "mean": "thời đại, "
  },
  {
    "id": "141983",
    "group": "3",
    "word": "下着",
    "phonetic": "したぎ",
    "mean": "quần áo lót, "
  },
  {
    "id": "100700",
    "group": "1",
    "word": "支度",
    "phonetic": "したくする",
    "mean": "sự chuẩn bị,  sự sửa soạn, "
  },
  {
    "id": "53175",
    "group": "3",
    "word": "失敗",
    "phonetic": "しっぱい",
    "mean": "sự thất bại, "
  },
  {
    "id": "108119",
    "group": "3",
    "word": "辞典",
    "phonetic": "じてん",
    "mean": "từ điển, "
  },
  {
    "id": "80373",
    "group": "3",
    "word": "品物",
    "phonetic": "しなもの",
    "mean": "hàng, "
  },
  {
    "id": "54983",
    "group": "3",
    "word": "島",
    "phonetic": "しま",
    "mean": "đảo, "
  },
  {
    "id": "55258",
    "group": "3",
    "word": "市民",
    "phonetic": "しみん",
    "mean": "thị dân,  dân thành phố ., "
  },
  {
    "id": "142902",
    "group": "3",
    "word": "事務所",
    "phonetic": "じむしょ",
    "mean": "buông giấy, "
  },
  {
    "id": "173526",
    "group": "3",
    "word": "社会",
    "phonetic": "しゃかい",
    "mean": "xã hội ., "
  },
  {
    "id": "173555",
    "group": "3",
    "word": "社長",
    "phonetic": "しゃちょう",
    "mean": "chủ tịch công ty, "
  },
  {
    "id": "109192",
    "group": "3",
    "word": "邪魔",
    "phonetic": "じゃま",
    "mean": "quấy rầy,  phiền hà, "
  },
  {
    "id": "31034",
    "group": "3",
    "word": "自由",
    "phonetic": "じゆう",
    "mean": "sự tự do, "
  },
  {
    "id": "30207",
    "group": "3",
    "word": "習慣",
    "phonetic": "しゅうかん",
    "mean": "lề, "
  },
  {
    "id": "144240",
    "group": "3",
    "word": "住所",
    "phonetic": "じゅうしょ",
    "mean": "chỗ ở, "
  },
  {
    "id": "186390",
    "group": "3",
    "word": "柔道",
    "phonetic": "じゅうどう",
    "mean": "nhu đạo, "
  },
  {
    "id": "78657",
    "group": "4",
    "word": "十分",
    "phonetic": "じゅうぶん",
    "mean": "mười phút,  đủ, "
  },
  {
    "id": "77565",
    "group": "1",
    "word": "出席",
    "phonetic": "しゅっせきする",
    "mean": "sự có mặt,  sự tham dự ., "
  },
  {
    "id": "77636",
    "group": "1",
    "word": "出発",
    "phonetic": "しゅっぱつする",
    "mean": "sự xuất phát,  sự khởi hành, "
  },
  {
    "id": "107603",
    "group": "3",
    "word": "趣味",
    "phonetic": "しゅみ",
    "mean": "cái thú vị,  cái hay, "
  },
  {
    "id": "188955",
    "group": "1",
    "word": "準備",
    "phonetic": "じゅんびする",
    "mean": "sự chuẩn bị,  sự sắp xếp, "
  },
  {
    "id": "29394",
    "group": "3",
    "word": "紹介",
    "phonetic": "しょうかい",
    "mean": "sự giới thiệu,  giới thiệu ., "
  },
  {
    "id": "54669",
    "group": "3",
    "word": "小学校",
    "phonetic": "しょうがっこう",
    "mean": "tiểu học, "
  },
  {
    "id": "54711",
    "group": "3",
    "word": "小説",
    "phonetic": "しょうせつ",
    "mean": "tiểu thuyết ., "
  },
  {
    "id": "99943",
    "group": "1",
    "word": "招待",
    "phonetic": "しょうたいする",
    "mean": "buổi chiêu đãi, "
  },
  {
    "id": "99627",
    "group": "1",
    "word": "承知",
    "phonetic": "しょうちする",
    "mean": "sự chấp nhận,  đồng ý, "
  },
  {
    "id": "54595",
    "group": "3",
    "word": "将来",
    "phonetic": "しょうらい",
    "mean": "đời sau, "
  },
  {
    "id": "42401",
    "group": "1",
    "word": "食事",
    "phonetic": "しょくじする",
    "mean": "bữa ăn, "
  },
  {
    "id": "42418",
    "group": "3",
    "word": "食料品",
    "phonetic": "しょくりょうひん",
    "mean": "thực phẩm,  nguyên liệu nấu ăn ., "
  },
  {
    "id": "53340",
    "group": "3",
    "word": "女性",
    "phonetic": "じょせい",
    "mean": "đàn bà, "
  },
  {
    "id": "173211",
    "group": "1",
    "word": "知らせる",
    "phonetic": "しらせる",
    "mean": "báo, "
  },
  {
    "id": "33389",
    "group": "1",
    "word": "調べる",
    "phonetic": "しらべる",
    "mean": "chấm, "
  },
  {
    "id": "143365",
    "group": "3",
    "word": "人口",
    "phonetic": "じんこう",
    "mean": "dân số,  số dân, "
  },
  {
    "id": "173619",
    "group": "3",
    "word": "神社",
    "phonetic": "じんじゃ",
    "mean": "đền, "
  },
  {
    "id": "32714",
    "group": "3",
    "word": "親切",
    "phonetic": "しんせつ",
    "mean": "sự tốt bụng,  sự tử tế, "
  },
  {
    "id": "98198",
    "group": "1",
    "word": "心配",
    "phonetic": "しんぱいする",
    "mean": "lo âu,  lo lắng, "
  },
  {
    "id": "101283",
    "group": "3",
    "word": "新聞社",
    "phonetic": "しんぶんしゃ",
    "mean": "tòa báo, "
  },
  {
    "id": "187728",
    "group": "3",
    "word": "水泳",
    "phonetic": "すいえい",
    "mean": "lội, "
  },
  {
    "id": "187777",
    "group": "3",
    "word": "水道",
    "phonetic": "すいどう",
    "mean": "nước dịch vụ,  nước máy, "
  },
  {
    "id": "110486",
    "group": "4",
    "word": "随分",
    "phonetic": "ずいぶん",
    "mean": "cực độ,  cực kỳ, "
  },
  {
    "id": "101047",
    "group": "3",
    "word": "数学",
    "phonetic": "すうがく",
    "mean": "đại số, "
  },
  {
    "id": "108920",
    "group": "1",
    "word": "過ぎる",
    "phonetic": "すぎる",
    "mean": "qua, "
  },
  {
    "id": "77419",
    "group": "2",
    "word": "凄い",
    "phonetic": "すごい",
    "mean": "kinh khủng,  khủng khiếp, "
  },
  {
    "id": "108778",
    "group": "1",
    "word": "進む",
    "phonetic": "すすむ",
    "mean": "tiến lên,  tiến triển, "
  },
  {
    "id": "100178",
    "group": "1",
    "word": "捨てる",
    "phonetic": "すてる",
    "mean": "bỏ,  từ bỏ, "
  },
  {
    "id": "173312",
    "group": "3",
    "word": "砂",
    "phonetic": "すな",
    "mean": "cát ., "
  },
  {
    "id": "29334",
    "group": "2",
    "word": "素晴らしい",
    "phonetic": "すばらしい",
    "mean": "tuyệt vời,  tráng lệ, "
  },
  {
    "id": "189008",
    "group": "1",
    "word": "滑る",
    "phonetic": "すべる",
    "mean": "trơn, "
  },
  {
    "id": "110460",
    "group": "3",
    "word": "隅",
    "phonetic": "すみ",
    "mean": "góc,  xó, "
  },
  {
    "id": "188770",
    "group": "1",
    "word": "済む",
    "phonetic": "すむ",
    "mean": "kết thúc,  hoàn tất ., "
  },
  {
    "id": "171832",
    "group": "1",
    "word": "生活",
    "phonetic": "せいかつする",
    "mean": "cuộc sống, "
  },
  {
    "id": "171859",
    "group": "1",
    "word": "生産",
    "phonetic": "せいさんする",
    "mean": "sản xuất, "
  },
  {
    "id": "100889",
    "group": "3",
    "word": "政治",
    "phonetic": "せいじ",
    "mean": "chánh trị, "
  },
  {
    "id": "32509",
    "group": "3",
    "word": "西洋",
    "phonetic": "せいよう",
    "mean": "phương tây,  các nước phương tây, "
  },
  {
    "id": "142280",
    "group": "3",
    "word": "世界",
    "phonetic": "せかい",
    "mean": "hoàn cầu, "
  },
  {
    "id": "55329",
    "group": "3",
    "word": "席",
    "phonetic": "せき",
    "mean": "chỗ ngồi ., "
  },
  {
    "id": "33347",
    "group": "3",
    "word": "説明",
    "phonetic": "せつめい",
    "mean": "sự thuyết minh,  sự giải thích ., "
  },
  {
    "id": "30578",
    "group": "3",
    "word": "背中",
    "phonetic": "せなか",
    "mean": "lưng, "
  },
  {
    "id": "185327",
    "group": "4",
    "word": "是非",
    "phonetic": "ぜひ",
    "mean": "nhất định,  những lý lẽ tán thành và phản đối, "
  },
  {
    "id": "142294",
    "group": "1",
    "word": "世話",
    "phonetic": "せわする",
    "mean": "sự chăm sóc,  sự giúp đỡ, "
  },
  {
    "id": "29841",
    "group": "3",
    "word": "線",
    "phonetic": "せん",
    "mean": "đường dây (điện thoại),  đường ray, "
  },
  {
    "id": "99221",
    "group": "3",
    "word": "戦争",
    "phonetic": "せんそう",
    "mean": "can qua, "
  },
  {
    "id": "145282",
    "group": "3",
    "word": "先輩",
    "phonetic": "せんぱい",
    "mean": "tiền bối,  người đi trước, "
  },
  {
    "id": "173003",
    "group": "1",
    "word": "相談",
    "phonetic": "そうだんする",
    "mean": "cuộc trao đổi,  sự trao đổi, "
  },
  {
    "id": "30532",
    "group": "1",
    "word": "育てる",
    "phonetic": "そだてる",
    "mean": "nuôi,  nuôi nấng, "
  },
  {
    "id": "78778",
    "group": "3",
    "word": "卒業",
    "phonetic": "そつぎょう",
    "mean": "sự tốt nghiệp, "
  },
  {
    "id": "173575",
    "group": "3",
    "word": "祖父",
    "phonetic": "そふ",
    "mean": "ông ., "
  },
  {
    "id": "173574",
    "group": "3",
    "word": "祖母",
    "phonetic": "そぼ",
    "mean": "bà ., "
  },
  {
    "id": "108420",
    "group": "1",
    "word": "退院",
    "phonetic": "たいいんする",
    "mean": "sự ra viện,  sự xuất viện, "
  },
  {
    "id": "52741",
    "group": "3",
    "word": "大学生",
    "phonetic": "だいがくせい",
    "mean": "sinh viên ., "
  },
  {
    "id": "52684",
    "group": "2",
    "word": "大事",
    "phonetic": "だいじ",
    "mean": "quan trọng,  đại sự, "
  },
  {
    "id": "52694",
    "group": "4",
    "word": "大体",
    "phonetic": "だいたい",
    "mean": "cái đại thể,  sự vạch ra những đường nét chính, "
  },
  {
    "id": "52771",
    "group": "4",
    "word": "大抵",
    "phonetic": "たいてい",
    "mean": "đại để,  nói chung, "
  },
  {
    "id": "52703",
    "group": "4",
    "word": "大分",
    "phonetic": "だいぶ",
    "mean": "nhiều,  rất, "
  },
  {
    "id": "79748",
    "group": "3",
    "word": "台風",
    "phonetic": "たいふう",
    "mean": "bão táp,  bão, "
  },
  {
    "id": "144820",
    "group": "1",
    "word": "倒れる",
    "phonetic": "たおれる",
    "mean": "chết,  lăn ra bất tỉnh, "
  },
  {
    "id": "173449",
    "group": "2",
    "word": "確か",
    "phonetic": "たしか",
    "mean": "đúng,  xác thực, "
  },
  {
    "id": "107611",
    "group": "1",
    "word": "足す",
    "phonetic": "たす",
    "mean": "cộng, "
  },
  {
    "id": "33001",
    "group": "1",
    "word": "訪ねる",
    "phonetic": "たずねる",
    "mean": "thăm,  ghé thăm, "
  },
  {
    "id": "54620",
    "group": "1",
    "word": "尋ねる",
    "phonetic": "たずねる",
    "mean": "hỏi, "
  },
  {
    "id": "187152",
    "group": "2",
    "word": "正しい",
    "phonetic": "ただしい",
    "mean": "chính, "
  },
  {
    "id": "172173",
    "group": "3",
    "word": "畳",
    "phonetic": "たたみ",
    "mean": "chiếu, "
  },
  {
    "id": "174161",
    "group": "1",
    "word": "立てる",
    "phonetic": "たてる",
    "mean": "dựng, "
  },
  {
    "id": "55945",
    "group": "1",
    "word": "建てる",
    "phonetic": "たてる",
    "mean": "gây dựng, "
  },
  {
    "id": "144452",
    "group": "5",
    "word": "例えば",
    "phonetic": "たとえば",
    "mean": "chẳng hạn như, "
  },
  {
    "id": "186641",
    "group": "3",
    "word": "棚",
    "phonetic": "たな",
    "mean": "cái giá, "
  },
  {
    "id": "186786",
    "group": "3",
    "word": "楽しみ",
    "phonetic": "たのしみ",
    "mean": "niềm vui, "
  },
  {
    "id": "111593",
    "group": "1",
    "word": "楽む",
    "phonetic": "たのしむ",
    "mean": "để vui vẻ, "
  },
  {
    "id": "170542",
    "group": "4",
    "word": "為",
    "phonetic": "ため",
    "mean": "bởi vì,  mục đích là, "
  },
  {
    "id": "107621",
    "group": "1",
    "word": "足りる",
    "phonetic": "たりる",
    "mean": "có đủ, "
  },
  {
    "id": "172052",
    "group": "3",
    "word": "男性",
    "phonetic": "だんせい",
    "mean": "đàn ông, "
  },
  {
    "id": "185494",
    "group": "3",
    "word": "暖房",
    "phonetic": "だんぼう",
    "mean": "hệ thống sưởi,  sự sưởi nóng, "
  },
  {
    "id": "32083",
    "group": "3",
    "word": "血",
    "phonetic": "ち",
    "mean": "huyết, "
  },
  {
    "id": "78232",
    "group": "3",
    "word": "力",
    "phonetic": "ちから",
    "mean": "công suất máy, "
  },
  {
    "id": "188179",
    "group": "3",
    "word": "注意",
    "phonetic": "ちゅうい",
    "mean": "sự chú ý,  sự lưu ý, "
  },
  {
    "id": "142442",
    "group": "3",
    "word": "中学校",
    "phonetic": "ちゅうがっこう",
    "mean": "trường trung học, "
  },
  {
    "id": "188172",
    "group": "3",
    "word": "注射",
    "phonetic": "ちゅうしゃ",
    "mean": "sự tiêm,  tiêm chủng ., "
  },
  {
    "id": "42659",
    "group": "3",
    "word": "駐車場",
    "phonetic": "ちゅうしゃじょう",
    "mean": "bãi đỗ xe ., "
  },
  {
    "id": "52016",
    "group": "3",
    "word": "地理",
    "phonetic": "ちり",
    "mean": "địa lý, "
  },
  {
    "id": "100148",
    "group": "1",
    "word": "捕まえる",
    "phonetic": "つかまえる",
    "mean": "bắt,  nắm bắt, "
  },
  {
    "id": "185724",
    "group": "3",
    "word": "月",
    "phonetic": "つき",
    "mean": "mặt trăng, "
  },
  {
    "id": "143734",
    "group": "1",
    "word": "付く",
    "phonetic": "つく",
    "mean": "dính ., "
  },
  {
    "id": "189118",
    "group": "1",
    "word": "漬ける",
    "phonetic": "つける",
    "mean": "chấm, "
  },
  {
    "id": "109246",
    "group": "3",
    "word": "都合",
    "phonetic": "つごう",
    "mean": "sự thuận tiện,  sự thuận lợi, "
  },
  {
    "id": "144057",
    "group": "1",
    "word": "伝える",
    "phonetic": "つたえる",
    "mean": "chuyển biến, "
  },
  {
    "id": "29724",
    "group": "1",
    "word": "続く",
    "phonetic": "つづく",
    "mean": "lai rai, "
  },
  {
    "id": "29725",
    "group": "1",
    "word": "続ける",
    "phonetic": "つづける",
    "mean": "còn, "
  },
  {
    "id": "78498",
    "group": "1",
    "word": "包む",
    "phonetic": "つつむ",
    "mean": "bọc,  gói, "
  },
  {
    "id": "53463",
    "group": "3",
    "word": "妻",
    "phonetic": "つま",
    "mean": "vợ, "
  },
  {
    "id": "109584",
    "group": "1",
    "word": "釣る",
    "phonetic": "つる",
    "mean": "câu cá, "
  },
  {
    "id": "108722",
    "group": "1",
    "word": "連れる",
    "phonetic": "つれる",
    "mean": "dẫn,  dắt, "
  },
  {
    "id": "141749",
    "group": "2",
    "word": "丁寧",
    "phonetic": "ていねい",
    "mean": "cẩn thận, "
  },
  {
    "id": "109050",
    "group": "3",
    "word": "適当",
    "phonetic": "てきとう",
    "mean": "sự tương thích,  sự phù hợp, "
  },
  {
    "id": "99380",
    "group": "1",
    "word": "手伝う",
    "phonetic": "てつだう",
    "mean": "giúp, "
  },
  {
    "id": "99521",
    "group": "3",
    "word": "手袋",
    "phonetic": "てぶくろ",
    "mean": "bít tất tay, "
  },
  {
    "id": "54487",
    "group": "3",
    "word": "寺",
    "phonetic": "てら",
    "mean": "chùa, "
  },
  {
    "id": "170497",
    "group": "3",
    "word": "点",
    "phonetic": "てん",
    "mean": "điểm, "
  },
  {
    "id": "55814",
    "group": "3",
    "word": "店員",
    "phonetic": "てんいん",
    "mean": "người bán hàng,  nhân viên bán hàng, "
  },
  {
    "id": "52997",
    "group": "3",
    "word": "天気予報",
    "phonetic": "てんきよほう",
    "mean": "dự báo thời tiết, "
  },
  {
    "id": "110926",
    "group": "3",
    "word": "電灯",
    "phonetic": "でんとう",
    "mean": "đèn điện, "
  },
  {
    "id": "110807",
    "group": "3",
    "word": "電報",
    "phonetic": "でんぽう",
    "mean": "bức điện,  bức điện tín, "
  },
  {
    "id": "54888",
    "group": "3",
    "word": "展覧会",
    "phonetic": "てんらんかい",
    "mean": "cuộc triển lãm,  cuộc trưng bày, "
  },
  {
    "id": "109241",
    "group": "3",
    "word": "都",
    "phonetic": "と",
    "mean": "thủ đô, "
  },
  {
    "id": "108955",
    "group": "3",
    "word": "道具",
    "phonetic": "どうぐ",
    "mean": "đồ dùng, "
  },
  {
    "id": "78412",
    "group": "3",
    "word": "動物園",
    "phonetic": "どうぶつえん",
    "mean": "vườn bách thú ., "
  },
  {
    "id": "108996",
    "group": "2",
    "word": "遠く",
    "phonetic": "とおく",
    "mean": "nơi xa,  phía xa, "
  },
  {
    "id": "108563",
    "group": "1",
    "word": "通る",
    "phonetic": "とおる",
    "mean": "chạy (tàu xe), "
  },
  {
    "id": "171119",
    "group": "4",
    "word": "特に",
    "phonetic": "とくに",
    "mean": "nhất là,  đặc biệt là, "
  },
  {
    "id": "171125",
    "group": "2",
    "word": "特別",
    "phonetic": "とくべつ",
    "mean": "đặc biệt, "
  },
  {
    "id": "108532",
    "group": "4",
    "word": "途中",
    "phonetic": "とちゅう",
    "mean": "dọc đường, "
  },
  {
    "id": "171180",
    "group": "3",
    "word": "特急",
    "phonetic": "とっきゅう",
    "mean": "sự nhanh đặc biệt,  sự hỏa tốc, "
  },
  {
    "id": "54854",
    "group": "1",
    "word": "届ける",
    "phonetic": "とどける",
    "mean": "đưa đến,  chuyển đến, "
  },
  {
    "id": "188047",
    "group": "1",
    "word": "泊まる",
    "phonetic": "とまる",
    "mean": "dừng thuyền,  đỗ lại, "
  },
  {
    "id": "187145",
    "group": "1",
    "word": "止める",
    "phonetic": "とめる",
    "mean": "cấm chỉ, "
  },
  {
    "id": "79438",
    "group": "1",
    "word": "取り替える",
    "phonetic": "とりかえる",
    "mean": "đổi lại,  thay, "
  },
  {
    "id": "188149",
    "group": "3",
    "word": "泥棒",
    "phonetic": "どろぼう",
    "mean": "kẻ trộm,  kẻ cắp, "
  },
  {
    "id": "172856",
    "group": "1",
    "word": "直す",
    "phonetic": "なおす",
    "mean": "chỉnh,  sửa, "
  },
  {
    "id": "172861",
    "group": "1",
    "word": "直る",
    "phonetic": "なおる",
    "mean": "được sửa,  được chữa, "
  },
  {
    "id": "188021",
    "group": "1",
    "word": "治る",
    "phonetic": "なおる",
    "mean": "cải chính, "
  },
  {
    "id": "117617",
    "group": "4",
    "word": "中々",
    "phonetic": "なかなか",
    "mean": "(câu khẳng định) rất"
  },
  {
    "id": "",
    "mean": ""
  },
  {
    "id": "(câu phủ định) mãi mà ....không",
    "group": "",
    "mean": ""
  },
  {
    "id": "188139",
    "group": "1",
    "word": "泣く",
    "phonetic": "なく",
    "mean": "khóc, "
  },
  {
    "id": "170564",
    "group": "1",
    "word": "無くなる",
    "phonetic": "なくなる",
    "mean": "mất,  hết, "
  },
  {
    "id": "143206",
    "group": "1",
    "word": "亡くなる",
    "phonetic": "なくなる",
    "mean": "chết,  mất, "
  },
  {
    "id": "99676",
    "group": "1",
    "word": "投げる",
    "phonetic": "なげる",
    "mean": "bắn, "
  },
  {
    "id": "42985",
    "group": "1",
    "word": "鳴る",
    "phonetic": "なる",
    "mean": "gáy, "
  },
  {
    "id": "99039",
    "group": "1",
    "word": "慣れる",
    "phonetic": "なれる",
    "mean": "dạn, "
  },
  {
    "id": "78488",
    "group": "3",
    "word": "匂い",
    "phonetic": "におい",
    "mean": "hơi hám, "
  },
  {
    "id": "31489",
    "group": "2",
    "word": "苦い",
    "phonetic": "にがい",
    "mean": "đắng, "
  },
  {
    "id": "143126",
    "group": "2",
    "word": "二階建て",
    "phonetic": "にかいだて",
    "mean": "tòa nhà hai tầng ., "
  },
  {
    "id": "108448",
    "group": "1",
    "word": "逃げる",
    "phonetic": "にげる",
    "mean": "bôn ba, "
  },
  {
    "id": "185113",
    "group": "3",
    "word": "日記",
    "phonetic": "にっき",
    "mean": "nhật ký, "
  },
  {
    "id": "145542",
    "group": "1",
    "word": "入院",
    "phonetic": "にゅういんする",
    "mean": "sự nhập viện,  sự vào nằm viện, "
  },
  {
    "id": "145442",
    "group": "1",
    "word": "入学",
    "phonetic": "にゅうがくする",
    "mean": "sự nhập học,  sự vào học ., "
  },
  {
    "id": "144155",
    "group": "1",
    "word": "似る",
    "phonetic": "にる",
    "mean": "giống, "
  },
  {
    "id": "143413",
    "group": "3",
    "word": "人形",
    "phonetic": "にんぎょう",
    "mean": "búp bê, "
  },
  {
    "id": "172722",
    "group": "1",
    "word": "盗む",
    "phonetic": "ぬすむ",
    "mean": "ăn cắp, "
  },
  {
    "id": "52242",
    "group": "1",
    "word": "塗る",
    "phonetic": "ぬる",
    "mean": "chét, "
  },
  {
    "id": "170347",
    "group": "1",
    "word": "濡れる",
    "phonetic": "ぬれる",
    "mean": "đằm, "
  },
  {
    "id": "144891",
    "group": "3",
    "word": "値段",
    "phonetic": "ねだん",
    "mean": "giá cả, "
  },
  {
    "id": "170849",
    "group": "3",
    "word": "熱",
    "phonetic": "ねつ",
    "mean": "nhiệt độ, "
  },
  {
    "id": "170893",
    "group": "3",
    "word": "熱心",
    "phonetic": "ねっしん",
    "mean": "nhiệt tâm, "
  },
  {
    "id": "54397",
    "group": "3",
    "word": "寝坊",
    "phonetic": "ねぼう",
    "mean": "việc ngủ dậy muộn, "
  },
  {
    "id": "173095",
    "group": "2",
    "word": "眠い",
    "phonetic": "ねむい",
    "mean": "buồn ngủ, "
  },
  {
    "id": "173105",
    "group": "1",
    "word": "眠る",
    "phonetic": "ねむる",
    "mean": "giấc, "
  },
  {
    "id": "187369",
    "group": "1",
    "word": "残る",
    "phonetic": "のこる",
    "mean": "còn lại,  sót lại, "
  },
  {
    "id": "80607",
    "group": "3",
    "word": "喉",
    "phonetic": "のど",
    "mean": "cuống họng, "
  },
  {
    "id": "142690",
    "group": "1",
    "word": "乗り換える",
    "phonetic": "のりかえる",
    "mean": "đổi xe,  chuyển xe, "
  },
  {
    "id": "142692",
    "group": "3",
    "word": "乗り物",
    "phonetic": "のりもの",
    "mean": "phương tiện giao thông ., "
  },
  {
    "id": "31729",
    "group": "3",
    "word": "葉",
    "phonetic": "は",
    "mean": "diệp, "
  },
  {
    "id": "52212",
    "group": "3",
    "word": "場合",
    "phonetic": "ばあい",
    "mean": "trường hợp,  tình huống ., "
  },
  {
    "id": "144809",
    "group": "2",
    "word": "倍",
    "phonetic": "ばい",
    "mean": "sự gấp đôi ., "
  },
  {
    "id": "99952",
    "group": "1",
    "word": "拝見",
    "phonetic": "はいけんする",
    "mean": "xem,  chiêm ngưỡng, "
  },
  {
    "id": "187287",
    "group": "3",
    "word": "歯医者",
    "phonetic": "はいしゃ",
    "mean": "bác sĩ nha khoa,  nha sĩ, "
  },
  {
    "id": "108870",
    "group": "1",
    "word": "運ぶ",
    "phonetic": "はこぶ",
    "mean": "tải, "
  },
  {
    "id": "53484",
    "group": "1",
    "word": "始める",
    "phonetic": "はじめる",
    "mean": "bắt đầu,  khởi đầu, "
  },
  {
    "id": "52220",
    "group": "3",
    "word": "場所",
    "phonetic": "ばしょ",
    "mean": "chỗ, "
  },
  {
    "id": "98557",
    "group": "2",
    "word": "恥ずかしい",
    "phonetic": "はずかしい",
    "mean": "ê mặt, "
  },
  {
    "id": "172496",
    "group": "3",
    "word": "発音",
    "phonetic": "はつおん",
    "mean": "sự phát âm, "
  },
  {
    "id": "31420",
    "group": "3",
    "word": "花見",
    "phonetic": "はなみ",
    "mean": "ngắm hoa anh đào nở,  hội ngắm hoa, "
  },
  {
    "id": "186291",
    "group": "3",
    "word": "林",
    "phonetic": "はやし",
    "mean": "rừng, "
  },
  {
    "id": "99600",
    "group": "1",
    "word": "払う",
    "phonetic": "はらう",
    "mean": "bê,  chuyển dời, "
  },
  {
    "id": "172144",
    "group": "3",
    "word": "番組",
    "phonetic": "ばんぐみ",
    "mean": "chương trình tivi,  kênh ., "
  },
  {
    "id": "79287",
    "group": "3",
    "word": "反対",
    "phonetic": "はんたい",
    "mean": "đối, "
  },
  {
    "id": "184914",
    "group": "3",
    "word": "日",
    "phonetic": "ひ",
    "mean": "mặt trời, "
  },
  {
    "id": "170376",
    "group": "3",
    "word": "火",
    "phonetic": "ひ",
    "mean": "lửa ., "
  },
  {
    "id": "77369",
    "group": "1",
    "word": "冷える",
    "phonetic": "ひえる",
    "mean": "lạnh đi,  nguội đi, "
  },
  {
    "id": "145291",
    "group": "3",
    "word": "光",
    "phonetic": "ひかり",
    "mean": "ánh sáng ., "
  },
  {
    "id": "145296",
    "group": "1",
    "word": "光る",
    "phonetic": "ひかる",
    "mean": "bóng, "
  },
  {
    "id": "56050",
    "group": "3",
    "word": "引き出し",
    "phonetic": "ひきだし",
    "mean": "ngăn kéo, "
  },
  {
    "id": "56051",
    "group": "1",
    "word": "引き出す",
    "phonetic": "ひきだす",
    "mean": "kéo ra,  lấy ra, "
  },
  {
    "id": "42350",
    "group": "3",
    "word": "飛行場",
    "phonetic": "ひこうじょう",
    "mean": "phi trường, "
  },
  {
    "id": "142678",
    "group": "4",
    "word": "久しぶり",
    "phonetic": "ひさしぶり",
    "mean": "đã bao lâu nay ., "
  },
  {
    "id": "30135",
    "group": "3",
    "word": "美術館",
    "phonetic": "びじゅつかん",
    "mean": "bảo tàng mỹ thuật ., "
  },
  {
    "id": "41851",
    "group": "4",
    "word": "非常に",
    "phonetic": "ひじょうに",
    "mean": "khẩn cấp,  cấp bách, "
  },
  {
    "id": "56106",
    "group": "1",
    "word": "引っ越す",
    "phonetic": "ひっこす",
    "mean": "chuyển nhà, "
  },
  {
    "id": "98221",
    "group": "4",
    "word": "必要",
    "phonetic": "ひつよう",
    "mean": "điều tất yếu, "
  },
  {
    "id": "110092",
    "group": "1",
    "word": "開く",
    "phonetic": "ひらく",
    "mean": "há, "
  },
  {
    "id": "185345",
    "group": "3",
    "word": "昼間",
    "phonetic": "ひるま",
    "mean": "ban ngày, "
  },
  {
    "id": "185331",
    "group": "3",
    "word": "昼休み",
    "phonetic": "ひるやすみ",
    "mean": "nghỉ trưa, "
  },
  {
    "id": "99996",
    "group": "1",
    "word": "拾う",
    "phonetic": "ひろう",
    "mean": "lượm, "
  },
  {
    "id": "52298",
    "group": "1",
    "word": "増える",
    "phonetic": "ふえる",
    "mean": "gia tăng, "
  },
  {
    "id": "188638",
    "group": "2",
    "word": "深い",
    "phonetic": "ふかい",
    "mean": "dày, "
  },
  {
    "id": "32464",
    "group": "3",
    "word": "複雑",
    "phonetic": "ふくざつ",
    "mean": "phức tạp, "
  },
  {
    "id": "98068",
    "group": "3",
    "word": "復習",
    "phonetic": "ふくしゅう",
    "mean": "sự ôn tập ., "
  },
  {
    "id": "109216",
    "group": "3",
    "word": "部長",
    "phonetic": "ぶちょう",
    "mean": "trưởng ban, "
  },
  {
    "id": "185436",
    "group": "4",
    "word": "普通",
    "phonetic": "ふつう",
    "mean": "nôm na, "
  },
  {
    "id": "53122",
    "group": "1",
    "word": "太る",
    "phonetic": "ふとる",
    "mean": "béo, "
  },
  {
    "id": "55275",
    "group": "3",
    "word": "布団",
    "phonetic": "ふとん",
    "mean": "nệm,  chăn ., "
  },
  {
    "id": "31176",
    "group": "3",
    "word": "舟",
    "phonetic": "ふね",
    "mean": "tàu,  thuyền ., "
  },
  {
    "id": "142013",
    "group": "3",
    "word": "不便",
    "phonetic": "ふべん",
    "mean": "sự bất tiện,  sự không thuận lợi, "
  },
  {
    "id": "107699",
    "group": "1",
    "word": "踏む",
    "phonetic": "ふむ",
    "mean": "dẫm lên,  trải qua, "
  },
  {
    "id": "4587",
    "group": "1",
    "word": "降り出す",
    "phonetic": "ふりだす",
    "mean": "bắt đầu đổ mưa,  mưa (tuyết) bắt đầu rơi, "
  },
  {
    "id": "101124",
    "group": "3",
    "word": "文化",
    "phonetic": "ぶんか",
    "mean": "văn hóa, "
  },
  {
    "id": "101139",
    "group": "3",
    "word": "文学",
    "phonetic": "ぶんがく",
    "mean": "văn học, "
  },
  {
    "id": "101153",
    "group": "3",
    "word": "文法",
    "phonetic": "ぶんぽう",
    "mean": "ngữ pháp, "
  },
  {
    "id": "77911",
    "group": "2",
    "word": "別",
    "phonetic": "べつ",
    "mean": "đặc biệt,  trừ ra, "
  },
  {
    "id": "52412",
    "group": "2",
    "word": "変",
    "phonetic": "へん",
    "mean": "dấu giáng (âm nhạc), "
  },
  {
    "id": "108262",
    "group": "3",
    "word": "返事",
    "phonetic": "へんじ",
    "mean": "sự trả lời,  sự đáp lời, "
  },
  {
    "id": "107207",
    "group": "3",
    "word": "貿易",
    "phonetic": "ぼうえき",
    "mean": "giao dịch, "
  },
  {
    "id": "100853",
    "group": "1",
    "word": "放送",
    "phonetic": "ほうそうする",
    "mean": "sự phát thanh,  sự loan truyền ., "
  },
  {
    "id": "188077",
    "group": "3",
    "word": "法律",
    "phonetic": "ほうりつ",
    "mean": "đạo luật, "
  },
  {
    "id": "145113",
    "group": "5",
    "word": "僕",
    "phonetic": "ぼく",
    "mean": "tôi, "
  },
  {
    "id": "185271",
    "group": "3",
    "word": "星",
    "phonetic": "ほし",
    "mean": "sao, "
  },
  {
    "id": "173846",
    "group": "3",
    "word": "程",
    "phonetic": "ほど",
    "mean": "bằng, "
  },
  {
    "id": "32469",
    "group": "1",
    "word": "褒める",
    "phonetic": "ほめる",
    "mean": "khen ngợi,  tán dương, "
  },
  {
    "id": "30223",
    "group": "3",
    "word": "翻訳",
    "phonetic": "ほんやく",
    "mean": "sự dịch,  sự giải mã ., "
  },
  {
    "id": "79190",
    "group": "1",
    "word": "参る",
    "phonetic": "まいる",
    "mean": "đi, "
  },
  {
    "id": "106971",
    "group": "1",
    "word": "負ける",
    "phonetic": "まける",
    "mean": "thua,  thất bại, "
  },
  {
    "id": "173091",
    "group": "2",
    "word": "真面目",
    "phonetic": "まじめ",
    "mean": "chăm chỉ,  cần mẫn, "
  },
  {
    "id": "110184",
    "group": "1",
    "word": "間違える",
    "phonetic": "まちがえる",
    "mean": "lầm lẫn, "
  },
  {
    "id": "110160",
    "group": "1",
    "word": "間に合う",
    "phonetic": "まにあう",
    "mean": "kịp thời,  vừa đủ, "
  },
  {
    "id": "80212",
    "group": "3",
    "word": "周り",
    "phonetic": "まわり",
    "mean": "vùng xung quanh,  xung quanh, "
  },
  {
    "id": "80762",
    "group": "1",
    "word": "回る",
    "phonetic": "まわる",
    "mean": "đi quanh,  quay, "
  },
  {
    "id": "189113",
    "group": "3",
    "word": "漫画",
    "phonetic": "まんが",
    "mean": "hí họa, "
  },
  {
    "id": "173061",
    "group": "3",
    "word": "真中",
    "phonetic": "まんなか",
    "mean": "chính giữa ., "
  },
  {
    "id": "32562",
    "group": "1",
    "word": "見える",
    "phonetic": "みえる",
    "mean": "đến, "
  },
  {
    "id": "188880",
    "group": "3",
    "word": "湖",
    "phonetic": "みずうみ",
    "mean": "hồ ., "
  },
  {
    "id": "80237",
    "group": "3",
    "word": "味噌",
    "phonetic": "みそ",
    "mean": "điểm chính,  điểm chủ chốt, "
  },
  {
    "id": "32571",
    "group": "1",
    "word": "見つかる",
    "phonetic": "みつかる",
    "mean": "tìm thấy,  tìm ra ., "
  },
  {
    "id": "32572",
    "group": "1",
    "word": "見つける",
    "phonetic": "みつける",
    "mean": "bắt gặp, "
  },
  {
    "id": "172640",
    "group": "3",
    "word": "皆",
    "phonetic": "みな",
    "mean": "hết thảy, "
  },
  {
    "id": "188865",
    "group": "3",
    "word": "港",
    "phonetic": "みなと",
    "mean": "cảng ., "
  },
  {
    "id": "80103",
    "group": "1",
    "word": "向かう",
    "phonetic": "むかう",
    "mean": "hướng tới,  hướng về, "
  },
  {
    "id": "108218",
    "group": "1",
    "word": "迎える",
    "phonetic": "むかえる",
    "mean": "nghênh tiếp, "
  },
  {
    "id": "185263",
    "group": "3",
    "word": "昔",
    "phonetic": "むかし",
    "mean": "cổ, "
  },
  {
    "id": "31951",
    "group": "3",
    "word": "虫",
    "phonetic": "むし",
    "mean": "con sâu, "
  },
  {
    "id": "98601",
    "group": "3",
    "word": "息子",
    "phonetic": "むすこ",
    "mean": "con trai,  (giải phẫu) dương vật, "
  },
  {
    "id": "53541",
    "group": "3",
    "word": "娘",
    "phonetic": "むすめ",
    "mean": "con gái ., "
  },
  {
    "id": "170643",
    "group": "2",
    "word": "無理",
    "phonetic": "むり",
    "mean": "phi lý, "
  },
  {
    "id": "79717",
    "group": "1",
    "word": "召し上がる",
    "phonetic": "めしあがる",
    "mean": "ăn, "
  },
  {
    "id": "171528",
    "group": "2",
    "word": "珍しい",
    "phonetic": "めずらしい",
    "mean": "hiếm, "
  },
  {
    "id": "172015",
    "group": "1",
    "word": "申し上げる",
    "phonetic": "もうしあげる",
    "mean": "nói,  kể, "
  },
  {
    "id": "172027",
    "group": "1",
    "word": "申す",
    "phonetic": "もうす",
    "mean": "nói là,  được gọi là, "
  },
  {
    "id": "99293",
    "group": "1",
    "word": "戻る",
    "phonetic": "もどる",
    "mean": "quay lại,  trở lại, "
  },
  {
    "id": "185978",
    "group": "3",
    "word": "木綿",
    "phonetic": "もめん",
    "mean": "bông,  cốt tông, "
  },
  {
    "id": "186652",
    "group": "3",
    "word": "森",
    "phonetic": "もり",
    "mean": "rừng, "
  },
  {
    "id": "170739",
    "group": "1",
    "word": "焼く",
    "phonetic": "やく",
    "mean": "đốt cháy, "
  },
  {
    "id": "29216",
    "group": "3",
    "word": "約束",
    "phonetic": "やくそく",
    "mean": "lời hứa, "
  },
  {
    "id": "97809",
    "group": "1",
    "word": "役に立つ",
    "phonetic": "やくにたつ",
    "mean": "có tác dụng,  có ích, "
  },
  {
    "id": "170740",
    "group": "1",
    "word": "焼ける",
    "phonetic": "やける",
    "mean": "nướng,  rán, "
  },
  {
    "id": "145152",
    "group": "2",
    "word": "優しい",
    "phonetic": "やさしい",
    "mean": "dịu dàng,  hiền lành, "
  },
  {
    "id": "172316",
    "group": "1",
    "word": "痩せる",
    "phonetic": "やせる",
    "mean": "ốm, "
  },
  {
    "id": "187142",
    "group": "1",
    "word": "止む",
    "phonetic": "やむ",
    "mean": "đình chỉ,  dừng, "
  },
  {
    "id": "187145",
    "group": "1",
    "word": "止める",
    "phonetic": "やめる",
    "mean": "cấm chỉ, "
  },
  {
    "id": "186380",
    "group": "2",
    "word": "柔らかい",
    "phonetic": "やわらかい",
    "mean": "êm, "
  },
  {
    "id": "188887",
    "group": "3",
    "word": "湯",
    "phonetic": "ゆ",
    "mean": "nước sôi, "
  },
  {
    "id": "108043",
    "group": "1",
    "word": "輸出",
    "phonetic": "ゆしゅつする",
    "mean": "sự xuất khẩu, "
  },
  {
    "id": "107991",
    "group": "1",
    "word": "輸入",
    "phonetic": "ゆにゅうする",
    "mean": "sự nhập khẩu ., "
  },
  {
    "id": "100026",
    "group": "3",
    "word": "指",
    "phonetic": "ゆび",
    "mean": "ngón, "
  },
  {
    "id": "100068",
    "group": "3",
    "word": "指輪",
    "phonetic": "ゆびわ",
    "mean": "nhẫn,  cà rá, "
  },
  {
    "id": "52651",
    "group": "3",
    "word": "夢",
    "phonetic": "ゆめ",
    "mean": "chiêm bao, "
  },
  {
    "id": "100521",
    "group": "1",
    "word": "揺れる",
    "phonetic": "ゆれる",
    "mean": "bập bồng, "
  },
  {
    "id": "171938",
    "group": "3",
    "word": "用",
    "phonetic": "よう",
    "mean": "công việc,  việc bận, "
  },
  {
    "id": "171948",
    "group": "3",
    "word": "用意",
    "phonetic": "ようい",
    "mean": "sẵn sàng, "
  },
  {
    "id": "171940",
    "group": "3",
    "word": "用事",
    "phonetic": "ようじ",
    "mean": "việc bận, "
  },
  {
    "id": "187864",
    "group": "1",
    "word": "汚れる",
    "phonetic": "よごれる",
    "mean": "cơ thể không sạch sẽ, "
  },
  {
    "id": "142873",
    "group": "3",
    "word": "予習",
    "phonetic": "よしゅう",
    "mean": "sự soạn bài ., "
  },
  {
    "id": "142849",
    "group": "3",
    "word": "予定",
    "phonetic": "よてい",
    "mean": "dự định, "
  },
  {
    "id": "142870",
    "group": "3",
    "word": "予約",
    "phonetic": "よやく",
    "mean": "dự ước, "
  },
  {
    "id": "54282",
    "group": "1",
    "word": "寄る",
    "phonetic": "よる",
    "mean": "ghé, "
  },
  {
    "id": "80627",
    "group": "1",
    "word": "喜ぶ",
    "phonetic": "よろこぶ",
    "mean": "hí hửng, "
  },
  {
    "id": "171653",
    "group": "3",
    "word": "理由",
    "phonetic": "りゆう",
    "mean": "cớ, "
  },
  {
    "id": "77957",
    "group": "3",
    "word": "利用",
    "phonetic": "りよう",
    "mean": "sự lợi dụng,  sự áp dụng, "
  },
  {
    "id": "142317",
    "group": "3",
    "word": "両方",
    "phonetic": "りょうほう",
    "mean": "hai bên, "
  },
  {
    "id": "184885",
    "group": "3",
    "word": "旅館",
    "phonetic": "りょかん",
    "mean": "chỗ trọ, "
  },
  {
    "id": "172109",
    "group": "3",
    "word": "留守",
    "phonetic": "るす",
    "mean": "sự vắng nhà, "
  },
  {
    "id": "77402",
    "group": "3",
    "word": "冷房",
    "phonetic": "れいぼう",
    "mean": "phòng lạnh ., "
  },
  {
    "id": "187311",
    "group": "3",
    "word": "歴史",
    "phonetic": "れきし",
    "mean": "lịch sử, "
  },
  {
    "id": "108749",
    "group": "3",
    "word": "連絡",
    "phonetic": "れんらく",
    "mean": "sự liên lạc,  sự trao đổi thông tin, "
  },
  {
    "id": "187992",
    "group": "1",
    "word": "沸かす",
    "phonetic": "わかす",
    "mean": "đun, "
  },
  {
    "id": "77918",
    "group": "1",
    "word": "別れる",
    "phonetic": "わかれる",
    "mean": "chia tay,  ly biệt, "
  },
  {
    "id": "187994",
    "group": "1",
    "word": "沸く",
    "phonetic": "わく",
    "mean": "sôi lên, "
  },
  {
    "id": "33038",
    "group": "3",
    "word": "訳",
    "phonetic": "わけ",
    "mean": "lý do,  nguyên nhân, "
  },
  {
    "id": "98270",
    "group": "3",
    "word": "忘れ物",
    "phonetic": "わすれもの",
    "mean": "đồ bị bỏ quên,  vật bị bỏ quên, "
  },
  {
    "id": "174271",
    "group": "1",
    "word": "笑う",
    "phonetic": "わらう",
    "mean": "cười,  mỉm cười, "
  },
  {
    "id": "78183",
    "group": "3",
    "word": "割合",
    "phonetic": "わりあい",
    "mean": "tỷ lệ, "
  },
  {
    "id": "78180",
    "group": "1",
    "word": "割れる",
    "phonetic": "われる",
    "mean": "bể, "
  },
  {
    "id": "210768",
    "group": "3",
    "word": "泳ぎ方",
    "phonetic": "およぎかた",
    "mean": "cách bơi, "
  },
  {
    "id": "",
    "mean": ""
  }
]