{"status":200,"message":"","results":[{"id":"93020c54469e582d6fdb16f7ba4a8bff","key":"N3","value":{"_id":"93020c54469e582d6fdb16f7ba4a8bff","_rev":"3-6e839c7c1be7a58c0b569a1a5a08fade","type":"grammar","lang":["vi"],"label":"ja_vi","level":"N3","title":"～こそ／～からこそ","usages":[{"synopsis":"  N + こそ 普通形 + からこそ  (thể Futsuukei) ","explain":null,"mean":"強調を表す。 Thể hiện &yacute; nhấn mạnh ","note":null,"examples":["93020c54469e582d6fdb16f7ba4a6544","93020c54469e582d6fdb16f7ba4a6efb","93020c54469e582d6fdb16f7ba4a71e9","93020c54469e582d6fdb16f7ba4a7c23"]}]}},{"id":"93020c54469e582d6fdb16f7ba6d2308","key":"N3","value":{"_id":"93020c54469e582d6fdb16f7ba6d2308","_rev":"1-35355dc0a6252136401a908e9e2d65ea","type":"grammar","lang":["vi"],"label":"ja_vi","level":"N3","title":"〜たばかり     =>Vừa mới (làm gì)","usages":[{"synopsis":"  Vたばかり  ","explain":"  ☞D&ugrave;ng để thể hiện một h&agrave;nh động vừa mới kết th&uacute;c trong thời gian gần so với hiện tại. ☞Mẫu c&acirc;u n&agrave;y biểu thị một việc g&igrave; đ&oacute; xảy ra c&aacute;ch thời điểm hiện tại chưa l&acirc;u (theo cảm nhận của người n&oacute;i). Khoảng thời gian thực tế từ l&uacute;c sự việc đ&oacute; xảy ra đến thời điểm hiện tại c&oacute; thể d&agrave;i ngắn kh&aacute;c nhau, nhưng nếu người n&oacute;i cảm nhận khoảng thời gian đ&oacute; l&agrave; ngắn th&igrave; c&oacute; thể d&ugrave;ng mẫu c&acirc;u n&agrave;y. ","mean":" : Vừa mới (l&agrave;m g&igrave;) ","note":"  Trong văn n&oacute;i, c&oacute; thể chuyển th&agrave;nh &ldquo;ばっか&rdquo;. Vたばっか まさか、今起きたばっかなの。まさか、いまおきたばっかなの。 C&oacute; lẽ n&agrave;o, b&acirc;y giờ mới dậy đ&oacute; hả? ","examples":["93020c54469e582d6fdb16f7ba6ce446","93020c54469e582d6fdb16f7ba6cf3da","93020c54469e582d6fdb16f7ba6d01d4","93020c54469e582d6fdb16f7ba6d10a0","93020c54469e582d6fdb16f7ba6d1333","93020c54469e582d6fdb16f7ba6d1ce4"]}]}},{"id":"93020c54469e582d6fdb16f7ba6d4de0","key":"N3","value":{"_id":"93020c54469e582d6fdb16f7ba6d4de0","_rev":"1-d5c3dc5f87d7381045249cc09cdf6e20","type":"grammar","lang":["vi"],"label":"ja_vi","level":"N3","title":"ようになる     =>Trở nên, trở thành","usages":[{"synopsis":"  V辞書形 ＋ ようになる  ","explain":"  D&ugrave;ng để thể hiện một sự biến đổi, thay đổi. ","mean":" : Trở n&ecirc;n, trở th&agrave;nh ","note":"  ☞Thường d&ugrave;ng với động từ thể khả năng hoặc tự động từ thể hiện khả năng. V可能形／見える、わかる、聞こえるなど ＋ ようになる 田中さんが教えてもらったので、今もわかるようになりました。 たなかさんがおしえてもらったので、いまもわかるようになりました。 V&igrave; anh Tanaka đ&atilde; chỉ cho n&ecirc;n giờ cũng đ&atilde; hiểu rồi. ☞Thể phủ định nối tiếp, thể hiện sự biến đổi phủ định. Ｖないように&rarr;なくなる 高いビルが建ったので、まどから山が見えなくなりました。たかいビルがたったので、まどからやまがみえなくなりました。 V&igrave; to&agrave; nh&agrave; cao đ&atilde; x&acirc;y l&ecirc;n n&ecirc;n trở n&ecirc;n kh&ocirc;ng thể nh&igrave;n thấy n&uacute;i từ cửa sổ nữa. ","examples":["93020c54469e582d6fdb16f7ba6d2360","93020c54469e582d6fdb16f7ba6d3354","93020c54469e582d6fdb16f7ba6d33cc","93020c54469e582d6fdb16f7ba6d4012","93020c54469e582d6fdb16f7ba6d4c88"]}]}},{"id":"93020c54469e582d6fdb16f7ba6d8b12","key":"N3","value":{"_id":"93020c54469e582d6fdb16f7ba6d8b12","_rev":"1-10a54a8425d86fc11515bcda8dcf60af","type":"grammar","lang":["vi"],"label":"ja_vi","level":"N3","title":"ことになる     =>Được quyết định là, được sắp xếp là, trở nên","usages":[{"synopsis":"  Ｖる・Ｖない ＋ ことになる  ","explain":"  ☞D&ugrave;ng khi thể hiện sự việc đ&atilde; được quyết định, sắp xếp rồi. ☞D&ugrave;ng khi muốn n&oacute;i rằng: từ một t&igrave;nh huống n&agrave;o đ&oacute; th&igrave; suy ra đương nhi&ecirc;n l&agrave; như thế. ","mean":" : Được quyết định l&agrave;, được sắp xếp l&agrave;, trở n&ecirc;n ","note":"  ☞Mẫu c&acirc;u thường xuy&ecirc;n được sử dụng v&igrave; khi thể hiện &yacute; nghĩa được quyết định th&igrave; kh&ocirc;ng nhất thiết phải c&oacute; người/nh&acirc;n tố đ&atilde; ra quyết định trong c&acirc;u. ☞Đối với &yacute; nghĩa &ldquo;trở n&ecirc;n&rdquo; th&igrave; ph&iacute;a trước th&igrave; c&oacute; t&igrave;nh huống giả định hoặc giải th&iacute;ch l&yacute; do cho sự đương nhi&ecirc;n đ&oacute;. ","examples":["93020c54469e582d6fdb16f7ba6d5094","93020c54469e582d6fdb16f7ba6d5d0c","93020c54469e582d6fdb16f7ba6d6c1d","93020c54469e582d6fdb16f7ba6d7be8","93020c54469e582d6fdb16f7ba6d8938"]}]}},{"id":"93020c54469e582d6fdb16f7ba6dbd73","key":"N3","value":{"_id":"93020c54469e582d6fdb16f7ba6dbd73","_rev":"1-0d405948785201ea193c6a2ab57aea9c","type":"grammar","lang":["vi"],"label":"ja_vi","level":"N3","title":"とても〜ない     =>Không thể nào mà","usages":[{"synopsis":"  とても Ｖない  ","explain":"  D&ugrave;ng để thể hiện một c&aacute;ch mạnh mẽ rằng kh&ocirc;ng thể n&agrave;o l&agrave;m được việc g&igrave; đ&oacute;. ","mean":" : Kh&ocirc;ng thể n&agrave;o m&agrave; ","note":"  ☞Động từ ch&iacute;nh thường được chia ở thể khả năng hoặc l&agrave; tự động tự chỉ khả năng. とてもV可能形ない／見えない、わからない、聞こえないなど 彼の説明が悪かったので、とても何もわからないよ。 かれのせつめいがわるかったので、とてもなにもわからないよ。 C&aacute;ch giải th&iacute;ch của anh ta tệ qu&aacute; n&ecirc;n rất kh&ocirc;ng hiểu g&igrave; cả. ","examples":["93020c54469e582d6fdb16f7ba6d903b","93020c54469e582d6fdb16f7ba6d926f","93020c54469e582d6fdb16f7ba6d9d7a","93020c54469e582d6fdb16f7ba6da333","93020c54469e582d6fdb16f7ba6dada0"]}]}},{"id":"93020c54469e582d6fdb16f7ba6dec17","key":"N3","value":{"_id":"93020c54469e582d6fdb16f7ba6dec17","_rev":"1-61237095ccb633f62391b70a79f5f97f","type":"grammar","lang":["vi"],"label":"ja_vi","level":"N3","title":"〜らしい     =>Có vẻ là, dường như là, nghe nói là","usages":[{"synopsis":"  普通形[Ａな、Ｎだ] らしい  ","explain":"  D&ugrave;ng để thể hiện lại những g&igrave; người n&oacute;i nh&igrave;n thấy, nghe thấy, cảm nhận thấy. ","mean":" : C&oacute; vẻ l&agrave;, dường như l&agrave;, nghe n&oacute;i l&agrave; ","note":"  ☞D&ugrave;ng để biểu hiện sự suy luận chắc chắn từ th&ocirc;ng tin đ&atilde; nghe được về chủ đề, chứ kh&ocirc;ng hẳn chỉ l&agrave; truyền đạt lại th&ocirc;ng tin. &diams; V&iacute; dụ: あの人は何なの？ゆきさんの友達らしいだ。 あの人は何なの？ゆきさんの友達らしいだ。 C&aacute;i người kia l&agrave; g&igrave; vậy? Tr&ocirc;ng c&oacute; vẻ l&agrave; bạn của Yuki. ☞&ldquo;らしい&rdquo;c&ograve;n được d&ugrave;ng sau một số danh từ để thể hiện h&agrave;nh vi, t&iacute;nh c&aacute;ch của con người. Ｎらしい＝子供らしい、女らしい、男らしい、大人らしいなど ５歳だが、話し方は子供らしくない。 ５さいだが、はなしかたはこどもらしくない。 Mới c&oacute; 5 tuổi th&ocirc;i nhưng c&aacute;ch n&oacute;i chuyện th&igrave; kh&ocirc;ng c&oacute; vẻ con n&iacute;t đ&acirc;u. ","examples":["93020c54469e582d6fdb16f7ba6dcb0f","93020c54469e582d6fdb16f7ba6dd22b","93020c54469e582d6fdb16f7ba6dd727","93020c54469e582d6fdb16f7ba6de5c4","93020c54469e582d6fdb16f7ba6dea09"]}]}},{"id":"93020c54469e582d6fdb16f7ba6e2180","key":"N3","value":{"_id":"93020c54469e582d6fdb16f7ba6e2180","_rev":"1-dd1c59711cc1adffcd2a7df05805ddd5","type":"grammar","lang":["vi"],"label":"ja_vi","level":"N3","title":"〜てはじめて（～て初めて）     =>Rồi thì mới, sau khi…rồi thì mới…","usages":[{"synopsis":"  Vて はじめて  ","explain":"  D&ugrave;ng để thể hiện trong trường hợp: Sau khi thực tế l&agrave;m g&igrave; đ&oacute; (việc m&agrave; trước đ&oacute; chưa l&agrave;m) rồi th&igrave; mới trở n&ecirc;n một trạng th&aacute;i kh&aacute;c. ","mean":" : Rồi th&igrave; mới, sau khi&hellip;rồi th&igrave; mới&hellip; ","note":null,"examples":["93020c54469e582d6fdb16f7ba6ded53","93020c54469e582d6fdb16f7ba6df4da","93020c54469e582d6fdb16f7ba6dfe93","93020c54469e582d6fdb16f7ba6e082f","93020c54469e582d6fdb16f7ba6e1703","93020c54469e582d6fdb16f7ba6e1fbf"]}]}},{"id":"93020c54469e582d6fdb16f7ba6e48f6","key":"N3","value":{"_id":"93020c54469e582d6fdb16f7ba6e48f6","_rev":"1-32bcd00426edf5a45c7ebbc9e31d09bb","type":"grammar","lang":["vi"],"label":"ja_vi","level":"N3","title":"～ないで     => Xin đừng ~","usages":[{"synopsis":"  Vない &rarr; ないで  ","explain":"  Hầu hết chỉ d&ugrave;ng trong c&acirc;u mệnh lệnh, y&ecirc;u cầu. ","mean":" : Xin đừng ~ ","note":null,"examples":["93020c54469e582d6fdb16f7ba6e266f","93020c54469e582d6fdb16f7ba6e308c","93020c54469e582d6fdb16f7ba6e39d8","93020c54469e582d6fdb16f7ba6e43c1"]}]}},{"id":"93020c54469e582d6fdb16f7ba6e8ea6","key":"N3","value":{"_id":"93020c54469e582d6fdb16f7ba6e8ea6","_rev":"1-213479b3c5f356360d5886fad1224b9e","type":"grammar","lang":["vi"],"label":"ja_vi","level":"N3","title":"～によって     =>Do, vì, bởi, tùy vào","usages":[{"synopsis":"  普通形 ＋ によって  ","explain":"  ☞D&ugrave;ng để biểu thị nguy&ecirc;n nh&acirc;n, l&yacute; do. ☞D&ugrave;ng để thể hiện chủ thể của h&agrave;nh động. ☞D&ugrave;ng để biểu thị phương ph&aacute;p, c&aacute;ch thức. ","mean":" : Do, v&igrave;, bởi, t&ugrave;y v&agrave;o ","note":null,"examples":["93020c54469e582d6fdb16f7ba6e4fcd","93020c54469e582d6fdb16f7ba6e5c03","93020c54469e582d6fdb16f7ba6e5f28","93020c54469e582d6fdb16f7ba6e6c09","93020c54469e582d6fdb16f7ba6e770d","93020c54469e582d6fdb16f7ba6e8225"]}]}},{"id":"93020c54469e582d6fdb16f7ba6ec0ed","key":"N3","value":{"_id":"93020c54469e582d6fdb16f7ba6ec0ed","_rev":"1-11766385fdbfd4e4c41efd033850da82","type":"grammar","lang":["vi"],"label":"ja_vi","level":"N3","title":"～のような     =>Giống như, như là ~","usages":[{"synopsis":"  普通形 ＋ のような  ","explain":null,"mean":" : Giống như, như l&agrave; ~ ","note":null,"examples":["93020c54469e582d6fdb16f7ba6e97da","93020c54469e582d6fdb16f7ba6ea32e","93020c54469e582d6fdb16f7ba6eaaff","93020c54469e582d6fdb16f7ba6eb87f"]}]}},{"id":"93020c54469e582d6fdb16f7ba6ee1c8","key":"N3","value":{"_id":"93020c54469e582d6fdb16f7ba6ee1c8","_rev":"1-2cb87aa1626f5cfae09292890c63857a","type":"grammar","lang":["vi"],"label":"ja_vi","level":"N3","title":"～ば～ほど     =>Càng ~ thì càng ~","usages":[{"synopsis":"  普通形 ～ば～ほど  ","explain":"  ～C&oacute; thể d&ugrave;ng l&agrave; ～たら／なら～ほどvới danh từ (～たら／～なら) v&agrave; động từ (～ら) ","mean":" : C&agrave;ng ~ th&igrave; c&agrave;ng ~ ","note":null,"examples":["93020c54469e582d6fdb16f7ba6ec5f3","93020c54469e582d6fdb16f7ba6ecd5a","93020c54469e582d6fdb16f7ba6ed308","93020c54469e582d6fdb16f7ba6ed3fc","93020c54469e582d6fdb16f7ba6edeed"]}]}},{"id":"93020c54469e582d6fdb16f7ba6ef95a","key":"N3","value":{"_id":"93020c54469e582d6fdb16f7ba6ef95a","_rev":"1-243f1a68fd318aa4a5fb0968d27b41cd","type":"grammar","lang":["vi"],"label":"ja_vi","level":"N3","title":"～ばかり     =>Toàn, chỉ ~","usages":[{"synopsis":"  N／Ｖて ＋ ばかり  ","explain":null,"mean":" : To&agrave;n, chỉ ~ ","note":null,"examples":["93020c54469e582d6fdb16f7ba6eeca9","93020c54469e582d6fdb16f7ba6eed3b","93020c54469e582d6fdb16f7ba6ef302","93020c54469e582d6fdb16f7ba6ef794"]}]}},{"id":"93020c54469e582d6fdb16f7ba6f3f23","key":"N3","value":{"_id":"93020c54469e582d6fdb16f7ba6f3f23","_rev":"1-65c5d76350266727cf2413574486cc1a","type":"grammar","lang":["vi"],"label":"ja_vi","level":"N3","title":"～は～でゆうめい（～は～で有名）     =>Nổi tiếng với, vì ~","usages":[{"synopsis":"  N～は～で有名   ","explain":null,"mean":" : Nổi tiếng với, v&igrave; ~ ","note":null,"examples":["93020c54469e582d6fdb16f7ba6f0499","93020c54469e582d6fdb16f7ba6f1408","93020c54469e582d6fdb16f7ba6f1492","93020c54469e582d6fdb16f7ba6f1e74","93020c54469e582d6fdb16f7ba6f26f9","93020c54469e582d6fdb16f7ba6f366f"]}]}},{"id":"93020c54469e582d6fdb16f7ba6f6f90","key":"N3","value":{"_id":"93020c54469e582d6fdb16f7ba6f6f90","_rev":"1-81145f0222c8b632b55b8f84e871192f","type":"grammar","lang":["vi"],"label":"ja_vi","level":"N3","title":"Ｎ＋をはじめ（N+を始め）     =>Trước tiên là, trước hết là","usages":[{"synopsis":"  N ＋ を始め  ","explain":"  C&aacute;ch n&oacute;i đưa ra một c&aacute;i điển h&igrave;nh để tr&igrave;nh b&agrave;y nội dung sự việc. ","mean":" : Trước ti&ecirc;n l&agrave;, trước hết l&agrave; ","note":null,"examples":["93020c54469e582d6fdb16f7ba6f45f4","93020c54469e582d6fdb16f7ba6f54ca","93020c54469e582d6fdb16f7ba6f5fa2","93020c54469e582d6fdb16f7ba6f6956"]}]}},{"id":"93020c54469e582d6fdb16f7ba6f87a4","key":"N3","value":{"_id":"93020c54469e582d6fdb16f7ba6f87a4","_rev":"1-98f9cc87389b1b6e2da32b9266c52f51","type":"grammar","lang":["vi"],"label":"ja_vi","level":"N3","title":"～てき（～的）     =>Mang tính~","usages":[{"synopsis":"  N ＋ 的  ","explain":null,"mean":" : Mang t&iacute;nh~ ","note":null,"examples":["93020c54469e582d6fdb16f7ba6f6f96","93020c54469e582d6fdb16f7ba6f7648","93020c54469e582d6fdb16f7ba6f7b87","93020c54469e582d6fdb16f7ba6f8644"]}]}},{"id":"93020c54469e582d6fdb16f7ba6f996f","key":"N3","value":{"_id":"93020c54469e582d6fdb16f7ba6f996f","_rev":"1-c648bc4909106110736aaedee3bf7d92","type":"grammar","lang":["vi"],"label":"ja_vi","level":"N3","title":"～は～くらいです     =>Khoảng cỡ, đến mức, như là…","usages":[{"synopsis":"  Nは ～くらいです  ","explain":"  Chỉ mức độ của trạng th&aacute;i. ","mean":" : Khoảng cỡ, đến mức, như l&agrave;&hellip; ","note":null,"examples":["93020c54469e582d6fdb16f7ba6f9569","93020c54469e582d6fdb16f7ba6f98a8"]}]}},{"id":"93020c54469e582d6fdb16f7ba6fc8aa","key":"N3","value":{"_id":"93020c54469e582d6fdb16f7ba6fc8aa","_rev":"1-b6b367229a163a23cd00515819fa6c6b","type":"grammar","lang":["vi"],"label":"ja_vi","level":"N3","title":"～さえ～ば     =>Chỉ cần, ngay cả, thậm chí~","usages":[{"synopsis":"  Vます／Vて  ＋ さえ（すれば）  ","explain":null,"mean":null,"note":null,"examples":[]},{"synopsis":"  Aい＋く   Aな＋で  ＋さえ（あれば・いれば・なれば） ","explain":"  Khi d&ugrave;ng mẫu c&acirc;u n&agrave;y d&ugrave;ng để nhấn mạnh từ trước n&oacute; với &yacute; nghĩa chỉ cần, ngay cả, thậm ch&iacute;. ","mean":" : Chỉ cần, ngay cả, thậm ch&iacute;~ ","note":null,"examples":["93020c54469e582d6fdb16f7ba6f9cdd","93020c54469e582d6fdb16f7ba6fab15","93020c54469e582d6fdb16f7ba6fb383","93020c54469e582d6fdb16f7ba6fb938","93020c54469e582d6fdb16f7ba6fbd3f","93020c54469e582d6fdb16f7ba6fc0d8"]}]}},{"id":"93020c54469e582d6fdb16f7ba70071d","key":"N3","value":{"_id":"93020c54469e582d6fdb16f7ba70071d","_rev":"1-d8de812d63de02418a26e6ef8348c697","type":"grammar","lang":["vi"],"label":"ja_vi","level":"N3","title":"～ほど     =>Đến mức, nhất là, như là","usages":[{"synopsis":"  Vる／Aい／Aな／N ＋ ほど  ","explain":"  Với h&igrave;nh thức 「AほどBだ」mẫu c&acirc;u n&agrave;y diễn đạt &yacute; &ldquo;mức độ của A tăng th&igrave; mức độ của B cũng tăng theo&rdquo; ","mean":" : Đến mức, nhất l&agrave;, như l&agrave; ","note":null,"examples":["93020c54469e582d6fdb16f7ba6fd7bd","93020c54469e582d6fdb16f7ba6fdcea","93020c54469e582d6fdb16f7ba6fe1e2","93020c54469e582d6fdb16f7ba6fe420","93020c54469e582d6fdb16f7ba6ff30e","93020c54469e582d6fdb16f7ba6ff3a7","93020c54469e582d6fdb16f7ba6ffe66"]}]}},{"id":"93020c54469e582d6fdb16f7ba702ae3","key":"N3","value":{"_id":"93020c54469e582d6fdb16f7ba702ae3","_rev":"1-6c04fae1f25091e649311bdbe8012bba","type":"grammar","lang":["vi"],"label":"ja_vi","level":"N3","title":"～まま     =>Cứ để nguyên, vẫn giữ nguyên tình trạng","usages":[{"synopsis":"  Vた ＋ まま  ","explain":"  Diễn tả t&igrave;nh trạng kh&ocirc;ng thay đổi, tiếp tục chuyện giống y như vậy. ","mean":" : Cứ để nguy&ecirc;n, vẫn giữ nguy&ecirc;n t&igrave;nh trạng. ","note":null,"examples":["93020c54469e582d6fdb16f7ba700d4a","93020c54469e582d6fdb16f7ba700ff9","93020c54469e582d6fdb16f7ba70157b","93020c54469e582d6fdb16f7ba70252a"]}]}},{"id":"93020c54469e582d6fdb16f7ba705c65","key":"N3","value":{"_id":"93020c54469e582d6fdb16f7ba705c65","_rev":"1-2fb17280d04e676414ef49ac522eb088","type":"grammar","lang":["vi"],"label":"ja_vi","level":"N3","title":"～わざわざ     =>Có nhã ý, có thành ý","usages":[{"synopsis":"  ～わざわざ  ","explain":"  L&agrave; trạng từ thường được d&ugrave;ng để chỉ sự mất c&ocirc;ng sức l&agrave;m việc g&igrave; đ&oacute; v&agrave; thể hiện sự cảm ơn, biết ơn. ","mean":" : C&oacute; nh&atilde; &yacute;, c&oacute; th&agrave;nh &yacute; ","note":null,"examples":["93020c54469e582d6fdb16f7ba7035d7","93020c54469e582d6fdb16f7ba703917","93020c54469e582d6fdb16f7ba7046a7","93020c54469e582d6fdb16f7ba704ce3","93020c54469e582d6fdb16f7ba705c35"]}]}},{"id":"93020c54469e582d6fdb16f7ba709316","key":"N3","value":{"_id":"93020c54469e582d6fdb16f7ba709316","_rev":"1-83d4ce78ed27603a6e40ce150809fc66","type":"grammar","lang":["vi"],"label":"ja_vi","level":"N3","title":"～としたら     =>Giả sử, nếu cho rằng…","usages":[{"synopsis":"  普通形 ＋ としたら  ","explain":"  Thể hiện mong muốn giả định. ","mean":" : Giả sử, nếu cho rằng&hellip; ","note":null,"examples":["93020c54469e582d6fdb16f7ba70615b","93020c54469e582d6fdb16f7ba706d05","93020c54469e582d6fdb16f7ba70764a","93020c54469e582d6fdb16f7ba70825d","93020c54469e582d6fdb16f7ba708690","93020c54469e582d6fdb16f7ba708743"]}]}},{"id":"93020c54469e582d6fdb16f7ba70cdba","key":"N3","value":{"_id":"93020c54469e582d6fdb16f7ba70cdba","_rev":"1-4f513fe99e1b5e001b28ffdbbf3464ee","type":"grammar","lang":["vi"],"label":"ja_vi","level":"N3","title":"～たものだ     =>Thường hay…","usages":[{"synopsis":"  Vた ＋ ものだ   ","explain":"  D&ugrave;ng để hồi tưởng bao gồm t&acirc;m trạng, cảm x&uacute;c về những sự việc được thực hiện theo th&oacute;i quen trong qu&aacute; khứ. ","mean":" : Thường hay&hellip; ","note":null,"examples":["93020c54469e582d6fdb16f7ba70a244","93020c54469e582d6fdb16f7ba70ad19","93020c54469e582d6fdb16f7ba70b4f0","93020c54469e582d6fdb16f7ba70c266","93020c54469e582d6fdb16f7ba70cd30"]}]}},{"id":"93020c54469e582d6fdb16f7ba70f34d","key":"N3","value":{"_id":"93020c54469e582d6fdb16f7ba70f34d","_rev":"1-46b331b9705cad23907d356a6ab765fe","type":"grammar","lang":["vi"],"label":"ja_vi","level":"N3","title":"～たて     =>Vừa mới…","usages":[{"synopsis":" Vます(ます)  ＋ たて ＋ のN  ＋ たてです。  ","explain":"  ☞Thể hiện &yacute; nghĩa vừa l&agrave;m g&igrave; đ&oacute; th&ocirc;ng qua h&igrave;nh thức động từ li&ecirc;n dụng. ☞Động từ c&oacute; thể sử dụng cho mẫu c&acirc;u n&agrave;y được hạn chế. ","mean":" : Vừa mới&hellip; ","note":"  Trường hợp động từ sau đ&acirc;y kh&ocirc;ng d&ugrave;ng được cho mẫu c&acirc;u n&agrave;y. &times; 読みたての本 よみたてのほん。 ○ 読んだばかりの本 よんだばかりのほん。 Quyển s&aacute;ch vừa đọc. ","examples":["93020c54469e582d6fdb16f7ba70ce07","93020c54469e582d6fdb16f7ba70d959","93020c54469e582d6fdb16f7ba70dec5","93020c54469e582d6fdb16f7ba70e35c"]}]}},{"id":"93020c54469e582d6fdb16f7ba711fb9","key":"N3","value":{"_id":"93020c54469e582d6fdb16f7ba711fb9","_rev":"1-c49fd2c7c3aa0841f8b373240e1c1e64","type":"grammar","lang":["vi"],"label":"ja_vi","level":"N3","title":"～ぐらい     =>Đến mức, đến độ, khoảng cỡ…","usages":[{"synopsis":"  Vる／Vない／Aい／Aな／N ＋ ぐらい  ","explain":"  Biểu thị mức độ trạng th&aacute;i. ","mean":" : Đến mức, đến độ, khoảng cỡ&hellip; ","note":null,"examples":["93020c54469e582d6fdb16f7ba710108","93020c54469e582d6fdb16f7ba71040f","93020c54469e582d6fdb16f7ba7106ab","93020c54469e582d6fdb16f7ba710e27","93020c54469e582d6fdb16f7ba71193a"]}]}},{"id":"93020c54469e582d6fdb16f7ba713dcf","key":"N3","value":{"_id":"93020c54469e582d6fdb16f7ba713dcf","_rev":"1-267b3b18c3a18cd7423263647ed9b540","type":"grammar","lang":["vi"],"label":"ja_vi","level":"N3","title":"～かえって     =>Ngược lại, trái lại","usages":[{"synopsis":"  ～かえって  ","explain":"  Diễn tả kết quả sự việc ngược lại với kết quả dự đo&aacute;n, mục đ&iacute;ch. ","mean":" : Ngược lại, tr&aacute;i lại ","note":null,"examples":["93020c54469e582d6fdb16f7ba71205e","93020c54469e582d6fdb16f7ba7127fd","93020c54469e582d6fdb16f7ba712f3d","93020c54469e582d6fdb16f7ba713862","93020c54469e582d6fdb16f7ba713c55"]}]}},{"id":"93020c54469e582d6fdb16f7ba71770c","key":"N3","value":{"_id":"93020c54469e582d6fdb16f7ba71770c","_rev":"1-a513cdaa8ac28e4c88a6f9e66a70839d","type":"grammar","lang":["vi"],"label":"ja_vi","level":"N3","title":"～には～の～がある     =>Đối với…sẽ có","usages":[{"synopsis":"  Nには～の～がある  ","explain":"  D&ugrave;ng để nhấn mạnh chủ thể c&oacute; những đặc điểm ri&ecirc;ng biệt, chủ thể đ&oacute; c&oacute; thể l&agrave; người, đồ vật, sự việc. ","mean":" : Đối với&hellip;sẽ c&oacute; ","note":null,"examples":["93020c54469e582d6fdb16f7ba714366","93020c54469e582d6fdb16f7ba714f14","93020c54469e582d6fdb16f7ba715227","93020c54469e582d6fdb16f7ba7160f8","93020c54469e582d6fdb16f7ba7168a1","93020c54469e582d6fdb16f7ba7172e8"]}]}},{"id":"93020c54469e582d6fdb16f7ba71a7f4","key":"N3","value":{"_id":"93020c54469e582d6fdb16f7ba71a7f4","_rev":"1-463f8974a4acd8dd942998451b74b5ae","type":"grammar","lang":["vi"],"label":"ja_vi","level":"N3","title":"～っぽい     =>Như là…, giống như…, có vẻ như…","usages":[{"synopsis":"  Vます(ます)／Aい(い) ／N ＋ っぽい  ","explain":"  Thể hiện cảm gi&aacute;c &ldquo;cảm thấy như l&agrave;&rdquo;, thấy như l&agrave;... ","mean":" : Như l&agrave;&hellip;, giống như&hellip;, c&oacute; vẻ như&hellip; ","note":null,"examples":["93020c54469e582d6fdb16f7ba717d47","93020c54469e582d6fdb16f7ba718670","93020c54469e582d6fdb16f7ba7192e2","93020c54469e582d6fdb16f7ba719415","93020c54469e582d6fdb16f7ba719976"]}]}},{"id":"93020c54469e582d6fdb16f7ba71d3aa","key":"N3","value":{"_id":"93020c54469e582d6fdb16f7ba71d3aa","_rev":"1-425845b3f985d34752b3a66dea591cc4","type":"grammar","lang":["vi"],"label":"ja_vi","level":"N3","title":"～にかんする( ～に関する)     =>Liên quan đến..., về…","usages":[{"synopsis":"  N ＋ に関する／関して  ","explain":"  D&ugrave;ng nhiều trong văn viết, &hellip; ","mean":" : Li&ecirc;n quan đến..., về&hellip; ","note":null,"examples":["93020c54469e582d6fdb16f7ba71ab45","93020c54469e582d6fdb16f7ba71ab7e","93020c54469e582d6fdb16f7ba71b217","93020c54469e582d6fdb16f7ba71bb88","93020c54469e582d6fdb16f7ba71c2ef","93020c54469e582d6fdb16f7ba71cd38"]}]}},{"id":"93020c54469e582d6fdb16f7ba71f4e2","key":"N3","value":{"_id":"93020c54469e582d6fdb16f7ba71f4e2","_rev":"1-8b74f55f1be8e7d5a7fd529fee4cc73b","type":"grammar","lang":["vi"],"label":"ja_vi","level":"N3","title":"～まさか     =>Chắc chắn rằng…không.","usages":[{"synopsis":"  ～まさか  ","explain":"  ☞Diễn tả t&acirc;m trạng b&aacute;c bỏ, phản đối sự việc như thế thực tế kh&ocirc;ng xảy ra được, nhất định kh&ocirc;ng c&oacute; chuyện đ&oacute;. ☞Thường cuối c&acirc;u đi k&egrave;m với 「ないだろう」「まい」「はずはない」「わけがない」v.v. Thể hiện &yacute; nghĩa phủ định. ","mean":" : Chắc chắn rằng&hellip;kh&ocirc;ng. ","note":"  Mẫu c&acirc;u 「まさか&hellip;じゃないだろう／でしょうね」được sử dụng để thể hiện sự nghi ngờ cao. 「だれが秘密をもらしたんだろう」「君、まさか僕を疑っているんじゃないだろうね」 「だれがひみつをもらしたんだろう」「きみ、まさかぼくをうたがっているんじゃないだろうね」。 [C&oacute; lẽ ai đ&oacute; đ&atilde; tiết lộ b&iacute; mật] [ Cậu chắc chắn kh&ocirc;ng nghi ngờ t&ocirc;i đ&uacute;ng kh&ocirc;ng nhỉ] まさか、あなた、あの人と結婚する気じゃないでしょうね。 まさか、あなた、あの人とけっこんするきじゃないでしょうね。 Chắc chắn l&agrave; bạn kh&ocirc;ng c&oacute; &yacute; l&agrave; sẽ kết h&ocirc;n với người đ&oacute; nhỉ. ","examples":["93020c54469e582d6fdb16f7ba71dec0","93020c54469e582d6fdb16f7ba71dffa","93020c54469e582d6fdb16f7ba71e1c8","93020c54469e582d6fdb16f7ba71ee0d"]}]}},{"id":"93020c54469e582d6fdb16f7ba72283b","key":"N3","value":{"_id":"93020c54469e582d6fdb16f7ba72283b","_rev":"1-d24da3a1ad46cd618250adae037d5849","type":"grammar","lang":["vi"],"label":"ja_vi","level":"N3","title":"～まい     =>Quyết không…, không có ý định…","usages":[{"synopsis":"  Vる／Vます(ます) ＋ まい  ","explain":"  ☞ Thể hiện sự suy đo&aacute;n phủ định với nghĩa &ldquo;C&oacute; lẽ kh&ocirc;ng phải&rdquo; ☞  Thể hiện &yacute; ch&iacute; phủ định với nghĩa &ldquo;Tuyệt đối muốn từ bỏ một việc g&igrave; đ&oacute;&rdquo; ☞ ～まい、～まいかđược d&ugrave;ng với ng&ocirc;i thứ nhất l&agrave; &ldquo;t&ocirc;i&rdquo;, nếu sử dụng với ng&ocirc;i thứ ba th&igrave; d&ugrave;ng～まいと思っているらしい。 ","mean":" : Quyết kh&ocirc;ng&hellip;, kh&ocirc;ng c&oacute; &yacute; định&hellip; ","note":"  ☞  Đối với động từ しますkhi chuyển qua まいsẽ l&agrave; すまい ☞ Đối với động từ きますkhi chuyển qua まいsẽ l&agrave; こまい ☞ Đối với danh động từ 「勉強する」、「連絡する」などsẽ bỏ するv&agrave; th&ecirc;m しまいth&agrave;nh 勉強しまい、連絡しまい ","examples":["93020c54469e582d6fdb16f7ba71fbc7","93020c54469e582d6fdb16f7ba71fc59","93020c54469e582d6fdb16f7ba720665","93020c54469e582d6fdb16f7ba721616","93020c54469e582d6fdb16f7ba7220f5","93020c54469e582d6fdb16f7ba722299"]}]}}]}