{"status":200,"message":"","results":[{"id":"93020c54469e582d6fdb16f7ba725a4a","key":"N3","value":{"_id":"93020c54469e582d6fdb16f7ba725a4a","_rev":"1-e1178d665e2de5dd5f1c1dbd3aeb2402","type":"grammar","lang":["vi"],"label":"ja_vi","level":"N3","title":"～きり（～切り）     =>Kể từ khi, sau khi","usages":[{"synopsis":"  Vた ＋ きり ","explain":"  ☞Diễn tả sự việc sau khi xảy ra th&igrave; sự việc kh&ocirc;ng chuyển biến v&agrave; t&igrave;nh trạng vẫn giữ nguy&ecirc;n. ☞Sự việc đ&oacute; xảy ra chưa từng mong đợi cũng như nằm ngo&agrave;i dự b&aacute;o. ","mean":" : Kể từ khi, sau khi ","note":null,"examples":["93020c54469e582d6fdb16f7ba723276","93020c54469e582d6fdb16f7ba723722","93020c54469e582d6fdb16f7ba724532","93020c54469e582d6fdb16f7ba724be9","93020c54469e582d6fdb16f7ba724f6f"]}]}},{"id":"93020c54469e582d6fdb16f7ba7287e2","key":"N3","value":{"_id":"93020c54469e582d6fdb16f7ba7287e2","_rev":"1-864c2a2302492ba5440a31a3c1281b69","type":"grammar","lang":["vi"],"label":"ja_vi","level":"N3","title":"～いったい（一体）     =>Hẳn là...","usages":[{"synopsis":"  ～いったい（一体）  ","explain":"  ☞D&ugrave;ng khi nhấn mạnh &yacute; chất vấn đối phương. ☞Khi đi với mẫu c&acirc;u 「一体&hellip;だろう」mang nghĩa l&agrave; kh&ocirc;ng hiểu&hellip;; tại sao&hellip;kh&ocirc;ng biết. ","mean":" : Hẳn l&agrave;... ","note":null,"examples":["93020c54469e582d6fdb16f7ba725bcb","93020c54469e582d6fdb16f7ba725f1f","93020c54469e582d6fdb16f7ba7264f2","93020c54469e582d6fdb16f7ba726c7f","93020c54469e582d6fdb16f7ba726d51","93020c54469e582d6fdb16f7ba7271ae","93020c54469e582d6fdb16f7ba727d66"]}]}},{"id":"93020c54469e582d6fdb16f7ba72c8c1","key":"N3","value":{"_id":"93020c54469e582d6fdb16f7ba72c8c1","_rev":"1-d688632a2e47bed268fdf3a19636d151","type":"grammar","lang":["vi"],"label":"ja_vi","level":"N3","title":"～ふり（～振り）     =>Giả vờ, giả bộ, bắt chước","usages":[{"synopsis":"  N ＋ のふり／普通形 ＋ ふり  ","explain":null,"mean":" : Giả vờ, giả bộ, bắt chước ","note":null,"examples":["93020c54469e582d6fdb16f7ba729535","93020c54469e582d6fdb16f7ba72974f","93020c54469e582d6fdb16f7ba729f9d","93020c54469e582d6fdb16f7ba72a58d","93020c54469e582d6fdb16f7ba72ae7c","93020c54469e582d6fdb16f7ba72b9ad"]}]}},{"id":"93020c54469e582d6fdb16f7ba72f4da","key":"N3","value":{"_id":"93020c54469e582d6fdb16f7ba72f4da","_rev":"1-fe0f6bbf5d294f5bda4d190cbe83ee74","type":"grammar","lang":["vi"],"label":"ja_vi","level":"N3","title":"～どうやら     =>Hình như, giống như là, cuối cùng","usages":[{"synopsis":"  ～どうやら  ","explain":"  ☞Thường sử dụng với h&igrave;nh thức ＜どうやら＋らしい／ようだ＞ ☞Thể hiện t&igrave;nh huống kh&ocirc;ng biết r&otilde; lắm nhưng quan s&aacute;t từ trạng th&aacute;i sự việc tr&ocirc;ng giống như l&agrave; hay cuối c&ugrave;ng th&igrave;&hellip; ","mean":" : H&igrave;nh như, giống như l&agrave;, cuối c&ugrave;ng ","note":null,"examples":["93020c54469e582d6fdb16f7ba72c910","93020c54469e582d6fdb16f7ba72d662","93020c54469e582d6fdb16f7ba72df66","93020c54469e582d6fdb16f7ba72eb69"]}]}},{"id":"93020c54469e582d6fdb16f7ba731f2c","key":"N3","value":{"_id":"93020c54469e582d6fdb16f7ba731f2c","_rev":"1-6f5a701a7ebdd1493cacb8ab29f6cf6d","type":"grammar","lang":["vi"],"label":"ja_vi","level":"N3","title":"～おかげで （～お蔭で）    =>Nhờ~","usages":[{"synopsis":"  N ＋ のおかげで／普通形 ＋ おかげで  ","explain":"  ☞Được sử dụng khi c&oacute; kết quả tốt với l&yacute; do, nguy&ecirc;n nh&acirc;n thể hiện bởi &yacute; nghĩa nhờ c&oacute; &acirc;n huệ, c&oacute; sự trợ gi&uacute;p. Tuy nhi&ecirc;n, đ&ocirc;i khi cũng sử dụng [おかげで] bao gồm cả t&acirc;m trạng tr&aacute;ch m&oacute;c, ch&acirc;m chọc. ☞Vế sau biểu hiện sự thật được x&aacute;c định hay sự thật đ&atilde; xảy ra n&ecirc;n những biểu hiện mang t&iacute;nh suy đo&aacute;n, kỳ vọng, &yacute; ch&iacute; như 「～つもりだ／～たい／～だろう」v.v kh&ocirc;ng được sử dụng. ","mean":" : Nhờ~ ","note":null,"examples":["93020c54469e582d6fdb16f7ba73038d","93020c54469e582d6fdb16f7ba731168","93020c54469e582d6fdb16f7ba7311ac"]}]}},{"id":"93020c54469e582d6fdb16f7ba734518","key":"N3","value":{"_id":"93020c54469e582d6fdb16f7ba734518","_rev":"1-41080ec6cffd14b16012983702d0ef43","type":"grammar","lang":["vi"],"label":"ja_vi","level":"N3","title":"～さらに（更に）     =>Thêm nữa, hơn nữa...","usages":[{"synopsis":"  ～さらに（更に）  ","explain":"  C&aacute;ch n&oacute;i thể hiện mức độ tiến triển hơn hiện tại. Biểu hiện từ trong văn viết, ngo&agrave;i ra cũng sử dụng từ n&oacute;i lịch sự. Khi sử dụng c&ugrave;ng với số lượng th&igrave; sẽ mang &yacute; nghĩa l&agrave; hơn thế nữa. ","mean":" : Th&ecirc;m nữa, hơn nữa... ","note":null,"examples":["93020c54469e582d6fdb16f7ba731f6b","93020c54469e582d6fdb16f7ba732c8d","93020c54469e582d6fdb16f7ba732e5b","93020c54469e582d6fdb16f7ba733336","93020c54469e582d6fdb16f7ba73428d"]}]}},{"id":"93020c54469e582d6fdb16f7ba737fd3","key":"N3","value":{"_id":"93020c54469e582d6fdb16f7ba737fd3","_rev":"1-fa141b1f65f81b4488b8aff959722ed8","type":"grammar","lang":["vi"],"label":"ja_vi","level":"N3","title":"～すでに（既に）     =>Đã, hoàn toàn","usages":[{"synopsis":"  ～すでに（既に）  ","explain":"  Thể hiện h&agrave;nh động được thực hiện trong qu&aacute; khứ. ","mean":" : Đ&atilde;, ho&agrave;n to&agrave;n ","note":null,"examples":["93020c54469e582d6fdb16f7ba7345ac","93020c54469e582d6fdb16f7ba7351dd","93020c54469e582d6fdb16f7ba735f54","93020c54469e582d6fdb16f7ba736cde","93020c54469e582d6fdb16f7ba73701a"]}]}},{"id":"93020c54469e582d6fdb16f7ba73c43b","key":"N3","value":{"_id":"93020c54469e582d6fdb16f7ba73c43b","_rev":"1-613d36847f3fd180540cbc6c04962257","type":"grammar","lang":["vi"],"label":"ja_vi","level":"N3","title":"～つい     =>Lỡ…","usages":[{"synopsis":"  ～つい  ","explain":"  ☞Diễn tả &yacute; nghĩa l&agrave; nghĩ sẽ kh&ocirc;ng được l&agrave;m nhưng đ&atilde; lỡ l&agrave;m do kh&ocirc;ng kiềm chế được bản th&acirc;n. ☞Thường sử dụng c&ugrave;ng với mẫu c&acirc;u 「V-てしまう」 ","mean":" : Lỡ&hellip; ","note":null,"examples":["93020c54469e582d6fdb16f7ba738ceb","93020c54469e582d6fdb16f7ba7395a4","93020c54469e582d6fdb16f7ba73a05f","93020c54469e582d6fdb16f7ba73a9a4","93020c54469e582d6fdb16f7ba73b646"]}]}},{"id":"93020c54469e582d6fdb16f7ba73db64","key":"N3","value":{"_id":"93020c54469e582d6fdb16f7ba73db64","_rev":"1-ed67cf50786769ba30db89da3f2bbc69","type":"grammar","lang":["vi"],"label":"ja_vi","level":"N3","title":"～むしろ     =>Trái lại, ngược lại","usages":[{"synopsis":"  ～むしろ  ","explain":"  D&ugrave;ng để so s&aacute;nh hai sự việc, thể hiện &yacute; nghĩa b&ecirc;n n&agrave;o c&oacute; mức độ cao hơn. ","mean":" : Tr&aacute;i lại, ngược lại ","note":"  Ngo&agrave;i ra c&ograve;n d&ugrave;ng ở h&igrave;nh thức 「XよりもむしろY」diễn tả b&ecirc;n Y c&oacute; mức độ cao hơn. この点については教師よりもむしろ学生の方がよく知っている。 このてんについてはきょうしよりもむしろがくせいのほうがよくしっている。 Về điểm n&agrave;y th&igrave; tr&aacute;i lại học sinh lại biết r&otilde; hơn gi&aacute;o vi&ecirc;n. 大都会よりもむしろ地方の中・小都市で働きたいと考える人が増えてきている。 だいとかいよりもむしろちほうのなか・しょうとしではたらきたいとかんがえるひとがふえてきている。 Số người c&oacute; suy nghĩ l&agrave; muốn l&agrave;m việc ở trong địa phương hay th&agrave;nh thị nhỏ tr&aacute;i ngược so với ở th&agrave;nh phố lớn c&agrave;ng gia tăng dần. ","examples":["93020c54469e582d6fdb16f7ba73cfdc","93020c54469e582d6fdb16f7ba73d6d4"]}]}},{"id":"93020c54469e582d6fdb16f7ba740588","key":"N3","value":{"_id":"93020c54469e582d6fdb16f7ba740588","_rev":"1-4f2cfac6e2f22d54b7587e776a2b7202","type":"grammar","lang":["vi"],"label":"ja_vi","level":"N3","title":"～さえ     =>Đến cả, thậm chí...","usages":[{"synopsis":"  名 ＋ さえ  ","explain":"  Lấy v&iacute; dụ cực đoan nhất để diễn đạt t&iacute;nh chất đương nhi&ecirc;n những vấn đề kh&aacute;c (ở mức độ thấp hơn) ","mean":" : Đến cả, thậm ch&iacute;... ","note":"  Khi gắn さえv&agrave;o c&aacute;c danh từ th&igrave; c&aacute;c trợ từ が、をđược tỉnh lược, c&ograve;n c&aacute;c trợ từ kh&aacute;c c&oacute;thể giữ nguy&ecirc;n. 彼女はご主人にさえ相談しないで、勝手に家を買いました。かのじょはごしゅじんにさえそうだんしないで、かってにうちをかいました。 C&ocirc; ấy đến chồng cũng chẳng b&agrave;n bạc g&igrave;, cứ tự &yacute; mua căn nh&agrave;. ","examples":["93020c54469e582d6fdb16f7ba73e379","93020c54469e582d6fdb16f7ba73f0e3","93020c54469e582d6fdb16f7ba73f64a"]}]}},{"id":"93020c54469e582d6fdb16f7ba7430c9","key":"N3","value":{"_id":"93020c54469e582d6fdb16f7ba7430c9","_rev":"1-f989bceba902e2780c3097b6548ba5ea","type":"grammar","lang":["vi"],"label":"ja_vi","level":"N3","title":"～になれる     =>Trở nên, trở thành","usages":[{"synopsis":"  ～になれる  ","explain":null,"mean":" : Trở n&ecirc;n, trở th&agrave;nh ","note":null,"examples":["93020c54469e582d6fdb16f7ba7412d2","93020c54469e582d6fdb16f7ba741531","93020c54469e582d6fdb16f7ba741c6a","93020c54469e582d6fdb16f7ba741eea","93020c54469e582d6fdb16f7ba742e67"]}]}},{"id":"93020c54469e582d6fdb16f7ba745ef0","key":"N3","value":{"_id":"93020c54469e582d6fdb16f7ba745ef0","_rev":"1-1121b4181a75610363554e63aaf7a874","type":"grammar","lang":["vi"],"label":"ja_vi","level":"N3","title":"～にちがいない（～に違いない）     =>Đúng là, chắc chắn là~","usages":[{"synopsis":"  V／Aい／Aな／N ＋ に違いない  ","explain":"  D&ugrave;ng trong c&acirc;u khẳng định về một sự thật. ","mean":" : Đ&uacute;ng l&agrave;, chắc chắn l&agrave;~ ","note":null,"examples":["93020c54469e582d6fdb16f7ba7431c3","93020c54469e582d6fdb16f7ba743bf6","93020c54469e582d6fdb16f7ba744293","93020c54469e582d6fdb16f7ba744ecc","93020c54469e582d6fdb16f7ba745d60"]}]}},{"id":"93020c54469e582d6fdb16f7ba749acf","key":"N3","value":{"_id":"93020c54469e582d6fdb16f7ba749acf","_rev":"1-9fe99cb29d41a16d56da5db6146f3a0a","type":"grammar","lang":["vi"],"label":"ja_vi","level":"N3","title":"～なかなか     =>Mãi mà chưa, mãi mà không…","usages":[{"synopsis":"  なかなか ＋ (否定形)  ","explain":"  Diễn tả t&igrave;nh trạng sự việc bị k&eacute;o d&agrave;i so với mong đợi. ","mean":" : M&atilde;i m&agrave; chưa, m&atilde;i m&agrave; kh&ocirc;ng&hellip; ","note":"  なかなか＋Khẳng định = Rất この車はなかなかいいです。このくるまはなかなかいいです。 C&aacute;i &ocirc; t&ocirc; n&agrave;y rất tốt. その車はなかなか新しい。 そのくるまはなかなかあたらしい。 Chiếc xe hơi đ&oacute; rất mới. ","examples":["93020c54469e582d6fdb16f7ba7467a9","93020c54469e582d6fdb16f7ba746f00","93020c54469e582d6fdb16f7ba74768c","93020c54469e582d6fdb16f7ba748341","93020c54469e582d6fdb16f7ba748de0"]}]}},{"id":"93020c54469e582d6fdb16f7ba74d63a","key":"N3","value":{"_id":"93020c54469e582d6fdb16f7ba74d63a","_rev":"1-415ac011fd384feae94e4695c927f658","type":"grammar","lang":["vi"],"label":"ja_vi","level":"N3","title":"～ために     =>Vì～","usages":[{"synopsis":"  N修飾型 ＋ ために  ","explain":"  Thể hiện l&yacute; do v&igrave; g&igrave; đ&oacute; n&ecirc;n&hellip; ","mean":" : V&igrave;～ ","note":null,"examples":["93020c54469e582d6fdb16f7ba74a30d","93020c54469e582d6fdb16f7ba74ac74","93020c54469e582d6fdb16f7ba74b9bf","93020c54469e582d6fdb16f7ba74bc46","93020c54469e582d6fdb16f7ba74c0ad","93020c54469e582d6fdb16f7ba74cb30"]}]}},{"id":"93020c54469e582d6fdb16f7ba750fdd","key":"N3","value":{"_id":"93020c54469e582d6fdb16f7ba750fdd","_rev":"1-e46556bbc27903c24514181ae7ba998a","type":"grammar","lang":["vi"],"label":"ja_vi","level":"N3","title":"～ず     =>Không~(あきらめず)(止まず)(取れず)(わからず)(せず)","usages":[{"synopsis":"  Vない &rarr; ず  ","explain":"  Được d&ugrave;ng trong văn n&oacute;i, thể hiện &yacute; nghĩa phủ định v&agrave; biểu đạt l&yacute; do, l&agrave;m r&otilde; mối quan hệ nh&acirc;n quả của vế trước v&agrave; vế sau. ","mean":" : Kh&ocirc;ng~ ","note":"  Động từ するsẽ chuyển th&agrave;nh せず ","examples":["93020c54469e582d6fdb16f7ba74e47e","93020c54469e582d6fdb16f7ba74ecc2","93020c54469e582d6fdb16f7ba74f940","93020c54469e582d6fdb16f7ba7501b2"]}]}},{"id":"93020c54469e582d6fdb16f7ba751c7b","key":"N3","value":{"_id":"93020c54469e582d6fdb16f7ba751c7b","_rev":"1-b1fce859ec1fb3c09c261116890d51b1","type":"grammar","lang":["vi"],"label":"ja_vi","level":"N3","title":"～によると     =>Dựa theo~","usages":[{"synopsis":"  N ＋ によると  ","explain":"  Dựa theo nguồn th&ocirc;ng tin, tin tức để suy đo&aacute;n v&agrave; truyền đạt lại, vế sau của c&acirc;u thường sử dụng 「～そうだ」、「～ということだ」 ","mean":" : Dựa theo~ ","note":null,"examples":["93020c54469e582d6fdb16f7ba75172f","93020c54469e582d6fdb16f7ba75179a","93020c54469e582d6fdb16f7ba751a55","93020c54469e582d6fdb16f7ba751b52"]}]}},{"id":"93020c54469e582d6fdb16f7ba755866","key":"N3","value":{"_id":"93020c54469e582d6fdb16f7ba755866","_rev":"1-2361409a4cd7cbf852b38f25929dddb8","type":"grammar","lang":["vi"],"label":"ja_vi","level":"N3","title":"～かわりに（～代わりに）     =>Thay vì, đổi lại, trái lại~","usages":[{"synopsis":"  V／Aイい ＋ 代わり（に） N ＋ の代わり（に）  ","explain":"  ☞ Từ trước đến giờ l&uacute;c n&agrave;o cũng A nhưng giờ th&igrave; B. Biểu thị &yacute;: kh&ocirc;ng l&agrave;m việc đ&oacute; m&agrave; l&agrave;m một việc kh&aacute;c, thay thế bằng người kh&aacute;c, vật kh&aacute;c. ☞ L&agrave;m A n&ecirc;n đổi lại B. ☞ Biểu thị hai mặt l&agrave; thay v&igrave; A th&igrave; l&agrave; B v&agrave; c&oacute; A tr&aacute;i lại cũng c&oacute; B. ","mean":" : Thay v&igrave;, đổi lại, tr&aacute;i lại~ ","note":null,"examples":["93020c54469e582d6fdb16f7ba751f8b","93020c54469e582d6fdb16f7ba75266c","93020c54469e582d6fdb16f7ba752e79","93020c54469e582d6fdb16f7ba752fa6","93020c54469e582d6fdb16f7ba753ea6","93020c54469e582d6fdb16f7ba754bb6"]}]}},{"id":"93020c54469e582d6fdb16f7ba759093","key":"N3","value":{"_id":"93020c54469e582d6fdb16f7ba759093","_rev":"1-ae6398e141fa20e1470250e7c7bba9aa","type":"grammar","lang":["vi"],"label":"ja_vi","level":"N3","title":"～ようにする     =>Chắc chắn làm, cố làm~","usages":[{"synopsis":" Vる／Vない ＋ ようにする ","explain":"  ☞ Biểu hiện &yacute; nghĩa l&agrave; quyết t&acirc;m, nổ lực, e d&egrave; để hướng đến tạo lập h&agrave;nh vi hay t&igrave;nh huống. ","mean":" : Chắc chắn l&agrave;m, cố l&agrave;m~ ","note":null,"examples":["93020c54469e582d6fdb16f7ba755de0","93020c54469e582d6fdb16f7ba756c93","93020c54469e582d6fdb16f7ba75756f","93020c54469e582d6fdb16f7ba758154"]}]}},{"id":"93020c54469e582d6fdb16f7ba75b9be","key":"N3","value":{"_id":"93020c54469e582d6fdb16f7ba75b9be","_rev":"1-78c3364e788d4100483740074edc023d","type":"grammar","lang":["vi"],"label":"ja_vi","level":"N3","title":"～はじめる（～始める）     =>Sẽ bắt đầu~","usages":[{"synopsis":"  Vます ＋ 始める  ","explain":null,"mean":" :  Sẽ bắt đầu~ ","note":null,"examples":["93020c54469e582d6fdb16f7ba759b4a","93020c54469e582d6fdb16f7ba759d2d","93020c54469e582d6fdb16f7ba759f4c","93020c54469e582d6fdb16f7ba75a441","93020c54469e582d6fdb16f7ba75adb3"]}]}},{"id":"93020c54469e582d6fdb16f7ba75d8fa","key":"N3","value":{"_id":"93020c54469e582d6fdb16f7ba75d8fa","_rev":"1-4bc910075a94329a54881bd3750e6e43","type":"grammar","lang":["vi"],"label":"ja_vi","level":"N3","title":"～ても     =>Cho dù~cũng","usages":[{"synopsis":"   Vて ＋ ても  ","explain":null,"mean":null,"note":null,"examples":[]},{"synopsis":"  Aい &rarr; く ＋ ても ","explain":null,"mean":null,"note":null,"examples":[]},{"synopsis":"   N／Aな ＋ でも  ","explain":null,"mean":" : Cho d&ugrave;~cũng ","note":null,"examples":["93020c54469e582d6fdb16f7ba75bc95","93020c54469e582d6fdb16f7ba75c55d","93020c54469e582d6fdb16f7ba75c947","93020c54469e582d6fdb16f7ba75ce73","93020c54469e582d6fdb16f7ba75d09e"]}]}},{"id":"93020c54469e582d6fdb16f7ba75ff3d","key":"N3","value":{"_id":"93020c54469e582d6fdb16f7ba75ff3d","_rev":"1-b5547806964b3e5308ff407f349dc7de","type":"grammar","lang":["vi"],"label":"ja_vi","level":"N3","title":"～たとたん(に)     =>Ngay sau đó …","usages":[{"synopsis":"  Vた ＋ とたん  ","explain":"  ☞Diễn tả t&igrave;nh trạng sau khi h&agrave;nh động, sự thay đổi xảy ra trước đ&oacute; th&igrave; liền ngay sau đ&oacute; th&igrave; h&agrave;nh động hay sự thay đổi kh&aacute;c lại xảy ra tiếp. ☞Do thể hiện sự ngạc nhi&ecirc;n v&agrave; cảm gi&aacute;c bất ngờ, ngo&agrave;i dự t&iacute;nh n&ecirc;n vế sau của c&acirc;u kh&ocirc;ng thể hiện h&agrave;nh động hay &yacute; ch&iacute;, mệnh lệnh của người n&oacute;i. ","mean":" : Ngay sau đ&oacute; &hellip; ","note":"  Trường hợp vế sau diễn tả h&agrave;nh động &yacute; ch&iacute; (c&oacute; &yacute; định, mục đ&iacute;ch) của người n&oacute;i th&igrave; kh&ocirc;ng sử dụng mẫu c&acirc;u n&agrave;y, m&agrave; phải sử dụng 「とすぐに/ やいなや」 &times;私は家に帰ったとたん、お風呂に入った。(c&acirc;u n&agrave;y sai)わたしはうちにかえったとたん、おふろにはいった。  T&ocirc;i vừa về đến nh&agrave; l&agrave; v&agrave;o tắm ngay. ○私は家に帰るとすぐにお風呂に入った。(c&acirc;u n&agrave;y đ&uacute;ng) わたしはうちにかえるとすぐにおふろにはいった。  T&ocirc;i vừa về đến nh&agrave; l&agrave; v&agrave;o tắm ngay. ","examples":["93020c54469e582d6fdb16f7ba75e67e","93020c54469e582d6fdb16f7ba75ef38","93020c54469e582d6fdb16f7ba75f01d","93020c54469e582d6fdb16f7ba75f448","93020c54469e582d6fdb16f7ba75fad0"]}]}},{"id":"93020c54469e582d6fdb16f7ba76314e","key":"N3","value":{"_id":"93020c54469e582d6fdb16f7ba76314e","_rev":"1-0a7298c46e07f3bf42370ce504037c04","type":"grammar","lang":["vi"],"label":"ja_vi","level":"N3","title":"～ばかりに     =>Chỉ vì~","usages":[{"synopsis":"  ～ばかりに  ","explain":"  Diễn tả c&aacute;i g&igrave; đ&oacute; l&agrave; nguy&ecirc;n nh&acirc;n dẫn đến kết quả kh&ocirc;ng tốt. Thể hiện t&acirc;m trạng bất m&atilde;n, hối tiếc. ","mean":" : Chỉ v&igrave;~ ","note":null,"examples":["93020c54469e582d6fdb16f7ba7607df","93020c54469e582d6fdb16f7ba7615fd","93020c54469e582d6fdb16f7ba7624fd","93020c54469e582d6fdb16f7ba762b7b"]}]}},{"id":"93020c54469e582d6fdb16f7ba765652","key":"N3","value":{"_id":"93020c54469e582d6fdb16f7ba765652","_rev":"1-7c1ab541f97404f32fad2335a49c0ffe","type":"grammar","lang":["vi"],"label":"ja_vi","level":"N3","title":"～たび（に）     =>Mỗi lần~","usages":[{"synopsis":"  Vる ＋ たび／N ＋ のたび ","explain":"  Diễn đạt khi l&agrave;m g&igrave; đ&oacute; th&igrave; lu&ocirc;n lu&ocirc;n như vậy, khi l&agrave;m g&igrave; đ&oacute; th&igrave; mỗi lần mỗi lần đều trở n&ecirc;n giống nhau. ","mean":" : Mỗi lần~ ","note":null,"examples":["93020c54469e582d6fdb16f7ba763ce9","93020c54469e582d6fdb16f7ba764092","93020c54469e582d6fdb16f7ba764b67","93020c54469e582d6fdb16f7ba7651d6"]}]}},{"id":"93020c54469e582d6fdb16f7ba768a93","key":"N3","value":{"_id":"93020c54469e582d6fdb16f7ba768a93","_rev":"1-2628b9325708d7044ebe34756e9c7cc2","type":"grammar","lang":["vi"],"label":"ja_vi","level":"N3","title":"～だけに     =>Vì~","usages":[{"synopsis":"  N修飾型 ＋ だけに  ","explain":"  ☞Diễn tả t&acirc;m trạng v&igrave; c&oacute; l&yacute; do n&ecirc;n c&agrave;ng &hellip; ☞Diễn tả v&igrave; c&oacute; l&yacute; do&hellip; tr&ecirc;n mức b&igrave;nh thường&hellip; ","mean":" : V&igrave;~ ","note":null,"examples":["93020c54469e582d6fdb16f7ba7664dd","93020c54469e582d6fdb16f7ba7671d1","93020c54469e582d6fdb16f7ba76805b","93020c54469e582d6fdb16f7ba76883e"]}]}},{"id":"93020c54469e582d6fdb16f7ba76af9b","key":"N3","value":{"_id":"93020c54469e582d6fdb16f7ba76af9b","_rev":"1-660997df93013ed992dd3b83d4ef294c","type":"grammar","lang":["vi"],"label":"ja_vi","level":"N3","title":"～だけあって     =>Quả đúng là~, tương xứng với~","usages":[{"synopsis":"  N修飾型 ＋ だけあって  ","explain":"  D&ugrave;ng khi đ&aacute;nh gi&aacute; tốt, theo đ&uacute;ng như mong đợi. Biểu đạt mối quan hệ nh&acirc;n quả. ","mean":" : Quả đ&uacute;ng l&agrave;~, tương xứng với~ ","note":null,"examples":["93020c54469e582d6fdb16f7ba768d6d","93020c54469e582d6fdb16f7ba76962e","93020c54469e582d6fdb16f7ba769966","93020c54469e582d6fdb16f7ba76a390"]}]}},{"id":"93020c54469e582d6fdb16f7ba76cf23","key":"N3","value":{"_id":"93020c54469e582d6fdb16f7ba76cf23","_rev":"1-2e086835f3d7c68608133f6e01b44241","type":"grammar","lang":["vi"],"label":"ja_vi","level":"N3","title":"～だらけ     =>Toàn là, đầy là~","usages":[{"synopsis":"  N ＋ だらけ  ","explain":"  Diễn tả chuyện xấu, chuyện kh&ocirc;ng may. ","mean":" : To&agrave;n l&agrave;, đầy l&agrave;~ ","note":null,"examples":["93020c54469e582d6fdb16f7ba76ba51","93020c54469e582d6fdb16f7ba76bb23","93020c54469e582d6fdb16f7ba76c127","93020c54469e582d6fdb16f7ba76c3ec"]}]}},{"id":"93020c54469e582d6fdb16f7ba76f898","key":"N3","value":{"_id":"93020c54469e582d6fdb16f7ba76f898","_rev":"1-b44eabd3d7535f181224bcaee5c27595","type":"grammar","lang":["vi"],"label":"ja_vi","level":"N3","title":"～っけ     =>Nhớ không lầm là…đúng không","usages":[{"synopsis":"  普通形／Vた ＋ っけ  ","explain":"  D&ugrave;ng trong văn n&oacute;i, d&ugrave;ng để x&aacute;c nhận lại. ","mean":" : Nhớ kh&ocirc;ng lầm l&agrave;&hellip;đ&uacute;ng kh&ocirc;ng ","note":null,"examples":["93020c54469e582d6fdb16f7ba76cf6d","93020c54469e582d6fdb16f7ba76d988","93020c54469e582d6fdb16f7ba76e943","93020c54469e582d6fdb16f7ba76f29e","93020c54469e582d6fdb16f7ba76f562"]}]}},{"id":"93020c54469e582d6fdb16f7ba7729ec","key":"N3","value":{"_id":"93020c54469e582d6fdb16f7ba7729ec","_rev":"1-3d67c3bc07509f3dc1f9040f8a999d5a","type":"grammar","lang":["vi"],"label":"ja_vi","level":"N3","title":"～っこない     =>Tuyệt đối không ~","usages":[{"synopsis":"  V ます（ます） ＋ っこない ","explain":"  っこない：tuyệt đối kh&ocirc;ng ~; chắc chắn kh&ocirc;ng ~ ","mean":" : Tuyệt đối kh&ocirc;ng~ ","note":"  ☞Thường d&ugrave;ng trong hội thoại. ☞Thể hiện sự ph&aacute;n đo&aacute;n mang t&iacute;nh chủ quan của người n&oacute;i. ","examples":["93020c54469e582d6fdb16f7ba76ff96","93020c54469e582d6fdb16f7ba77095a","93020c54469e582d6fdb16f7ba7711b8","93020c54469e582d6fdb16f7ba771a68"]}]}},{"id":"93020c54469e582d6fdb16f7ba775fb2","key":"N3","value":{"_id":"93020c54469e582d6fdb16f7ba775fb2","_rev":"1-1a88e400b7569a4a3dbdc11bf7647fea","type":"grammar","lang":["vi"],"label":"ja_vi","level":"N3","title":"～っぽい     =>Thấy như là ~","usages":[{"synopsis":"  Vます／Aい／N ＋ っぽい ","explain":"  ☞Cảm thấy như l&agrave; ; Thấy như l&agrave; ☞Dễ l&agrave;m ","mean":" : Thấy như l&agrave; ~ ","note":"  ☞ Chỉ d&ugrave;ng với thể Nっぽい v&agrave; Aいっぽい. ☞ D&ugrave;ng để n&oacute;i đặc t&iacute;nh của sự vật. ☞ Thường kh&ocirc;ng c&oacute; sự lặp đi,lặp lại nhiều lần. ☞ D&ugrave;ng để n&oacute;i những việc kh&ocirc;ng tốt. ☞ Chỉ d&ugrave;ng với thể V - ます っぽい. ","examples":["93020c54469e582d6fdb16f7ba77309a","93020c54469e582d6fdb16f7ba773e45","93020c54469e582d6fdb16f7ba774594","93020c54469e582d6fdb16f7ba774617","93020c54469e582d6fdb16f7ba77537b","93020c54469e582d6fdb16f7ba7753d3"]}]}},{"id":"93020c54469e582d6fdb16f7ba778fc8","key":"N3","value":{"_id":"93020c54469e582d6fdb16f7ba778fc8","_rev":"1-96568d7c571ceaf3f0335576c6128f65","type":"grammar","lang":["vi"],"label":"ja_vi","level":"N3","title":"～ついでに     =>Nhân tiện ~","usages":[{"synopsis":"  Vる・Vた ＋ ついでに／N ＋ のついでに ","explain":"  Diễn tả t&igrave;nh trạng khi l&agrave;m g&igrave; đ&oacute;, nếu c&ugrave;ng l&agrave;m th&igrave; sẽ thuận tiện. ","mean":" : Nh&acirc;n tiện ~ ","note":"  L&uacute;c l&agrave;m việc g&igrave; đ&oacute;, lợi dụng cơ hội đ&oacute; l&agrave;m một việc kh&aacute;c. ","examples":["93020c54469e582d6fdb16f7ba776ae3","93020c54469e582d6fdb16f7ba777762","93020c54469e582d6fdb16f7ba777a54","93020c54469e582d6fdb16f7ba77855c","93020c54469e582d6fdb16f7ba778877"]}]}}]}