{"status":200,"message":"","results":[{"id":"93020c54469e582d6fdb16f7ba77cf53","key":"N3","value":{"_id":"93020c54469e582d6fdb16f7ba77cf53","_rev":"1-fbada02f8c137d078670fec202aea0d9","type":"grammar","lang":["vi"],"label":"ja_vi","level":"N3","title":"～つつ     =>Trong khi ~","usages":[{"synopsis":"  V ます（ます） ＋ つつ  ","explain":"  ☞Đang; trong khi. ☞Khi người n&oacute;i c&oacute; t&acirc;m trạng phản tỉnh, hối hận, th&uacute; thật. ","mean":" : Trong khi ~ ","note":"  ☞Chỉ d&ugrave;ng với thể V - ます形つつ. ☞D&ugrave;ng nhiều trong văn viết, do c&aacute;ch n&oacute;i hơi cứng. ☞&Yacute; nghĩa giống với ~ながら ☞H&agrave;nh động đằng sau つつl&agrave; h&agrave;nh động ch&iacute;nh. ☞Giống với mẫu ～つつも. ☞ D&ugrave;ng nhiều trong văn viết v&agrave; trong lối n&oacute;i nghi&ecirc;m t&uacute;c. ","examples":["93020c54469e582d6fdb16f7ba779456","93020c54469e582d6fdb16f7ba77a3c8","93020c54469e582d6fdb16f7ba77abe5","93020c54469e582d6fdb16f7ba77b70d","93020c54469e582d6fdb16f7ba77c360"]}]}},{"id":"93020c54469e582d6fdb16f7ba77f4d7","key":"N3","value":{"_id":"93020c54469e582d6fdb16f7ba77f4d7","_rev":"1-a399001fcd3bfffe2e73df01360341e8","type":"grammar","lang":["vi"],"label":"ja_vi","level":"N3","title":"～つつある     =>Dần dần đang ~","usages":[{"synopsis":"  V - ます ＋ つつある ","explain":"  Chủ yếu d&ugrave;ng trong văn viết. ","mean":" : Dần dần đang ~ ","note":null,"examples":["93020c54469e582d6fdb16f7ba77d252","93020c54469e582d6fdb16f7ba77e0af","93020c54469e582d6fdb16f7ba77e21a","93020c54469e582d6fdb16f7ba77e527"]}]}},{"id":"93020c54469e582d6fdb16f7ba7821a7","key":"N3","value":{"_id":"93020c54469e582d6fdb16f7ba7821a7","_rev":"1-775fae0a7bc18f9444ee8ff1db2c008d","type":"grammar","lang":["vi"],"label":"ja_vi","level":"N3","title":"～つつも     =>Dù là…","usages":[{"synopsis":"  V ます ＋ つつも  ","explain":"  C&aacute;ch biểu hiện sự đối ngược. Thường l&agrave; chỉ t&acirc;m trạng nuối tiếc, hối hận của người n&oacute;i kiểu như: mặc d&ugrave; biết&hellip;nhưng&hellip;, hay d&ugrave; biết l&agrave; kh&ocirc;ng tốt m&agrave; vẫn&hellip;Chủ ngữ của vế trước v&agrave; vế sau l&agrave; giống nhau. ","mean":" :  D&ugrave; l&agrave;&hellip; ","note":"  ☞ Khi người n&oacute;i c&oacute; t&acirc;m trạng phản tỉnh, hối hận, th&uacute; thật. ☞ D&ugrave;ng nhiều trong văn viết v&agrave; trong lối n&oacute;i nghi&ecirc;m t&uacute;c. ","examples":["93020c54469e582d6fdb16f7ba780080","93020c54469e582d6fdb16f7ba780e80","93020c54469e582d6fdb16f7ba781534"]}]}},{"id":"93020c54469e582d6fdb16f7ba783dea","key":"N3","value":{"_id":"93020c54469e582d6fdb16f7ba783dea","_rev":"1-8058bb35e7733e1e3161476c9056c967","type":"grammar","lang":["vi"],"label":"ja_vi","level":"N3","title":"～ていらい（～て以来）     =>Kể từ, suốt từ~","usages":[{"synopsis":"  V て ＋ て以来  ","explain":"  Chỉ một việc diễn ra li&ecirc;n tục từ một thời điểm trong qu&aacute; khứ cho đến tận b&acirc;y giờ. ","mean":" : Kể từ, suốt từ~ ","note":" ： 以来c&oacute; thể đi sau danh từ v&agrave; cũng c&oacute; nghĩa l&agrave; &ldquo;kể từ, suốt từ&rdquo;. V&iacute; dụ: 彼は入学以来、一日も休んでいない。かれはにゅうがくいらい、いちにちもやすんでいない。 Từ ng&agrave;y v&agrave;o học anh ấy chưa nghỉ ng&agrave;y n&agrave;o. ハワイに行くのは、新婚旅行以来だ。(＝新婚旅行でハワイに行ってからずっと行っていない)ハワイにいくのは、しんこんりょこういらいだ。(＝しんこんりょこうでハワイにいってからずっといっていない)。 Từ hồi trăng mật đến giờ m&igrave;nh chưa đi hawai th&ecirc;m lần n&agrave;o cả. ","examples":["93020c54469e582d6fdb16f7ba7822d1","93020c54469e582d6fdb16f7ba782841","93020c54469e582d6fdb16f7ba78383b"]}]}},{"id":"93020c54469e582d6fdb16f7ba7873f3","key":"N3","value":{"_id":"93020c54469e582d6fdb16f7ba7873f3","_rev":"1-a0d19c7f6d5ab13c2115b3dcf457855a","type":"grammar","lang":["vi"],"label":"ja_vi","level":"N3","title":"～てからでないと／からでなければ     =>Nếu không … thì cũng không…","usages":[{"synopsis":"  V て ＋ てからでないと／からでなければ ","explain":"  Nếu kh&ocirc;ng thực hiện c&aacute;i n&oacute;i đằng trước th&igrave; c&aacute;i đằng sau cũng kh&ocirc;ng thực hiện được. ","mean":" :  Nếu kh&ocirc;ng &hellip; th&igrave; cũng kh&ocirc;ng&hellip; ","note":"  C&acirc;u sau lu&ocirc;n mang &yacute; phủ định. ","examples":["93020c54469e582d6fdb16f7ba7848c2","93020c54469e582d6fdb16f7ba784f1b","93020c54469e582d6fdb16f7ba785b82","93020c54469e582d6fdb16f7ba7865cf"]}]}},{"id":"93020c54469e582d6fdb16f7ba788a75","key":"N3","value":{"_id":"93020c54469e582d6fdb16f7ba788a75","_rev":"1-be0f9cb7a54380c8ba7330d828f95743","type":"grammar","lang":["vi"],"label":"ja_vi","level":"N3","title":"～てしかたがない（～て仕方がない）     =>Không thể chịu được~","usages":[{"synopsis":"  Vて・ Aい&rarr;くて・ Aな&rarr;で ＋ しかたがない  ","explain":null,"mean":" : Kh&ocirc;ng thể chịu được, kh&ocirc;ng biết l&agrave;m sao, qu&aacute; ~ (kh&ocirc;ng kiểm so&aacute;t được) ","note":"  Chủ ngữ giới hạn ở ng&ocirc;i thứ nhất. ☞Giống với mẫuてたまらない ","examples":["93020c54469e582d6fdb16f7ba787822","93020c54469e582d6fdb16f7ba78829e","93020c54469e582d6fdb16f7ba788881"]}]}},{"id":"93020c54469e582d6fdb16f7ba78a42a","key":"N3","value":{"_id":"93020c54469e582d6fdb16f7ba78a42a","_rev":"1-7ee33aaeada425f9ab586cb2c2ca15f4","type":"grammar","lang":["vi"],"label":"ja_vi","level":"N3","title":"～てしようがない     =>Không thể chịu được~","usages":[{"synopsis":"  Vて・Aい&rarr;くて・ Aな&rarr;で ＋ しようがない  ","explain":null,"mean":" : Kh&ocirc;ng thể chịu được, kh&ocirc;ng biết l&agrave;m sao, qu&aacute; ~ (kh&ocirc;ng kiểm so&aacute;t được) ","note":"  ☞ Chủ ngữ giới hạn ở ng&ocirc;i thứ nhất. ☞ Giống với mẫuてたまらない ","examples":["93020c54469e582d6fdb16f7ba788f31","93020c54469e582d6fdb16f7ba789b12"]}]}},{"id":"93020c54469e582d6fdb16f7ba78d561","key":"N3","value":{"_id":"93020c54469e582d6fdb16f7ba78d561","_rev":"1-4f68acf11bdfeb2f824d1e3f2ff9c8a5","type":"grammar","lang":["vi"],"label":"ja_vi","level":"N3","title":"～てたまらない     =>Rất…","usages":[{"synopsis":"  Vて・ Aい&rarr;くて・ Aな&rarr;で ＋ たまらない  ","explain":"  V&ocirc; c&ugrave;ng ~ (kh&ocirc;ng thể k&igrave;m n&eacute;n được) ","mean":" : Rất&hellip; ","note":"  ☞Chủ ngữ giới hạn ở ng&ocirc;i thứ nhất. ☞Giống với mẫu てしかたがない／てしようがない ","examples":["93020c54469e582d6fdb16f7ba78a51a","93020c54469e582d6fdb16f7ba78b30e","93020c54469e582d6fdb16f7ba78c182","93020c54469e582d6fdb16f7ba78cfc0"]}]}},{"id":"93020c54469e582d6fdb16f7ba78f0d8","key":"N3","value":{"_id":"93020c54469e582d6fdb16f7ba78f0d8","_rev":"1-870dfa526348f4615f7205c66e0b68cf","type":"grammar","lang":["vi"],"label":"ja_vi","level":"N3","title":"～でさえ     =>Đến cả~","usages":[{"synopsis":"  N ＋ でさえ  ","explain":"  Lấy một v&iacute; dụ cực đoan v&agrave; kết luận những c&aacute;i kh&aacute;c (ở mức thấp hơn) l&agrave; đương nhi&ecirc;n. ","mean":" : Đến cả~ ","note":"  ☞C&oacute; thể d&ugrave;ng ở dạng N＋さえ このごろ忙しくて、食事をする時間さえない。このごろいそがしくて、しょくじをするじかんさえない。 Gần đ&acirc;y t&ocirc;i bận rộn đến thời gian ăn cũng kh&ocirc;ng c&oacute;. ","examples":["93020c54469e582d6fdb16f7ba78e26c","93020c54469e582d6fdb16f7ba78ee93"]}]}},{"id":"93020c54469e582d6fdb16f7ba790be7","key":"N3","value":{"_id":"93020c54469e582d6fdb16f7ba790be7","_rev":"1-94c07aaa2742138e6fb15cf95d45d426","type":"grammar","lang":["vi"],"label":"ja_vi","level":"N3","title":"～てならない     =>Hết sức, vô cùng, chịu không nổi","usages":[{"synopsis":"  Vて・ Aい&rarr;くて・ Aな &rarr;で ＋ ならない  ","explain":"  Diễn tả trạng th&aacute;i c&oacute; một t&igrave;nh cảm, cảm gi&aacute;c n&agrave;o đ&oacute; tự nhi&ecirc;n nảy sinh ra m&agrave; m&igrave;nh kh&ocirc;ng kiểm so&aacute;t được. Phần nhiều đ&oacute; l&agrave; những trường hợp diễn tả một trạng th&aacute;i d&ugrave; c&oacute; muốn kiềm chế cũng kh&ocirc;ng kiềm chế được, do vậy mức độ t&igrave;nh cảm cũng rất cao. ","mean":" : Hết sức, v&ocirc; c&ugrave;ng, chịu kh&ocirc;ng nổi. ","note":null,"examples":["93020c54469e582d6fdb16f7ba78f31d","93020c54469e582d6fdb16f7ba78fd8b","93020c54469e582d6fdb16f7ba790598"]}]}},{"id":"93020c54469e582d6fdb16f7ba793fc1","key":"N3","value":{"_id":"93020c54469e582d6fdb16f7ba793fc1","_rev":"1-c30cc4f09399bce85002ce51f610036a","type":"grammar","lang":["vi"],"label":"ja_vi","level":"N3","title":"～ということだ（～という事だ）     =>Nghe thấy nói là~","usages":[{"synopsis":"  V・Aい・Aな・N ＋ 普通形 ＋ ということだ  ","explain":"  C&aacute;ch n&oacute;i, truyền đạt lại nguy&ecirc;n nội dung đ&atilde; nghe. Thường li&ecirc;n kết với mẫu c&acirc;u thể hiện mệnh lệnh, &yacute; ch&iacute;, suy đo&aacute;n, nghi&ecirc;m cấm v.v ","mean":" :  Nghe thấy n&oacute;i l&agrave;~ ","note":null,"examples":["93020c54469e582d6fdb16f7ba790e7d","93020c54469e582d6fdb16f7ba79122a","93020c54469e582d6fdb16f7ba791755","93020c54469e582d6fdb16f7ba792393","93020c54469e582d6fdb16f7ba7931a1"]}]}},{"id":"93020c54469e582d6fdb16f7ba794d83","key":"N3","value":{"_id":"93020c54469e582d6fdb16f7ba794d83","_rev":"1-e1084b31b2794421d973604a78333534","type":"grammar","lang":["vi"],"label":"ja_vi","level":"N3","title":"～というものだ     =>Nhằm, có nội dung~","usages":[{"synopsis":"  Vる ＋ というものだ  ","explain":"  D&ugrave;ng để giải th&iacute;ch nội dung, chức năng của một c&aacute;i g&igrave; đ&oacute;. ","mean":" :  Nhằm, c&oacute; nội dung~ ","note":null,"examples":["93020c54469e582d6fdb16f7ba794185","93020c54469e582d6fdb16f7ba794530"]}]}},{"id":"93020c54469e582d6fdb16f7ba79745a","key":"N3","value":{"_id":"93020c54469e582d6fdb16f7ba79745a","_rev":"1-9eac6476f57ca432e4ea259809f9db80","type":"grammar","lang":["vi"],"label":"ja_vi","level":"N3","title":"～というものでもない     =>Không thể nói hết là~, không thể nói rằng~","usages":[{"synopsis":"  V・Aい・Aな・N＋普通形＋というものでもない  ","explain":null,"mean":" : Kh&ocirc;ng thể n&oacute;i hết l&agrave;~, kh&ocirc;ng thể n&oacute;i rằng~ ","note":null,"examples":["93020c54469e582d6fdb16f7ba7953e5","93020c54469e582d6fdb16f7ba7958fc","93020c54469e582d6fdb16f7ba7964fc","93020c54469e582d6fdb16f7ba796d04","93020c54469e582d6fdb16f7ba7971ec"]}]}},{"id":"93020c54469e582d6fdb16f7ba799777","key":"N3","value":{"_id":"93020c54469e582d6fdb16f7ba799777","_rev":"1-1fccf88a125984e90ed7ec9ee73fe651","type":"grammar","lang":["vi"],"label":"ja_vi","level":"N3","title":"～というより     =>Hơn là nói~","usages":[{"synopsis":"  V・Aい・Aな・N ＋ 普通形 ＋ というより ","explain":"  ☞Diễn tả &yacute; nghĩa hơn l&agrave;~, nhưng c&aacute;i n&oacute;i đằng sau mới l&agrave; th&iacute;ch đ&aacute;ng hơn. ☞Thường d&ugrave;ng đi k&egrave;m với むしろ ","mean":" : Hơn l&agrave; n&oacute;i~ ","note":null,"examples":["93020c54469e582d6fdb16f7ba797a9c","93020c54469e582d6fdb16f7ba7980bf","93020c54469e582d6fdb16f7ba798199","93020c54469e582d6fdb16f7ba798254","93020c54469e582d6fdb16f7ba7991bd"]}]}},{"id":"93020c54469e582d6fdb16f7ba79cb3b","key":"N3","value":{"_id":"93020c54469e582d6fdb16f7ba79cb3b","_rev":"1-0d271c82f48923e011292454fd48baa7","type":"grammar","lang":["vi"],"label":"ja_vi","level":"N3","title":"～といえば／というと（～と言えば／と言うと）     =>Nói về~","usages":[{"synopsis":"  N ＋ と言えば／というと ","explain":"  Từ một chủ đề nhớ ra, li&ecirc;n tưởng đến&hellip; ","mean":" : N&oacute;i về~ ","note":null,"examples":["93020c54469e582d6fdb16f7ba79a52a","93020c54469e582d6fdb16f7ba79a72e","93020c54469e582d6fdb16f7ba79b5a4","93020c54469e582d6fdb16f7ba79baa2","93020c54469e582d6fdb16f7ba79c28e"]}]}},{"id":"93020c54469e582d6fdb16f7ba7a06ff","key":"N3","value":{"_id":"93020c54469e582d6fdb16f7ba7a06ff","_rev":"1-daa33f352e856258be54dfbd55fb8f95","type":"grammar","lang":["vi"],"label":"ja_vi","level":"N3","title":"～といったら（～と言ったら）     =>Nói đến~","usages":[{"synopsis":"  N ＋ と言ったら  ","explain":"  D&ugrave;ng để n&oacute;i về cảm x&uacute;c th&aacute;n phục, ngạc nhi&ecirc;n, ngo&agrave;i mong đợi (cả ti&ecirc;u cực v&agrave; t&iacute;ch cực) ","mean":" : N&oacute;i đến~ ","note":null,"examples":["93020c54469e582d6fdb16f7ba79d94f","93020c54469e582d6fdb16f7ba79e857","93020c54469e582d6fdb16f7ba79f120","93020c54469e582d6fdb16f7ba79fda1"]}]}},{"id":"93020c54469e582d6fdb16f7ba7a2f70","key":"N3","value":{"_id":"93020c54469e582d6fdb16f7ba7a2f70","_rev":"1-f4a2f8eb05e2b572d9fb20371250e2d7","type":"grammar","lang":["vi"],"label":"ja_vi","level":"N3","title":"～といっても（～と言っても）     =>Dù nói là…nhưng","usages":[{"synopsis":"  V／Aい／Aな／N ＋ と言っても  ","explain":"  Diễn tả thực tế so với điều được nghỉ từ đ&oacute; kh&aacute;c nhau. ","mean":" : D&ugrave; n&oacute;i l&agrave;&hellip;nhưng ","note":null,"examples":["93020c54469e582d6fdb16f7ba7a0af9","93020c54469e582d6fdb16f7ba7a1045","93020c54469e582d6fdb16f7ba7a1e84","93020c54469e582d6fdb16f7ba7a285a"]}]}},{"id":"93020c54469e582d6fdb16f7ba7a55f0","key":"N3","value":{"_id":"93020c54469e582d6fdb16f7ba7a55f0","_rev":"1-d6b81cba3a77ddd4db5d9d22226ead4c","type":"grammar","lang":["vi"],"label":"ja_vi","level":"N3","title":"～としたら     =>Nếu…","usages":[{"synopsis":"  普通形 ＋ としたら  ","explain":"  Diễn tả 1 hay nhiều giả định. ","mean":" : Nếu&hellip; ","note":null,"examples":["93020c54469e582d6fdb16f7ba7a3cc2","93020c54469e582d6fdb16f7ba7a405f","93020c54469e582d6fdb16f7ba7a49b6"]}]}},{"id":"93020c54469e582d6fdb16f7ba7a8388","key":"N3","value":{"_id":"93020c54469e582d6fdb16f7ba7a8388","_rev":"1-96ff6e478bb759aabca01f31498939ad","type":"grammar","lang":["vi"],"label":"ja_vi","level":"N3","title":"～とともに～     =>Cùng với, đi kèm với, càng…càng","usages":[{"synopsis":"  Vる／Aい／N  N・Aな&rarr;である  ＋とともに ","explain":null,"mean":" : C&ugrave;ng với, đi k&egrave;m với, c&agrave;ng&hellip;c&agrave;ng ","note":null,"examples":["93020c54469e582d6fdb16f7ba7a60d1","93020c54469e582d6fdb16f7ba7a6d0c","93020c54469e582d6fdb16f7ba7a77ce","93020c54469e582d6fdb16f7ba7a7de5","93020c54469e582d6fdb16f7ba7a7fb2"]}]}},{"id":"93020c54469e582d6fdb16f7ba7ad163","key":"N3","value":{"_id":"93020c54469e582d6fdb16f7ba7ad163","_rev":"1-c73094296db4228cd5351724c165ef1b","type":"grammar","lang":["vi"],"label":"ja_vi","level":"N3","title":"～ないことには     =>Nếu không~","usages":[{"synopsis":"  Vない・ Aい&rarr;く・ Aな・N&rarr;で＋ないことには  ","explain":"  Vế sau l&agrave; c&acirc;u mang &yacute; phủ định. ","mean":" : Nếu kh&ocirc;ng~ ","note":null,"examples":["93020c54469e582d6fdb16f7ba7a8f2a","93020c54469e582d6fdb16f7ba7a8f6f","93020c54469e582d6fdb16f7ba7a9bb2","93020c54469e582d6fdb16f7ba7aa681","93020c54469e582d6fdb16f7ba7ab4ce","93020c54469e582d6fdb16f7ba7abd60","93020c54469e582d6fdb16f7ba7ac677","93020c54469e582d6fdb16f7ba7acf24"]}]}},{"id":"93020c54469e582d6fdb16f7ba7b00bb","key":"N3","value":{"_id":"93020c54469e582d6fdb16f7ba7b00bb","_rev":"1-e7723c5d4e0fb946451a00fa3d61dc26","type":"grammar","lang":["vi"],"label":"ja_vi","level":"N3","title":"～ながら（も）     =>Ấy thế mà~, tuy nhiên~","usages":[{"synopsis":"  Vます／Vない／Aい／Aな／N ＋ ながら ","explain":"  C&aacute;ch biểu hiện sự đối ngược, tr&aacute;i với suy nghĩ th&ocirc;ng thường, tr&aacute;i với tưởng tượng. Chủ ngữ của vế trước v&agrave; vế sau l&agrave; giống nhau. ","mean":" : Ấy thế m&agrave;~, tuy nhi&ecirc;n~ ","note":null,"examples":["93020c54469e582d6fdb16f7ba7ad627","93020c54469e582d6fdb16f7ba7ae4d9","93020c54469e582d6fdb16f7ba7af298","93020c54469e582d6fdb16f7ba7af738"]}]}},{"id":"93020c54469e582d6fdb16f7ba7b316c","key":"N3","value":{"_id":"93020c54469e582d6fdb16f7ba7b316c","_rev":"1-9df0bfa537688b695d294a6c8a12daca","type":"grammar","lang":["vi"],"label":"ja_vi","level":"N3","title":"～など／なんか／なんて     =>Cỡ như, đến như, chẳng hạn như~","usages":[{"synopsis":"  N ＋ など／なんか／なんて  ","explain":"  ☞D&ugrave;ng khi muốn n&ecirc;u l&ecirc;n một v&iacute; dụ để muốn l&agrave;m nhẹ, đ&aacute;nh gi&aacute; thấp. ☞D&ugrave;ng khi n&oacute;i mang t&iacute;nh phủ định hoặc coi nhẹ một thứ l&agrave; kh&ocirc;ng quan trọng lắm. ","mean":" : Cỡ như, đến như, chẳng hạn như~ ","note":"  ☞ なんか／なんてchủ yếu d&ugrave;ng khi n&oacute;i chuyện. ","examples":["93020c54469e582d6fdb16f7ba7b0912","93020c54469e582d6fdb16f7ba7b1789","93020c54469e582d6fdb16f7ba7b1ee3","93020c54469e582d6fdb16f7ba7b21f9","93020c54469e582d6fdb16f7ba7b3031"]}]}},{"id":"93020c54469e582d6fdb16f7ba7b4d02","key":"N3","value":{"_id":"93020c54469e582d6fdb16f7ba7b4d02","_rev":"1-72abd669463e5f5f1f31477d75cf9453","type":"grammar","lang":["vi"],"label":"ja_vi","level":"N3","title":"～にあって     =>Vì~","usages":[{"synopsis":"  N ＋ にあって  ","explain":"  Thể hiện &yacute; nghĩa dựa theo t&igrave;nh huống đ&atilde; được đề cập ở đ&oacute;&hellip; ","mean":" : V&igrave;~ ","note":null,"examples":["93020c54469e582d6fdb16f7ba7b39c4","93020c54469e582d6fdb16f7ba7b3f2c","93020c54469e582d6fdb16f7ba7b4828"]}]}},{"id":"93020c54469e582d6fdb16f7ba7b6746","key":"N3","value":{"_id":"93020c54469e582d6fdb16f7ba7b6746","_rev":"1-54c18ac817b181bf6c14e4225879fa9d","type":"grammar","lang":["vi"],"label":"ja_vi","level":"N3","title":"～において     =>Ở, Trong, Tại~","usages":[{"synopsis":"  N ＋ において  ","explain":"  Chỉ t&igrave;nh huống, chỉ phạm vi. ","mean":" : Ở, Trong, Tại~ ","note":null,"examples":["93020c54469e582d6fdb16f7ba7b57b0","93020c54469e582d6fdb16f7ba7b58c9","93020c54469e582d6fdb16f7ba7b61bd","93020c54469e582d6fdb16f7ba7b65de"]}]}},{"id":"93020c54469e582d6fdb16f7ba7ba35e","key":"N3","value":{"_id":"93020c54469e582d6fdb16f7ba7ba35e","_rev":"1-1b15ada83314c659b6969e10ab491c10","type":"grammar","lang":["vi"],"label":"ja_vi","level":"N3","title":"～におうじて（～に応じて）     =>Tùy theo, dựa theo~","usages":[{"synopsis":"  N ＋ に応じて  ","explain":"  Phụ thuộc v&agrave;o..., t&ugrave;y theo...Biểu thị sự việc sau thay đổi t&ugrave;y thuộc v&agrave;o sự thay đổi đằng trước. ","mean":" : T&ugrave;y theo, dựa theo~ ","note":null,"examples":["93020c54469e582d6fdb16f7ba7b7242","93020c54469e582d6fdb16f7ba7b7c6e","93020c54469e582d6fdb16f7ba7b8243","93020c54469e582d6fdb16f7ba7b8cbd","93020c54469e582d6fdb16f7ba7b9b3c","93020c54469e582d6fdb16f7ba7b9bed"]}]}},{"id":"93020c54469e582d6fdb16f7ba7bc86f","key":"N3","value":{"_id":"93020c54469e582d6fdb16f7ba7bc86f","_rev":"1-f864d66ec6075d247e9ca93d2430dc40","type":"grammar","lang":["vi"],"label":"ja_vi","level":"N3","title":"～における     =>Tại, trong, ở","usages":[{"synopsis":"  N ＋ における  ","explain":"  Chỉ địa điểm, thời gian v&agrave; dung để bổ nghĩa danh từ. ","mean":" : Tại, trong, ở ","note":null,"examples":["93020c54469e582d6fdb16f7ba7ba730","93020c54469e582d6fdb16f7ba7bae8a","93020c54469e582d6fdb16f7ba7bb1cb","93020c54469e582d6fdb16f7ba7bbbda"]}]}},{"id":"93020c54469e582d6fdb16f7ba7c0342","key":"N3","value":{"_id":"93020c54469e582d6fdb16f7ba7c0342","_rev":"1-72e01f8f257e41d49d685c33bae0ac57","type":"grammar","lang":["vi"],"label":"ja_vi","level":"N3","title":"～にかかわらず     =>Bất chấp~, không liên quan~","usages":[{"synopsis":"  Vる＋Vない  Aい&rarr;くない  N  ＋にかかわらず ","explain":"  D&ugrave;ng để biểu thị kh&ocirc;ng c&oacute; vấn đề sai tr&aacute;i đ&oacute;, kh&ocirc;ng li&ecirc;n quan đến sai tr&aacute;i đ&oacute;, danh từ h&igrave;nh th&agrave;nh như thời tiết, giới t&iacute;nh, tuổi t&aacute;c. ","mean":" : Bất chấp~, kh&ocirc;ng li&ecirc;n quan~ ","note":null,"examples":["93020c54469e582d6fdb16f7ba7bd029","93020c54469e582d6fdb16f7ba7bd90d","93020c54469e582d6fdb16f7ba7be750","93020c54469e582d6fdb16f7ba7be7ce","93020c54469e582d6fdb16f7ba7bf6a1","93020c54469e582d6fdb16f7ba7c02a5"]}]}},{"id":"93020c54469e582d6fdb16f7ba7c35d0","key":"N3","value":{"_id":"93020c54469e582d6fdb16f7ba7c35d0","_rev":"1-ba269716c91e180d5df168b67874c350","type":"grammar","lang":["vi"],"label":"ja_vi","level":"N3","title":"～にかかわって（～に代わって）     =>Thay cho~","usages":[{"synopsis":"  N ＋ にかわって  ","explain":"  Thay thế cho/thay mặt cho (ai đ&oacute;) ","mean":" : Thay cho~ ","note":null,"examples":["93020c54469e582d6fdb16f7ba7c0de0","93020c54469e582d6fdb16f7ba7c129a","93020c54469e582d6fdb16f7ba7c2058","93020c54469e582d6fdb16f7ba7c2e7f","93020c54469e582d6fdb16f7ba7c2efd"]}]}},{"id":"93020c54469e582d6fdb16f7ba7c73f0","key":"N3","value":{"_id":"93020c54469e582d6fdb16f7ba7c73f0","_rev":"1-6d58955296435b3c71157ffee9c42e0a","type":"grammar","lang":["vi"],"label":"ja_vi","level":"N3","title":"～にかんする／にかんして（～に関する／に関して）     =>Liên quan đến~","usages":[{"synopsis":"  N ＋ に関する／関して  ","explain":"  Li&ecirc;n quan đến việc ~ ","mean":" : Li&ecirc;n quan đến~ ","note":null,"examples":["93020c54469e582d6fdb16f7ba7c42df","93020c54469e582d6fdb16f7ba7c4e6e","93020c54469e582d6fdb16f7ba7c5da2","93020c54469e582d6fdb16f7ba7c6461"]}]}},{"id":"93020c54469e582d6fdb16f7ba7c9770","key":"N3","value":{"_id":"93020c54469e582d6fdb16f7ba7c9770","_rev":"1-50e2e8b827f11201dd63d852af31d7b2","type":"grammar","lang":["vi"],"label":"ja_vi","level":"N3","title":"～にしたがって（従って）     =>Cùng với ~, dựa theo~","usages":[{"synopsis":"  Vる／N ＋ にしたがって  ","explain":"  C&ugrave;ng với...Nếu c&oacute; một việc n&agrave;o đ&oacute; thay đổi, th&igrave; sẽ c&oacute; một việc kh&aacute;c c&ugrave;ng thay đổi theo việc đ&oacute;. Cả vế trước v&agrave; vế sau đều c&oacute; những từ thể hiện sự thay đổi như 増える、減る、広がる、～くなる、～になる、～てくる, v.v...Sử dụng trong trường hợp thể hiện sự thay đổi c&oacute; t&iacute;nh li&ecirc;n tục (kh&ocirc;ng sử dụng trong trường hợp thay đổi chỉ một lần) ","mean":" : C&ugrave;ng với ~, dựa theo~ ","note":null,"examples":["93020c54469e582d6fdb16f7ba7c7fd6","93020c54469e582d6fdb16f7ba7c8100","93020c54469e582d6fdb16f7ba7c8fd3","93020c54469e582d6fdb16f7ba7c94b7"]}]}}]}