{"status":200,"message":"","results":[{"id":"93020c54469e582d6fdb16f7ba7cc2e7","key":"N3","value":{"_id":"93020c54469e582d6fdb16f7ba7cc2e7","_rev":"1-d2e2255a59a92cf2f3727e0129498f2a","type":"grammar","lang":["vi"],"label":"ja_vi","level":"N3","title":"～にしろ     =>Dẫu là~","usages":[{"synopsis":"  V／Aい／Aな&rarr;だ／Nだ ＋ 普通形 ＋ にしろ  ","explain":"  Biểu hiện điều kiện giả định nghịch tiếp: D&ugrave; cho ~ nhưng vẫn&hellip; ","mean":" :  Dẫu l&agrave;~ ","note":null,"examples":["93020c54469e582d6fdb16f7ba7c99db","93020c54469e582d6fdb16f7ba7ca9ce","93020c54469e582d6fdb16f7ba7cb5d9","93020c54469e582d6fdb16f7ba7cc270"]}]}},{"id":"93020c54469e582d6fdb16f7ba7ce5f3","key":"N3","value":{"_id":"93020c54469e582d6fdb16f7ba7ce5f3","_rev":"1-536208bcf5d58fef6a9c81051481c2da","type":"grammar","lang":["vi"],"label":"ja_vi","level":"N3","title":"～にすぎない（過ぎない）     =>Chỉ~","usages":[{"synopsis":"  V普通形［Aな－である、N－である］ ＋ にすぎない  ","explain":null,"mean":" : Chỉ cỡ~, kh&ocirc;ng nhiều hơn ~ ","note":null,"examples":["93020c54469e582d6fdb16f7ba7cc429","93020c54469e582d6fdb16f7ba7ccd5f","93020c54469e582d6fdb16f7ba7cd1dc","93020c54469e582d6fdb16f7ba7cdf57"]}]}},{"id":"93020c54469e582d6fdb16f7ba7d18c4","key":"N3","value":{"_id":"93020c54469e582d6fdb16f7ba7d18c4","_rev":"1-15968c804e6402f75aed40bc200914e1","type":"grammar","lang":["vi"],"label":"ja_vi","level":"N3","title":"～にたいして（～に対して）     =>Đối với~","usages":[{"synopsis":"  N ＋ に対して  ","explain":"  D&ugrave;ng để chỉ đối tượng, đối với vấn đề g&igrave; đ&oacute; th&igrave;&hellip; ","mean":" : Đối với~ ","note":null,"examples":["93020c54469e582d6fdb16f7ba7cefdd","93020c54469e582d6fdb16f7ba7cf8c8","93020c54469e582d6fdb16f7ba7d01b2","93020c54469e582d6fdb16f7ba7d0cd3"]}]}},{"id":"93020c54469e582d6fdb16f7ba7d3ac2","key":"N3","value":{"_id":"93020c54469e582d6fdb16f7ba7d3ac2","_rev":"1-eb92f79b5179480a7ca85c0f4c8df6c0","type":"grammar","lang":["vi"],"label":"ja_vi","level":"N3","title":"～にちがいない（～に違いない）     =>Nhất định~, chắc là~","usages":[{"synopsis":"  V／Aい・ N／Aな(である) ＋ に違いない  ","explain":"  Dựa v&agrave;o nguồn căn cứ n&agrave;o đ&oacute; để người n&oacute;i tin tưởng nhiều về sự việc đ&oacute;. ","mean":" : Nhất định~, chắc l&agrave;~ ","note":null,"examples":["93020c54469e582d6fdb16f7ba7d19d8","93020c54469e582d6fdb16f7ba7d21c6","93020c54469e582d6fdb16f7ba7d243c","93020c54469e582d6fdb16f7ba7d2f7a"]}]}},{"id":"93020c54469e582d6fdb16f7ba7d818a","key":"N3","value":{"_id":"93020c54469e582d6fdb16f7ba7d818a","_rev":"1-0baceb90939731da1be86bac8321b230","type":"grammar","lang":["vi"],"label":"ja_vi","level":"N3","title":"～について     =>Về việc~","usages":[{"synopsis":"  N ＋ について  ","explain":"  Biểu thị &yacute; nghĩa li&ecirc;n quan đến vấn đề đ&oacute;&hellip; ","mean":" : Về việc~ ","note":null,"examples":["93020c54469e582d6fdb16f7ba7d45cf","93020c54469e582d6fdb16f7ba7d53e5","93020c54469e582d6fdb16f7ba7d5825","93020c54469e582d6fdb16f7ba7d6576","93020c54469e582d6fdb16f7ba7d7442"]}]}},{"id":"93020c54469e582d6fdb16f7ba7dafcc","key":"N3","value":{"_id":"93020c54469e582d6fdb16f7ba7dafcc","_rev":"1-54acd95f60aa17c3c8e30718daaa2df0","type":"grammar","lang":["vi"],"label":"ja_vi","level":"N3","title":"～につれて     =>Cùng với~","usages":[{"synopsis":"  Vる／N ＋ につれて  ","explain":"  Diễn tả mối quan hệ tỉ lệ chung đ&oacute; l&agrave; c&ugrave;ng với sự việc tiến triển th&igrave; sự việc kh&aacute;c cũng tiến triển theo. ","mean":" : C&ugrave;ng với~ ","note":"  C&aacute;ch d&ugrave;ng v&agrave; &yacute; nghĩa giống với ～にしたがってn&ecirc;n kh&ocirc;ng thể d&ugrave;ng trong trường hợp biểu thị sự thay đổi chỉ một lần. ","examples":["93020c54469e582d6fdb16f7ba7d8544","93020c54469e582d6fdb16f7ba7d885e","93020c54469e582d6fdb16f7ba7d977e","93020c54469e582d6fdb16f7ba7d9d24","93020c54469e582d6fdb16f7ba7da1d6"]}]}},{"id":"93020c54469e582d6fdb16f7ba7df3c9","key":"N3","value":{"_id":"93020c54469e582d6fdb16f7ba7df3c9","_rev":"1-f51d4a6fae42a164cd20c630273f6481","type":"grammar","lang":["vi"],"label":"ja_vi","level":"N3","title":"～にとって     =>Đối với~","usages":[{"synopsis":"  N ＋ にとって  ","explain":"  Danh từ d&ugrave;ng ở mẫu c&acirc;u n&agrave;y l&agrave; danh từ chỉ người. ","mean":" : Đối với~ ","note":null,"examples":["93020c54469e582d6fdb16f7ba7dbe68","93020c54469e582d6fdb16f7ba7dcb79","93020c54469e582d6fdb16f7ba7dd441","93020c54469e582d6fdb16f7ba7ddaaa","93020c54469e582d6fdb16f7ba7de839"]}]}},{"id":"93020c54469e582d6fdb16f7ba7e1766","key":"N3","value":{"_id":"93020c54469e582d6fdb16f7ba7e1766","_rev":"1-0c3e7c6fdd14d2bac4713be048f245c2","type":"grammar","lang":["vi"],"label":"ja_vi","level":"N3","title":"～にともなって（～に伴って）     =>Cùng với…, Càng…càng","usages":[{"synopsis":"  Vる／N ＋ にともなって  ","explain":"  Được d&ugrave;ng trong văn viết. ","mean":" : C&ugrave;ng với&hellip;, C&agrave;ng&hellip;c&agrave;ng ","note":null,"examples":["93020c54469e582d6fdb16f7ba7dfa48","93020c54469e582d6fdb16f7ba7e0247","93020c54469e582d6fdb16f7ba7e08ba"]}]}},{"id":"93020c54469e582d6fdb16f7ba7e34b2","key":"N3","value":{"_id":"93020c54469e582d6fdb16f7ba7e34b2","_rev":"1-9180a6f0642c7c355280c7695de7e74c","type":"grammar","lang":["vi"],"label":"ja_vi","level":"N3","title":"～にはんして（～に反して）     =>Trái với...","usages":[{"synopsis":"  N ＋ に反して  ","explain":"  Diễn tả &yacute; tr&aacute;i ngược với, tương phản với mong muốn, kỳ vọng. ","mean":" : Tr&aacute;i với... ","note":null,"examples":["93020c54469e582d6fdb16f7ba7e1b23","93020c54469e582d6fdb16f7ba7e24b1","93020c54469e582d6fdb16f7ba7e2ab3","93020c54469e582d6fdb16f7ba7e2e7b","93020c54469e582d6fdb16f7ba7e33ef"]}]}},{"id":"93020c54469e582d6fdb16f7ba7e4f44","key":"N3","value":{"_id":"93020c54469e582d6fdb16f7ba7e4f44","_rev":"1-b3182f205ff1bcdcc728af67399e7274","type":"grammar","lang":["vi"],"label":"ja_vi","level":"N3","title":"～にわたる／にわたって（～に渡る／に渡って）     =>Suốt, trải suốt, trải khắp","usages":[{"synopsis":"  N ＋ にわたる／にわたって  ","explain":"  ☞Nにわたるbổ nghĩa cho danh từ. ☞Đi sau thường l&agrave; từ chỉ thời gian, số lần, phạm vi của một nơi chốn, d&ugrave;ng để diễn tả quy m&ocirc; của một việc g&igrave; đ&oacute;. ","mean":" : Suốt, trải suốt, trải khắp ","note":"  ☞Theo sau thường l&agrave; những động từ như ｢行う/ 続ける/ 訪れる｣ 彼はこの町を数回にわったて訪れ、ダム建設についての住民との話し合いをおこなっている。 かれはこのまちをすうかいにわったておとずれ、ダムけんせつについてのじゅうみんとのはなしあいをおこなっている。 Anh ấy đ&atilde; đến thăm th&agrave;nh phố n&agrave;y nhiều lần, v&agrave; đ&atilde; thảo luận với cư d&acirc;n địa phương về việc x&acirc;y dựng đập nước. ☞D&ugrave;ng trong phong c&aacute;ch nghi&ecirc;m trang mang t&iacute;nh văn viết。 ","examples":["93020c54469e582d6fdb16f7ba7e4240","93020c54469e582d6fdb16f7ba7e4266"]}]}},{"id":"93020c54469e582d6fdb16f7ba7e5c85","key":"N3","value":{"_id":"93020c54469e582d6fdb16f7ba7e5c85","_rev":"1-390189f94cdd381ae7b5836f725cc476","type":"grammar","lang":["vi"],"label":"ja_vi","level":"N3","title":"～はともかく     =>Để sau, khoan bàn","usages":[{"synopsis":"  N ＋ はともかく  ","explain":"  ☞Diễn tả &yacute; nghĩa &ldquo;r&uacute;t sự việc đ&oacute; ra khỏi đối tượng được b&agrave;n thảo&rdquo;. ☞D&ugrave;ng trong trường hợp ưu ti&ecirc;n tr&igrave;nh b&agrave;y một sự việc ở ph&iacute;a sau, v&igrave; cho rằng n&oacute; quan trọng hơn sự việc đ&oacute;. ","mean":" : Để sau, khoan b&agrave;n ","note":"  ☞C&oacute; c&aacute;ch n&oacute;i kh&aacute;c l&agrave;「Nはともかくとして」 勝敗はともかくとして、一生懸命頑張ろう。 しょうはいはともかくとして、いっしょうけんめいがんばろう。  Khoan b&agrave;n đến chuyện thắng bại, ch&uacute;ng ta h&atilde;y cố gắng hết sức đ&atilde;. ","examples":["93020c54469e582d6fdb16f7ba7e53d4"]}]}},{"id":"93020c54469e582d6fdb16f7ba7e6ffd","key":"N3","value":{"_id":"93020c54469e582d6fdb16f7ba7e6ffd","_rev":"1-c303e7de15e0e51665bf05d3063ce6a1","type":"grammar","lang":["vi"],"label":"ja_vi","level":"N3","title":"～はもとより     =>Không chỉ, nói chi","usages":[{"synopsis":"  N ＋ はもとより  ","explain":"  Đưa ra những việc được cho l&agrave; đương nhi&ecirc;n để diễn tả &yacute; nghĩa &ldquo;kh&ocirc;ng chỉ như thế m&agrave; c&ograve;n c&oacute; những chuyện quan trọng hơn hoặc nhẹ hơn&rdquo; ","mean":" : Kh&ocirc;ng chỉ, n&oacute;i chi. ","note":"  D&ugrave;ng trong phong c&aacute;ch nghi&ecirc;m trang mang t&iacute;nh văn viết. ","examples":["93020c54469e582d6fdb16f7ba7e6bb7"]}]}},{"id":"93020c54469e582d6fdb16f7ba7e8ab2","key":"N3","value":{"_id":"93020c54469e582d6fdb16f7ba7e8ab2","_rev":"1-6af247585edc132277bd774d8836de95","type":"grammar","lang":["vi"],"label":"ja_vi","level":"N3","title":"～はぬきにして（～は抜きにして）     =>Hãy bỏ…ra, hãy thôi…","usages":[{"synopsis":"  N ＋ は抜きにして  ","explain":"  D&ugrave;ng để diễn tả kh&ocirc;ng l&agrave; một chuyện g&igrave; nữa. ","mean":" : H&atilde;y bỏ&hellip;ra, h&atilde;y th&ocirc;i&hellip; ","note":"  C&oacute; nghĩa l&agrave; ｢...は除いて｣(c&aacute;i đ&oacute;, h&atilde;y loại bỏ ra),「は止めて」(chuyện đ&oacute;, h&atilde;y th&ocirc;i đi) ","examples":["93020c54469e582d6fdb16f7ba7e7b09","93020c54469e582d6fdb16f7ba7e7c45"]}]}},{"id":"93020c54469e582d6fdb16f7ba7ebeb9","key":"N3","value":{"_id":"93020c54469e582d6fdb16f7ba7ebeb9","_rev":"1-feb0ed52cbccb32335b312d1bfc44c6d","type":"grammar","lang":["vi"],"label":"ja_vi","level":"N3","title":"～はんめん（～反面）     =>Ngược lại, mặt khác~","usages":[{"synopsis":"  Vる／Nである／Aな・である／Aい ＋ 反面  ","explain":"  Biểu thị t&iacute;nh chất hai mặt tr&aacute;i ngược của một sự việc n&agrave;o đ&oacute;. ","mean":" : Ngược lại, mặt kh&aacute;c~ ","note":null,"examples":["93020c54469e582d6fdb16f7ba7e968f","93020c54469e582d6fdb16f7ba7ea414","93020c54469e582d6fdb16f7ba7eb364"]}]}},{"id":"93020c54469e582d6fdb16f7ba7eda4d","key":"N3","value":{"_id":"93020c54469e582d6fdb16f7ba7eda4d","_rev":"1-81b05dbf225e8f7f253e0827db9c7340","type":"grammar","lang":["vi"],"label":"ja_vi","level":"N3","title":"～べき/ べきではない     =>Nên/ không nên","usages":[{"synopsis":"  Vる ＋ べき/ べきではない  ","explain":"  Người n&oacute;i n&ecirc;u &yacute; kiến trước một sự việc n&agrave;o đ&oacute;, l&agrave;m/ kh&ocirc;ng l&agrave;m&hellip;l&agrave; chuyện đương nhi&ecirc;n. ","mean":" : N&ecirc;n/ kh&ocirc;ng n&ecirc;n ","note":"  Động từ するchuyển th&agrave;nh すべき. ","examples":["93020c54469e582d6fdb16f7ba7ece7b","93020c54469e582d6fdb16f7ba7ed442"]}]}},{"id":"93020c54469e582d6fdb16f7ba7f06a6","key":"N3","value":{"_id":"93020c54469e582d6fdb16f7ba7f06a6","_rev":"1-d5ddbd5e1e826bf3816661c8e345a8be","type":"grammar","lang":["vi"],"label":"ja_vi","level":"N3","title":"～むきだ（～向きだ）     =>Phù hợp, dành cho～","usages":[{"synopsis":"  N ＋ 向きだ～  ","explain":"  Vừa vặn đối với ~, th&iacute;ch hợp đối với~. ","mean":" : Ph&ugrave; hợp, d&agrave;nh cho～ ","note":"  ☞Thay cho c&aacute;ch n&oacute;i phủ định l&agrave; 「(N) 向きでない」th&igrave; c&oacute; thể n&oacute;i 「(N) 不向きだ。」 この機械は大きすぎて家庭で使うのは不向きだ。 このきかいはおおきすぎてかていでつかうのはふむきだ。 Chiếc m&aacute;y n&agrave;y to qu&aacute;, kh&ocirc;ng ph&ugrave; hợp d&ugrave;ng trong gia đ&igrave;nh. ☞ C&aacute;ch n&oacute;i kiểu th&agrave;nh ngữ 「向き不向きがある」c&oacute; nghĩa l&agrave; &ldquo;t&ugrave;y người, c&oacute; người ph&ugrave; hợp c&oacute; người kh&ocirc;ng&rdquo; セールスの仕事には向き不向きがある。 セールスのしごとにはむきふむきがある。 Việc b&aacute;n h&agrave;ng c&oacute; người hợp người kh&ocirc;ng. ","examples":["93020c54469e582d6fdb16f7ba7ee6d7","93020c54469e582d6fdb16f7ba7eee1b","93020c54469e582d6fdb16f7ba7ef7bc"]}]}},{"id":"93020c54469e582d6fdb16f7ba7f2d6b","key":"N3","value":{"_id":"93020c54469e582d6fdb16f7ba7f2d6b","_rev":"1-dc913a6ec5efc66e7d9b22e3bd058e9d","type":"grammar","lang":["vi"],"label":"ja_vi","level":"N3","title":"～も～なら～も、～も～ば～も     =>Cũng ～ cũng ～","usages":[{"synopsis":"  ～も～なら～も、～も～ば～も  ","explain":null,"mean":" : Cũng ～cũng ～ ","note":null,"examples":["93020c54469e582d6fdb16f7ba7f0735","93020c54469e582d6fdb16f7ba7f1423","93020c54469e582d6fdb16f7ba7f236e"]}]}},{"id":"93020c54469e582d6fdb16f7ba7f4d7c","key":"N3","value":{"_id":"93020c54469e582d6fdb16f7ba7f4d7c","_rev":"1-82bf6ced8f73b4a778c32fb4b4d420c6","type":"grammar","lang":["vi"],"label":"ja_vi","level":"N3","title":"～やら～やら     =>Nào là～, nào là～","usages":[{"synopsis":"  (Vる／Aい／N) ＋やら(Vる／Aい／N)＋やら～ ","explain":"  D&ugrave;ng để liệt k&ecirc;. ","mean":" : N&agrave;o l&agrave;～, n&agrave;o l&agrave;～ ","note":null,"examples":["93020c54469e582d6fdb16f7ba7f3a41","93020c54469e582d6fdb16f7ba7f43de","93020c54469e582d6fdb16f7ba7f48f0"]}]}},{"id":"93020c54469e582d6fdb16f7ba7f73bb","key":"N3","value":{"_id":"93020c54469e582d6fdb16f7ba7f73bb","_rev":"1-d252472b1090477f31e65c244883551b","type":"grammar","lang":["vi"],"label":"ja_vi","level":"N3","title":"～よりほかない     =>Chẳng còn cách nào khác là ~","usages":[{"synopsis":"  普通形 ＋ よりほかはない  ","explain":"  Kh&ocirc;ng c&ograve;n c&aacute;ch n&agrave;o kh&aacute;c l&agrave; phải ~ ","mean":" : Chẳng c&ograve;n c&aacute;ch n&agrave;o kh&aacute;c l&agrave; ~ ","note":null,"examples":["93020c54469e582d6fdb16f7ba7f52e1","93020c54469e582d6fdb16f7ba7f5513","93020c54469e582d6fdb16f7ba7f6010","93020c54469e582d6fdb16f7ba7f6e28"]}]}},{"id":"93020c54469e582d6fdb16f7ba7fa21f","key":"N3","value":{"_id":"93020c54469e582d6fdb16f7ba7fa21f","_rev":"1-4faafafa733b384d08755fee2994de95","type":"grammar","lang":["vi"],"label":"ja_vi","level":"N3","title":"～わけない     =>Lẽ nào lại, làm sao ~ được","usages":[{"synopsis":"  普通形[Aナ、Nな] ＋ わけない  ","explain":"  ☞Kh&ocirc;ng c&oacute; nghĩa l&agrave; ~, kh&ocirc;ng chắc ~、kh&ocirc;ng hẳn l&agrave; ~. ☞Cấu tr&uacute;c n&agrave;y đồng nghĩa với「はずがない」 ","mean":" : Lẽ n&agrave;o lại, l&agrave;m sao ~ được. ","note":null,"examples":["93020c54469e582d6fdb16f7ba7f7cae","93020c54469e582d6fdb16f7ba7f84ca","93020c54469e582d6fdb16f7ba7f907f","93020c54469e582d6fdb16f7ba7f9a74"]}]}},{"id":"93020c54469e582d6fdb16f7ba7fc8d7","key":"N3","value":{"_id":"93020c54469e582d6fdb16f7ba7fc8d7","_rev":"1-aba70c070e8ebc8badd583e416dc228f","type":"grammar","lang":["vi"],"label":"ja_vi","level":"N3","title":"～わけだ     =>Có nghĩa là ~, là vì ~","usages":[{"synopsis":"  普通形 ＋ わけだ [Aナ、N + な]  ","explain":"  ☞ C&oacute; nghĩa l&agrave; ~. ☞ Giải th&iacute;ch nguy&ecirc;n nh&acirc;n, l&yacute; do l&agrave; v&igrave; ~. ","mean":" : C&oacute; nghĩa l&agrave; ~, l&agrave; v&igrave; ~ ","note":null,"examples":["93020c54469e582d6fdb16f7ba7fa3d6","93020c54469e582d6fdb16f7ba7fad93","93020c54469e582d6fdb16f7ba7fb689","93020c54469e582d6fdb16f7ba7fbb40"]}]}},{"id":"93020c54469e582d6fdb16f7ba7fed95","key":"N3","value":{"_id":"93020c54469e582d6fdb16f7ba7fed95","_rev":"1-6ca9decabd7f7a320dfda52e2f1bc6dd","type":"grammar","lang":["vi"],"label":"ja_vi","level":"N3","title":"～わけではない     =>Không nhất thiết là ~","usages":[{"synopsis":"  普通形／Aい／Aな ＋ わけではない  ","explain":"  ☞D&ugrave;ng để phủ địnhchỉ 1(phủ định đơn) ph&aacute;t ng&ocirc;n hay thực trạng, thực tế đang được đề cập. ☞Biểu thị thực tế kh&aacute;ch quan, dựa tr&ecirc;n yếu tố kh&aacute;ch quan m&agrave; đưa ra &yacute; phủ định. (わけにはいかないlại biểu thị &yacute; chủ quan c&aacute; nh&acirc;n, dựa tr&ecirc;n &yacute; c&aacute; nh&acirc;n m&agrave; đưa ra &yacute; phủ định) ","mean":" : Kh&ocirc;ng nhất thiết l&agrave; ~; Kh&ocirc;ng phải l&agrave; ~; Kh&ocirc;ng hẳn l&agrave;~; kh&ocirc;ng c&oacute; nghĩa. ","note":"  ☞ わけではないrất thường được sử dụng chung với 「だからといって」「特に」「別に」nhằm nhấn mạnh với &yacute; phụ định ho&agrave;n to&agrave;n nội dung đang đươc đề cập. Khi đi c&ugrave;ng với 「まったく」「全然」th&igrave; chỉ mang &yacute; phủ định một phần.   このレストランは何時も客が一杯だが、だからといって料理が特別に美味しいわけではない。 このレストランはいつもきゃくがいっぱいだが、だからといってりょうりがとくべつにおいしいわけではない。 Nh&agrave; h&agrave;ng n&agrave;y l&uacute;c n&agrave;o cũng đ&ocirc;ng kh&aacute;ch cả, (đ&ocirc;ng như vậy) nhưng kh&ocirc;ng hẳnl&agrave; thức ăn ở đ&acirc;y ngon.  来月から英会話を習うことにした。全然話せないわけではないのだが、日ごろ英語を喋るチャンスが無いので、いざという時口から出てこないんだ。 らいげつからえいかいわをならうことにした。ぜんぜんはなせないわけではないのだが、ひごろえいごをしゃべるチャンスがないので、いざというときくちからでてこないんだ。 T&ocirc;i quyết định l&agrave; từ th&aacute;ng sau sẽ học đ&agrave;m thoại tiếng Anh. Kh&ocirc;ng phải l&agrave; t&ocirc;i kh&ocirc;ng thể đ&agrave;m thoại được (Vẫn đ&agrave;m thoại được ch&uacute;t ch&uacute;t). Chỉ l&agrave; những l&uacute;c c&oacute; cơ hội đ&agrave;m thoại tiếng Anh th&ocirc;ng dụng th&igrave; lại kh&ocirc;ng n&oacute;i được.   ☞というわけではない(ってわけではない:văn n&oacute;i)cũng mang &yacute; nghĩa giống v&agrave; ho&agrave;n to&agrave;n được d&ugrave;ng thay thế choわけではない.Nhưng というわけではない(ってわけではない:văn n&oacute;i) vẫn thường được d&ugrave;ng trong trường hợp c&oacute; đề cập đến l&yacute; do được n&ecirc;u cụ thể trong c&ugrave;ng c&acirc;u văn.  今日は学校へ行く気がしない、雨だから行きたくないというわけではない。ただなんとなく今日は何もする気になれないんだ。きょうはがっこうへいくきがしない、あめだからいきたくないというわけではない。ただなんとなくきょうはなにもするきになれないんだ。 H&ocirc;m nay t&ocirc;i kh&ocirc;ng (c&oacute; cảm gi&aacute;c )muốn đi học, kh&ocirc;ng hẳn l&agrave; tại trời mưa n&ecirc;n kh&ocirc;ng muốn đi học. Chỉ l&agrave; h&ocirc;m nay t&ocirc;i kh&ocirc;ng c&oacute; t&acirc;m trạng l&agrave;m g&igrave; cả. ","examples":["93020c54469e582d6fdb16f7ba7fcd91","93020c54469e582d6fdb16f7ba7fdc11","93020c54469e582d6fdb16f7ba7fdf44"]}]}},{"id":"93020c54469e582d6fdb16f7ba7ffd97","key":"N3","value":{"_id":"93020c54469e582d6fdb16f7ba7ffd97","_rev":"1-ed7175c8dee84e397138726ba5114bf6","type":"grammar","lang":["vi"],"label":"ja_vi","level":"N3","title":"～わけでもない     =>Cũng không nhất thiết là ~","usages":[{"synopsis":"  普通形／Aい／Aな ＋ わけでもない  ","explain":"  ☞D&ugrave;ng để phủ định hai hay nhiều(phủ định phức) ph&aacute;t ng&ocirc;n hay thực trạng, thực tế đang được đề cập. ☞C&aacute;ch sử dụng ho&agrave;n to&agrave;n giống わけではない, d&ugrave;ng biểu thị thực tế kh&aacute;ch quan, dựa tr&ecirc;n yếu tố kh&aacute;ch quan m&agrave; đưa ra &yacute; phủ định. ","mean":" : Cũng kh&ocirc;ng nhất thiết l&agrave; ~, Cũng chẳng đến mức~, Cũng kh&ocirc;ng phải ~ ","note":null,"examples":["93020c54469e582d6fdb16f7ba7fefaf","93020c54469e582d6fdb16f7ba7ff580","93020c54469e582d6fdb16f7ba7ff811"]}]}},{"id":"93020c54469e582d6fdb16f7ba802c12","key":"N3","value":{"_id":"93020c54469e582d6fdb16f7ba802c12","_rev":"1-15b76476712aaa0870f57b667277c850","type":"grammar","lang":["vi"],"label":"ja_vi","level":"N3","title":"～わけにはいかない     =>Nên không thể/ làm không được/Phải ~","usages":[{"synopsis":"  Vる・ Vない ＋ わけにはいかない  ","explain":"  ☞V-るわけに（は）いかない=「そうすることは不可能だ」kh&ocirc;ng mang &yacute; nghĩa đơn thuần l&agrave;「出来ない」[kh&ocirc;ng thể] m&agrave; c&oacute; nghĩa l&agrave; [suy x&eacute;t từ kinh nghiệm đ&uacute;c kết từ thực tiễn cuộc sống, từ kiến thức hiểu biết chung th&igrave; nội dung đang được đề cập đến l&agrave; kh&ocirc;ng thể, gần như mang &yacute; nghĩa l&agrave; cấm đo&aacute;n] ☞V-ないわけに（は）いかない＝「しなければならない」d&ugrave;ng biểu thị nghĩa vụ, bổn phận, hay khu&ocirc;n ph&eacute;p n&agrave;o đ&oacute; cần phải thực hiện theo. Đối với V-ないわけに（は）いかないth&igrave; [kinh nghiệm đ&uacute;c kết từ thực tiễn cuộc sống, kiến thức hiểu biết chung m&agrave; nội dung đang được đề cập đến sẽ trở th&agrave;nh l&yacute; do cho nghĩa vụ, bổn phận, hay khu&ocirc;n ph&eacute;p đ&oacute;] ","mean":" : N&ecirc;n kh&ocirc;ng thể/ l&agrave;m kh&ocirc;ng được/Phải ~ ","note":"  ☞V-るわけに（は）いかないphủ định 1 vấn đề (phủ định đơn), nhưng V-るわけにもいかないphủ định hai hay nhiều vấn đề (phủ định phức) カラオケに誘われたが、明日から試験なので、行くわけにも行かないカラオケにさそわれたが、あしたからしけんなので、いくわけにもいかない。 Rủ đi karaoke, nhưng từ ng&agrave;y mai c&oacute; thi n&ecirc;n t&ocirc;i kh&ocirc;ng thể đi được ( Phủ định phức l&agrave; kh&ocirc;ng thể đi v&agrave; ngo&agrave;i h&agrave;nh động đi ra th&igrave; d&ugrave; c&aacute;i g&igrave; đ&oacute; cũng kh&ocirc;ng thể) ☞わけには行かない/わけにもいかないđa phần d&ugrave;ng biểu thị &yacute; chủ quan c&aacute; nh&acirc;n, dựa tr&ecirc;n &yacute; c&aacute; nh&acirc;n m&agrave; đưa ra &yacute; phủ định c&ograve;n わけではない/わけでもないđa phần d&ugrave;ng biểu thị thực tế kh&aacute;ch quan, dựa tr&ecirc;n yếu tố kh&aacute;ch quan m&agrave; đưa ra &yacute; phủ định ","examples":["93020c54469e582d6fdb16f7ba800d12","93020c54469e582d6fdb16f7ba8011d8","93020c54469e582d6fdb16f7ba8018f1","93020c54469e582d6fdb16f7ba801fd6"]}]}},{"id":"93020c54469e582d6fdb16f7ba80485a","key":"N3","value":{"_id":"93020c54469e582d6fdb16f7ba80485a","_rev":"1-e7f517c7de434707079e4509d460f90d","type":"grammar","lang":["vi"],"label":"ja_vi","level":"N3","title":"～わけはない/わけがない     =>Không có lý do~,Không có nghĩa là ~","usages":[{"synopsis":"  普通形／Aい／Aな／Nな・である＋わけはない  ","explain":"  ☞D&ugrave;ng để nhấn mạnh t&iacute;nh phủ định của sự việc/ vấn đề đ&oacute; l&agrave; kh&ocirc;ng c&oacute; khả năng, l&agrave; kh&ocirc;ng c&oacute; cơ sở l&yacute; do để thực hiện. ☞C&oacute; thể d&ugrave;ng「はすがない」để thay c&aacute;ch n&oacute;i của わけが無い/わけはない。 ☞Trong văn n&oacute;ithường lược bỏがn&ecirc;n わけがない===&gt;わけない。 ","mean":" : Kh&ocirc;ng c&oacute; l&yacute; do~,Kh&ocirc;ng c&oacute; nghĩa l&agrave;, Kh&ocirc;ng chắc l&agrave;~, Kh&ocirc;ng c&oacute; khả năng~ ","note":null,"examples":["93020c54469e582d6fdb16f7ba803723","93020c54469e582d6fdb16f7ba8043f5","93020c54469e582d6fdb16f7ba80484c"]}]}},{"id":"93020c54469e582d6fdb16f7ba807296","key":"N3","value":{"_id":"93020c54469e582d6fdb16f7ba807296","_rev":"1-ee310b4f3db71654782781e48917f457","type":"grammar","lang":["vi"],"label":"ja_vi","level":"N3","title":"～をちゅうしんに（して）/～をちゅうしんとして（～を中心に（して）/～を中心として）     =>Lấy ~ là trung tâm,","usages":[{"synopsis":"   Ｎ を中心に（して）V 普通形  N を中心として ","explain":"  D&ugrave;ng chỉ sự vật/ hiện tượng g&igrave; đ&oacute; l&agrave; trung t&acirc;m/ l&agrave; điểm quan trọng cần ch&uacute; &yacute; nhất trong một phạm vi n&agrave;o đ&oacute;. ","mean":" : Lấy ~ l&agrave; trung t&acirc;m, Lấy ~ l&agrave; quan trọng nhất. ","note":null,"examples":["93020c54469e582d6fdb16f7ba8057c3","93020c54469e582d6fdb16f7ba80658f","93020c54469e582d6fdb16f7ba806a43"]}]}},{"id":"93020c54469e582d6fdb16f7ba808eb5","key":"N3","value":{"_id":"93020c54469e582d6fdb16f7ba808eb5","_rev":"1-b6c7d4dd0b62b3576a29c4da53683e9c","type":"grammar","lang":["vi"],"label":"ja_vi","level":"N3","title":"～をつうじて（～を通じて）     =>Thông qua (trung gian nào đó)~","usages":[{"synopsis":"   N＋を通じて V普通形    N＋を通じて  ","explain":"  ☞Nを通じて V普通形Sử dụng khi n&ecirc;u l&ecirc;n việc thiết lập một mối quan hệ hay truyền tải th&ocirc;ng tin, li&ecirc;n lạc g&igrave; đ&oacute;, c&oacute; được nhờ th&ocirc;ng qua một trung gian. ☞Nを通じて Khi đề cập đến 1 khoảng thời gian li&ecirc;n tục kh&ocirc;ng ngắt qu&atilde;ng. ","mean":" : Th&ocirc;ng qua (trung gian n&agrave;o đ&oacute;)~ ","note":"  ☞Danh từ N của Nを通じて V普通形 l&agrave; N li&ecirc;n quan đến th&ocirc;ng tin, li&ecirc;n lạc, c&acirc;u chuyện, vấn đề, hay mối quan hệ n&agrave;o đ&oacute;. C&ograve;n danh từ N của Nを通じて l&agrave; N thời gian, một kỳ hạn thời gian nhất định. インタネットを通じて世界中の情報が手に入る。 インタネットをつうじてせかいじゅうのじょうほうがてにはいる。 Qua internet (ch&uacute;ng ta) c&oacute; được th&ocirc;ng tin của khắp thế giới. このあたりは四季を通じて観光客のたえる事が無い。 このあたりはしきをつうじてかんこうきゃくのたえることがない。 Khu vực n&agrave;y suốt 4 m&ugrave;a kh&ocirc;ng ngớt kh&aacute;ch tham quan. ☞Danh từ N của Nを通じて V普通形 l&agrave; N li&ecirc;n quan đến th&ocirc;ng tin, li&ecirc;n lạc, c&acirc;u chuyện, vấn đề, hay mối quan hệ n&agrave;o đ&oacute;, nhưng kh&ocirc;ng thể d&ugrave;ng mẫu c&acirc;u n&agrave;y nếu N l&agrave; phương tiện giao th&ocirc;ng. Nếu N l&agrave; phương tiện giao th&ocirc;ng n&ecirc;n d&ugrave;ng 「を経由して」 この列車はマドリッドを経由してパリまで行く。このれっしゃはマドリッドをけいゆしてパリまでいく。 Xe lửa n&agrave;y đến Paris th&ocirc;ng qua (qu&aacute; cảnh) Madrit. ☞C&oacute; thể d&ugrave;ng「をとおして」để thay c&aacute;ch n&oacute;i của 「を通じて」。 ","examples":["93020c54469e582d6fdb16f7ba8076a6","93020c54469e582d6fdb16f7ba80832e","93020c54469e582d6fdb16f7ba8086fd"]}]}},{"id":"93020c54469e582d6fdb16f7ba80b453","key":"N3","value":{"_id":"93020c54469e582d6fdb16f7ba80b453","_rev":"1-bde8cec4befb1ca05bee5ad4b9830eb5","type":"grammar","lang":["vi"],"label":"ja_vi","level":"N3","title":"～をとわず（～を問わず）     =>Không liên quan đến~,Không là vấn đề~","usages":[{"synopsis":"  N を 問わず  ","explain":"  Biểu thị &yacute; nghĩa danh từ đề cập đến kh&ocirc;ng li&ecirc;n quan đến, kh&ocirc;ng bị ảnh hưởng, kh&ocirc;ng l&agrave; vần đề cho h&agrave;nh động sau đ&oacute;. ","mean":" : Kh&ocirc;ng li&ecirc;n quan đến~,Kh&ocirc;ng l&agrave; vấn đề~ ","note":"  Cũng c&oacute; c&aacute;ch n&oacute;i は問わず。 （アルバイトの公告で）販売員募集。性別は問わず （アルバイトのこうこくで）はんばいいんぼしゅう。せいべつはとわず。 (Tại mục quảng c&aacute;o tuyển dụng việc l&agrave;m b&aacute;n thời gian) Tuyển nh&acirc;n vi&ecirc;n b&aacute;n h&agrave;ng. Kh&ocirc;ng ph&acirc;n biệt nam nữ. ","examples":["93020c54469e582d6fdb16f7ba809805","93020c54469e582d6fdb16f7ba80a49a","93020c54469e582d6fdb16f7ba80b180"]}]}}]}