{"status":200,"message":"","results":[{"id":"62df5f7a6be9e87c39fd2a48f1fb434b","key":"1","value":{"_id":"62df5f7a6be9e87c39fd2a48f1fb434b","_rev":"4-5a6f2f57333664995232a61537a47db5","type":"kanji","lang":["vi"],"label":"all","kanji":"賄","mean":"HỐI","level":"1","on":"ワイ","kun":"まかな.う","writing":null,"detail":"Của. Như hóa hối [貨賄] của cải, vàng ngọc gọi là hóa, vải lụa gọi là hối.##Đút của. Như tư hối [私貨] đút ngầm, hối lộ [賄賂] đem của đút lót.##Tặng tiền của.","freq":"1282","comp":"有","compDetail":[{"w":"有","h":"HỮU, DỰU"}],"stroke_count":"13","examples":[{"w":"賄い","p":"まかない","m":"sự lót ván","h":"HỐI"},{"w":"賄う","p":" まかなう","m":"chịu chi trả","h":"HỐI"},{"w":"収賄","p":" しゅうわい","m":"sự ăn năn hối lỗi .","h":"THU HỐI"},{"w":"賄賂","p":" わいろ","m":"hối lộ","h":"HỐI LỘ"},{"w":"贈賄","p":" ぞうわい","m":"việc tặng quà để hối lộ","h":"TẶNG HỐI"},{"w":"賄い方","p":"まかないかた","m":"đầu bếp","h":"HỐI PHƯƠNG"},{"w":"賄い付き","p":" まかないつき","m":"sự đi kèm cả bữa ăn .","h":"HỐI PHÓ"},{"w":"収賄する","p":" しゅうわいする","m":"tham ô .","h":"THU HỐI"},{"w":"贈収賄","p":" ぞうしゅうわい","m":"việc nhận quà hối lộ; việc nhận đút lót .","h":"TẶNG THU HỐI"},{"w":"賄賂を使う","p":" わいろをつかう","m":"đút lót","h":"HỐI LỘ SỬ"},{"w":"賄賂を贈る","p":" わいろをおくる","m":"đút lót","h":"HỐI LỘ TẶNG"}]}},{"id":"62df5f7a6be9e87c39fd2a48f1fb544a","key":"1","value":{"_id":"62df5f7a6be9e87c39fd2a48f1fb544a","_rev":"4-63a0358f95ddda83b2b6743ac6739604","type":"kanji","lang":["vi"],"label":"all","kanji":"惑","mean":"HOẶC","level":"1","on":"ワク","kun":"まど.う","writing":null,"detail":"Ngờ lạ. Như trí giả bất hoặc [智者不惑] kẻ khôn không có điều ngờ lạ.##Mê. Như cổ hoặc [蠱惑] lấy lời nói hay sự gì làm mê hoặc lòng người. Nhà Phật [佛] cho chúng sinh đối với hết thảy mọi pháp, không hiểu rõ rằng tự tình nguyên là không [空],  mới sinh ra chấp chước sằng, mê mất đạo chính mà bị luân hồi [輪迴] mãi. Có hai sự mê hoặc lớn : (1) Kiến hoặc[見惑] nghĩa là kiến thức mê lầm. Như đời là vô thường [無常] lại nhận là có thường, thế là kiến hoặc, (2) Tư hoặc [思惑] như mắt thấy sắc nghĩ mê say đắm sắc, tai nghe tiếng nghĩ say mê tiếng, không biết sắc với tiếng đều là vọng cả, thế là tư hoặc.","freq":"777","comp":"或心","compDetail":[{"w":"或","h":"HOẶC"},{"w":"心","h":"TÂM"}],"stroke_count":"12","examples":[{"w":"惑い","p":"まどい","m":"sự đánh lừa","h":"HOẶC"},{"w":"惑う","p":" まどう","m":"lúng túng; bối rối .","h":"HOẶC"},{"w":"惑乱","p":" わくらん","m":"sự hỗn loạn .","h":"HOẶC LOẠN"},{"w":"困惑","p":" こんわく","m":"sự bối rối","h":"KHỐN HOẶC"},{"w":"幻惑","p":"げんわく","m":"sự thôi miên","h":"HUYỄN HOẶC"},{"w":"当惑","p":" とうわく","m":"sự bối rối; việc bị làm phiền; sự khó chịu","h":"ĐƯƠNG HOẶC"},{"w":"思惑","p":" おもわく","m":"cách nghĩ; cách nhìn nhận; suy nghĩ","h":"TƯ HOẶC"},{"w":"惑わす","p":" まどわす","m":"làm lúng túng; làm bối rối .","h":"HOẶC"},{"w":"惑星","p":" わくせい","m":"hành tinh .","h":"HOẶC TINH"},{"w":"疑惑","p":" ぎわく","m":"sự nghi hoặc; sự hoài nghi; sự nghi ngờ; nghi hoặc; hoài nghi; nghi ngờ","h":"NGHI HOẶC"},{"w":"眩惑","p":" げんわく","m":"sự huyễn hoặc; huyễn hoặc .","h":"HUYỄN HOẶC"},{"w":"蠱惑","p":" こわく","m":"sự hấp dẫn; sự mê hoặc; sự quyến rũ .","h":"CỔ HOẶC"},{"w":"誘惑","p":" ゆうわく","m":"sự quyến rũ; sự lôi cuốn; sự cám dỗ","h":"DỤ HOẶC"}]}},{"id":"62df5f7a6be9e87c39fd2a48f1fb5a0f","key":"1","value":{"_id":"62df5f7a6be9e87c39fd2a48f1fb5a0f","_rev":"4-a6c0c39de20e1bc7fe383f0db73ba5ae","type":"kanji","lang":["vi"],"label":"all","kanji":"枠","mean":"","level":"1","on":null,"kun":"わく","writing":null,"detail":null,"freq":"922","comp":"木卆","compDetail":[{"w":"木","h":"MỘC"},{"w":"卆","h":""}],"stroke_count":"8","examples":[{"w":"枠","p":" わく","m":"khung; giá .","h":""},{"w":"枠内","p":" わくない","m":"sự trong phạm vi; trong giới hạn; trong khuôn khổ .","h":"NỘI"},{"w":"外枠","p":"そとわく","m":"bờ","h":"NGOẠI "},{"w":"枠外","p":" わくがい","m":"sự ngoài giới hạn .","h":"NGOẠI"},{"w":"抜枠","p":null,"m":"iks'trækt/","h":"BẠT "},{"w":"窓枠","p":" まどわく","m":"khung cửa sổ","h":"SONG "},{"w":"糸枠","p":"いとわく","m":"guồng (quay tơ","h":"MỊCH "},{"w":"枠組","p":" わくぐみ","m":"cơ cấu; tổ chức .","h":"TỔ"},{"w":"巻き枠","p":" まきわく","m":"ống chỉ .","h":"QUYỂN "},{"w":"枠組み","p":" わくぐみ","m":"kết cấu khung .","h":"TỔ"},{"w":"枠をはめる","p":" わくをはめる","m":"kẹp vào khung .","h":""}]}},{"id":"62df5f7a6be9e87c39fd2a48f1fb6153","key":"1","value":{"_id":"62df5f7a6be9e87c39fd2a48f1fb6153","_rev":"4-8b42c203e5881c412504fe526860d3b6","type":"kanji","lang":["vi"],"label":"all","kanji":"亘","mean":"TUYÊN, HOÀN","level":"1","on":"コウ カン","kun":"わた.る もと.める","writing":null,"detail":"Phô bầy.##Một âm là hoàn. Cũng như chữ hoàn [桓] . Như Ô Hoàn [烏亘] nước Ô Hoàn.","freq":"1728","comp":"二旦","compDetail":[{"w":"二","h":"NHỊ"},{"w":"旦","h":"ĐÁN"}],"stroke_count":"6","examples":[{"w":"亘る","p":"わたる","m":"duỗi thẳng (tay","h":"TUYÊN"}]}},{"id":"62df5f7a6be9e87c39fd2a48f1fd1742","key":"1","value":{"_id":"62df5f7a6be9e87c39fd2a48f1fd1742","_rev":"4-76bcfc61ae8465f77636c7722039edab","type":"kanji","lang":["vi"],"label":"all","kanji":"侑","mean":"HỰU","level":"1","on":"ユウ ウ","kun":"すす.める たす.ける","writing":null,"detail":"Giúp. Như hựu thực [侑食] khéo mời cho ăn được nhiều thêm. Nguyễn Du [阮攸] : Vị tín quỉ thần năng tướng hựu [未信鬼神能相侑] (Vãn há Đại Than [晚下大灘]) Chưa tin quỉ thần có thể giúp được gì.","freq":null,"comp":"亻有","compDetail":[{"w":"亻","h":"NHÂN"},{"w":"有","h":"HỮU, DỰU"}],"stroke_count":"8","examples":[{"w":"侑","p":null,"m":"sự ban cho","h":"HỰU"}]}},{"id":"92f4c9b923c9c2649efeeb8d0a018228","key":"1","value":{"_id":"92f4c9b923c9c2649efeeb8d0a018228","_rev":"4-1a66a18bd38aa23ec0c75727a3e7b91e","type":"kanji","lang":["vi"],"label":"all","kanji":"勁","mean":"KÍNH","level":"1","on":"ケイ","kun":"つよ.い","writing":null,"detail":"Cứng, mạnh. Như kính binh [勁兵] binh mạnh, kính thảo [勁草] cỏ cứng. Thiền Uyển Tập Anh [禪苑集英] : Cao ngạn tật phong tri kính thảo, Bang gia bản đãng thức trung lương [髙岸疾風知勁草邦家版蕩識忠良] (Viên Chiếu Thiền sư [圓照禪師]) Gió lộng bờ cao hay cỏ cứng, Nhà tan nước mất biết trung lương.","freq":null,"comp":"力","compDetail":[{"w":"力","h":"LỰC"}],"stroke_count":"9","examples":[{"w":"勁","p":null,"m":"bền","h":"KÍNH"},{"w":"勁卒","p":" けいそつ","m":"người lính xuất sắc .","h":"KÍNH TỐT"},{"w":"勁敵","p":" けいてき","m":"Địch thủ ghê gớm","h":"KÍNH ĐỊCH"},{"w":"雄勁","p":"ゆうけい","m":"mạnh khoẻ","h":"HÙNG KÍNH"}]}},{"id":"92f4c9b923c9c2649efeeb8d0a0a2708","key":"1","value":{"_id":"92f4c9b923c9c2649efeeb8d0a0a2708","_rev":"4-dcdf24eb22603ed9da7c4fc7ed861abd","type":"kanji","lang":["vi"],"label":"all","kanji":"奎","mean":"KHUÊ","level":"1","on":"ケイ キ","kun":null,"writing":null,"detail":"Sao Khuê [奎], một ngôi sao trong nhị thập bát tú. Nhà thiên văn ngày xưa cho sao Khuê chủ về sự văn hoá, cho nên nói về văn vận hay dùng chữ khuê.","freq":null,"comp":"大圭","compDetail":[{"w":"大","h":"ĐẠI, THÁI"},{"w":"圭","h":"KHUÊ"}],"stroke_count":"9","examples":null}},{"id":"92f4c9b923c9c2649efeeb8d0a0eb9c4","key":"1","value":{"_id":"92f4c9b923c9c2649efeeb8d0a0eb9c4","_rev":"4-4e85b45faf06d661559ade34cb34ec61","type":"kanji","lang":["vi"],"label":"all","kanji":"崚","mean":"LĂNG","level":"1","on":"リョウ","kun":null,"writing":null,"detail":"Lăng tằng [崚嶒] cao chót vót.","freq":null,"comp":"山","compDetail":[{"w":"山","h":"SAN, SƠN"}],"stroke_count":"11","examples":null}},{"id":"92f4c9b923c9c2649efeeb8d0a119ec0","key":"1","value":{"_id":"92f4c9b923c9c2649efeeb8d0a119ec0","_rev":"4-21dbcb5cd11a208161e613197bb3a62d","type":"kanji","lang":["vi"],"label":"all","kanji":"彗","mean":"TUỆ","level":"1","on":"スイ エ ケイ セイ","kun":"ほうき","writing":null,"detail":"Cái chổi.##Sao chổi, ngôi sao có cái tua dài như cái chổi gọi là tuệ tinh [彗星].##Quét.","freq":"2294","comp":"⺕","compDetail":[],"stroke_count":"11","examples":[{"w":"彗星","p":" すいせい","m":"sao chổi","h":"TUỆ TINH"}]}},{"id":"92f4c9b923c9c2649efeeb8d0a1b57ec","key":"1","value":{"_id":"92f4c9b923c9c2649efeeb8d0a1b57ec","_rev":"4-8fa78ec80d4a1990ee3e189179f2c591","type":"kanji","lang":["vi"],"label":"all","kanji":"昴","mean":"MÃO","level":"1","on":"コウ ボウ","kun":"すばる","writing":null,"detail":"Sao mão, một ngôi sao trong nhị thập bát tú.","freq":null,"comp":"日卯","compDetail":[{"w":"日","h":"NHẬT, NHỰT"},{"w":"卯","h":"MÃO, MẸO"}],"stroke_count":"9","examples":[{"w":"昴","p":"すばる","m":"nhóm thất tinh","h":"MÃO"}]}},{"id":"92f4c9b923c9c2649efeeb8d0a1b6793","key":"1","value":{"_id":"92f4c9b923c9c2649efeeb8d0a1b6793","_rev":"4-42b536e9d34d39c50f2e7389514cb63a","type":"kanji","lang":["vi"],"label":"all","kanji":"晏","mean":"YẾN","level":"1","on":"アン","kun":"おそ.い","writing":null,"detail":"Trời trong. Trời trong không có mây gọi là yến. Lúc nhà nước được bình yên vô sự gọi là thanh yến [清晏].##Muộn.##Yên.##Rực rỡ, tươi tốt.","freq":null,"comp":"日安","compDetail":[{"w":"日","h":"NHẬT, NHỰT"},{"w":"安","h":"AN, YÊN"}],"stroke_count":"10","examples":null}},{"id":"92f4c9b923c9c2649efeeb8d0a1b9b14","key":"1","value":{"_id":"92f4c9b923c9c2649efeeb8d0a1b9b14","_rev":"4-34afcddb57d840b5ff2cc22bf803b48d","type":"kanji","lang":["vi"],"label":"all","kanji":"晨","mean":"THẦN","level":"1","on":"シン","kun":"あした とき あさ","writing":null,"detail":"Sớm. Lúc mặt trời mới mọc gọi là thanh thần [清晨] sáng sớm. Nguyễn Du [阮攸] : Kim thần khứ thái liên [今晨去採蓮] (Mộng đắc thái liên [夢得埰蓮]) Sớm nay đi hái sen.##Gà gáy báo tin sáng.##Sao Thần.","freq":null,"comp":"日辰","compDetail":[{"w":"日","h":"NHẬT, NHỰT"},{"w":"辰","h":"THẦN, THÌN"}],"stroke_count":"11","examples":null}},{"id":"92f4c9b923c9c2649efeeb8d0a1ba478","key":"1","value":{"_id":"92f4c9b923c9c2649efeeb8d0a1ba478","_rev":"4-71130113cc7df06e32b4ec3c167ee4df","type":"kanji","lang":["vi"],"label":"all","kanji":"晟","mean":"THỊNH, THẠNH","level":"1","on":"セイ ジョウ","kun":"あきらか","writing":null,"detail":"Sáng.##Mặt trời rực rỡ.##Lửa cháy rần rật. Ta quen đọc là chữ thạnh.","freq":null,"comp":"日成","compDetail":[{"w":"日","h":"NHẬT, NHỰT"},{"w":"成","h":"THÀNH"}],"stroke_count":"10","examples":null}},{"id":"92f4c9b923c9c2649efeeb8d0a1bd2f7","key":"1","value":{"_id":"92f4c9b923c9c2649efeeb8d0a1bd2f7","_rev":"4-7026b3cf5bad913208496e8ccd008a9b","type":"kanji","lang":["vi"],"label":"all","kanji":"暉","mean":"HUY","level":"1","on":"キ","kun":"かが.やく","writing":null,"detail":"Ánh sáng mặt trời. Mạnh Giao [孟郊] có câu : Thùy ngôn thốn thảo tâm, Báo đắc tam xuân huy [誰言寸草心, 報得三春暉] Ai nói lòng tấc cỏ, Báo được ơn ba xuân. Ý nói ơn cha mẹ khôn cùng, khó báo đền được. Ta thường nói lúc còn cha mẹ là xuân huy [春暉] là bởi nghĩa đó.","freq":"2285","comp":"日軍","compDetail":[{"w":"日","h":"NHẬT, NHỰT"},{"w":"軍","h":"QUÂN"}],"stroke_count":"13","examples":[{"w":"旭暉","p":" きょっき","m":"tia nắng khi mặt trời mọc .","h":"HÚC HUY"}]}},{"id":"92f4c9b923c9c2649efeeb8d0a1dd98e","key":"1","value":{"_id":"92f4c9b923c9c2649efeeb8d0a1dd98e","_rev":"4-4ff9e7585d6b133c0baa8dca2ab5609d","type":"kanji","lang":["vi"],"label":"all","kanji":"栞","mean":"SAN","level":"1","on":"カン","kun":"しおり","writing":null,"detail":"Cũng như chữ san [删].","freq":null,"comp":"幵木","compDetail":[{"w":"幵","h":""},{"w":"木","h":"MỘC"}],"stroke_count":"10","examples":[{"w":"栞","p":"しおり","m":"thẻ đánh dấu trang sách","h":"SAN"}]}},{"id":"92f4c9b923c9c2649efeeb8d0a1ff2f4","key":"1","value":{"_id":"92f4c9b923c9c2649efeeb8d0a1ff2f4","_rev":"4-fe585329e626decd2d86b94fa2e45f88","type":"kanji","lang":["vi"],"label":"all","kanji":"椰","mean":"GIA","level":"1","on":"ヤ","kun":"やし","writing":null,"detail":"Cây dừa.","freq":null,"comp":"木耶","compDetail":[{"w":"木","h":"MỘC"},{"w":"耶","h":"DA, GIA"}],"stroke_count":"13","examples":[{"w":"椰子","p":" やし","m":"dừa .","h":"GIA TỬ"},{"w":"棗椰子","p":" なつめやし","m":"Quả chà là; cây chà là .","h":"TẢO GIA TỬ"},{"w":"椰子油","p":" やしあぶら","m":"dầu dừa .","h":"GIA TỬ DU"},{"w":"アレカ椰子","p":" アレカやし","m":"cây cau","h":"GIA TỬ"},{"w":"椰子の水","p":" やしのみず","m":"nước dừa .","h":"GIA TỬ THỦY"},{"w":"花椰菜","p":"はなやさい","m":"cải hoa","h":"HOA GIA THÁI"}]}},{"id":"92f4c9b923c9c2649efeeb8d0a23bad7","key":"1","value":{"_id":"92f4c9b923c9c2649efeeb8d0a23bad7","_rev":"4-1cf9314914da760a4a252107ea34cae5","type":"kanji","lang":["vi"],"label":"all","kanji":"毬","mean":"CẦU","level":"1","on":"キュウ","kun":"いが まり","writing":null,"detail":"Quả bóng.##Cái gì vo thành hình tròn đều gọi là cầu.","freq":"2431","comp":"毛求","compDetail":[{"w":"毛","h":"MAO, MÔ"},{"w":"求","h":"CẦU"}],"stroke_count":"11","examples":[]}},{"id":"92f4c9b923c9c2649efeeb8d0a2531a4","key":"1","value":{"_id":"92f4c9b923c9c2649efeeb8d0a2531a4","_rev":"4-3aed69d0801992d54f75bbd67727d869","type":"kanji","lang":["vi"],"label":"all","kanji":"洸","mean":"QUANG","level":"1","on":"コウ","kun":null,"writing":null,"detail":"Quả quyết; thẳng suốt","freq":"2430","comp":"氵光","compDetail":[{"w":"氵","h":"THỦY"},{"w":"光","h":"QUANG"}],"stroke_count":"9","examples":[{"w":"洸洋","p":"こうよう","m":"khó dò","h":"QUANG DƯƠNG"},{"w":"洸洸","p":"こうこう","m":"dũng cảm","h":"QUANG QUANG"}]}},{"id":"92f4c9b923c9c2649efeeb8d0a25447e","key":"1","value":{"_id":"92f4c9b923c9c2649efeeb8d0a25447e","_rev":"4-899633452c6d00d1d9a93c0f4c65bd05","type":"kanji","lang":["vi"],"label":"all","kanji":"洵","mean":"TUÂN","level":"1","on":"ジュン シュン","kun":"の.ぶ まこと.に","writing":null,"detail":"Tin thực.##Xa.##Xoáy nước.","freq":null,"comp":"氵旬","compDetail":[{"w":"氵","h":"THỦY"},{"w":"旬","h":"TUẦN, QUÂN"}],"stroke_count":"9","examples":[{"w":"洵美","p":"まことび","m":"thanh","h":"TUÂN MĨ"}]}},{"id":"92f4c9b923c9c2649efeeb8d0a270d99","key":"1","value":{"_id":"92f4c9b923c9c2649efeeb8d0a270d99","_rev":"4-573d96f0a15e57cc277ce34ae0777f39","type":"kanji","lang":["vi"],"label":"all","kanji":"滉","mean":"","level":"1","on":"コウ","kun":"ひろ.い","writing":null,"detail":"deep and broad","freq":null,"comp":"氵晃","compDetail":[{"w":"氵","h":"THỦY"},{"w":"晃","h":"HOẢNG"}],"stroke_count":"13","examples":null}},{"id":"92f4c9b923c9c2649efeeb8d0a27c49b","key":"1","value":{"_id":"92f4c9b923c9c2649efeeb8d0a27c49b","_rev":"4-5229abc5405efb5fb0124ec8118b24af","type":"kanji","lang":["vi"],"label":"all","kanji":"漱","mean":"SẤU, THẤU","level":"1","on":"ソウ シュウ ス","kun":"くちすす.ぐ くちそそ.ぐ うがい すす.ぐ","writing":null,"detail":"Súc miệng.##Mòn, vật gì bị nước ngâm thám xói nát đều gọi là sấu.##Giặt, tục viết là [潄]. Ta quen đọc là chữ thấu.","freq":"2054","comp":"氵","compDetail":[{"w":"氵","h":"THỦY"}],"stroke_count":"14","examples":[{"w":"漱ぐ","p":" すすぐ","m":"súc .","h":"SẤU"},{"w":"口を漱ぐ","p":" くちをすすぐ","m":"súc miệng .","h":"KHẨU SẤU"}]}},{"id":"92f4c9b923c9c2649efeeb8d0a2883fe","key":"1","value":{"_id":"92f4c9b923c9c2649efeeb8d0a2883fe","_rev":"4-4df66044e1121742fa98419ec03b7f87","type":"kanji","lang":["vi"],"label":"all","kanji":"澪","mean":"","level":"1","on":"レイ","kun":"みお","writing":null,"detail":"water route, shipping channel","freq":null,"comp":"氵零","compDetail":[{"w":"氵","h":"THỦY"},{"w":"零","h":"LINH"}],"stroke_count":"16","examples":null}},{"id":"92f4c9b923c9c2649efeeb8d0a2a61a0","key":"1","value":{"_id":"92f4c9b923c9c2649efeeb8d0a2a61a0","_rev":"4-92c8fbb5909d54eaa601607a1233c363","type":"kanji","lang":["vi"],"label":"all","kanji":"燎","mean":"LIỆU","level":"1","on":"リョウ","kun":"かがりび","writing":null,"detail":"Đình liệu [庭燎] đốt lửa ở sân để soi sáng cho mọi người làm lễ.##Cháy lan, sự gì khí thế mạnh quá không dẹp thôi ngay được gọi là liệu nguyên [燎原] (thả lửa đốt đồng).##Hơ.","freq":null,"comp":"火","compDetail":[{"w":"火","h":"HỎA"}],"stroke_count":"16","examples":null}},{"id":"92f4c9b923c9c2649efeeb8d0a2a9bab","key":"1","value":{"_id":"92f4c9b923c9c2649efeeb8d0a2a9bab","_rev":"4-079d43f22cf00f2d2a004732f4edcf40","type":"kanji","lang":["vi"],"label":"all","kanji":"燿","mean":"DIỆU","level":"1","on":"ヨウ","kun":"かがや.く ひかり","writing":null,"detail":"Cũng như chữ diệu [耀].","freq":null,"comp":"火","compDetail":[{"w":"火","h":"HỎA"}],"stroke_count":"18","examples":null}},{"id":"92f4c9b923c9c2649efeeb8d0a2d26d9","key":"1","value":{"_id":"92f4c9b923c9c2649efeeb8d0a2d26d9","_rev":"4-2050e1385becd9e6cd98530d13e29646","type":"kanji","lang":["vi"],"label":"all","kanji":"瑶","mean":"DAO","level":"1","on":"ヨウ","kun":"たま","writing":null,"detail":"Giản thể của chữ [瑤].","freq":null,"comp":"王","compDetail":[{"w":"王","h":"VƯƠNG, VƯỢNG"}],"stroke_count":"13","examples":[{"w":"瑶台","p":"ようだい","m":"tiên giới","h":"DAO THAI"}]}},{"id":"92f4c9b923c9c2649efeeb8d0a30a826","key":"1","value":{"_id":"92f4c9b923c9c2649efeeb8d0a30a826","_rev":"4-1b519f2efd4b30e916a0762ccd6842e4","type":"kanji","lang":["vi"],"label":"all","kanji":"皓","mean":"HẠO","level":"1","on":"コウ","kun":"しろ.い ひか.る","writing":null,"detail":"Trắng, sáng. Đỗ Phủ [杜甫] : Minh mâu hạo xỉ kim hà tại [明眸皓齒今何在] (Ai giang đầu [哀江頭]) (Người đẹp) mắt sáng, răng trắng, bây giờ ở đâu ?","freq":"2428","comp":"告","compDetail":[{"w":"告","h":"CÁO, CỐC"}],"stroke_count":"12","examples":[{"w":"皓歯","p":" こうし","m":"Răng trắng như ngọc trai .","h":"HẠO XỈ"}]}},{"id":"92f4c9b923c9c2649efeeb8d0a318f18","key":"1","value":{"_id":"92f4c9b923c9c2649efeeb8d0a318f18","_rev":"4-0c587c39031acf94fe3e27d96272df4d","type":"kanji","lang":["vi"],"label":"all","kanji":"眸","mean":"MÂU","level":"1","on":"ボウ ム","kun":"ひとみ","writing":null,"detail":"Mâu tử [眸子] con ngươi mắt. Cũng gọi là nhãn châu [眼珠]. Trần Nhân Tông [陳仁宗] : Tam thiên thế giới nhập thi mâu [三千世界入詩眸] (Đại Lãm Thần Quang tự [大覽神光寺]) Ba nghìn thế giới thu vào mắt (nhà) thơ.","freq":null,"comp":"目牟","compDetail":[{"w":"目","h":"MỤC"},{"w":"牟","h":"MƯU, MÂU"}],"stroke_count":"11","examples":[{"w":"眸子","p":"ぼうし","m":"mắt","h":"MÂU TỬ"},{"w":"黒い眸","p":" くろいひとみ","m":"mắt đen; mắt huyền .","h":"HẮC MÂU"}]}},{"id":"92f4c9b923c9c2649efeeb8d0a35b315","key":"1","value":{"_id":"92f4c9b923c9c2649efeeb8d0a35b315","_rev":"4-2fbf5d17b9708456d24a46ad73a55c65","type":"kanji","lang":["vi"],"label":"all","kanji":"笙","mean":"SANH","level":"1","on":"ショウ ソウ","kun":"ふえ","writing":null,"detail":"Cái sênh. Ngày xưa làm bằng quả bầu, khoét 13 lỗ, trong có máng đồng thổi ra tiếng hay. Trần Nhân Tông [陳仁宗] : Bách bộ sanh ca cầm bách thiệt [百部笙歌禽百舌] (Hạnh Thiên Trường phủ [幸天長府]) Trăm bộ sênh ca là trăm tiếng chim.##Cái chiếu. Như đào sanh [桃笙] thứ chiếu ken bằng đào trúc (chiếu trúc).","freq":null,"comp":"竹生","compDetail":[{"w":"竹","h":"TRÚC"},{"w":"生","h":"SANH, SINH"}],"stroke_count":"11","examples":null}},{"id":"92f4c9b923c9c2649efeeb8d0a39445a","key":"1","value":{"_id":"92f4c9b923c9c2649efeeb8d0a39445a","_rev":"4-c91089bc0447b8bed30ad178fa8f757d","type":"kanji","lang":["vi"],"label":"all","kanji":"綺","mean":"KHỈ, Ỷ","level":"1","on":"キ","kun":"あや","writing":null,"detail":"Các thứ the lụa có hoa bóng chằng chịt không dùng sợi thẳng, đều gọi là khỉ.##Xiên xẹo, lầm lẫn. Như khỉ đạo [綺道], khỉ mạch [綺陌] nói đường lối ngoắt ngoéo ra như vằn tơ xiên xẹo vậy.##Tươi đẹp. Như khỉ tình [綺情] cái tình nẫu nà, khỉ ngữ [綺語] lời nói thêu dệt, v.v. $ Ghi chú : Ta quen đọc là chữ ỷ.","freq":"2413","comp":"糸奇","compDetail":[{"w":"糸","h":"MỊCH"},{"w":"奇","h":"KÌ, CƠ"}],"stroke_count":"14","examples":[{"w":"綺麗","p":"きれい","m":"xinh","h":"KHỈ LỆ"},{"w":"綺想曲","p":"あやぎぬそうきょく","m":"khúc tuỳ hứng","h":"KHỈ TƯỞNG KHÚC"},{"w":"綺麗な","p":" きれいな","m":"đẹp","h":"KHỈ LỆ"},{"w":"綺羅星","p":" きらぼし","m":"sao lấp lánh","h":"KHỈ LA TINH"},{"w":"綺麗事","p":"きれいごと","m":"tính đơn giản","h":"KHỈ LỆ SỰ"},{"w":"綺羅びやか","p":"きらびやか","m":"rực rỡ","h":"KHỈ LA"}]}},{"id":"92f4c9b923c9c2649efeeb8d0a39a175","key":"1","value":{"_id":"92f4c9b923c9c2649efeeb8d0a39a175","_rev":"4-3f3f173b0a7bdd462c36ff44e88a7b14","type":"kanji","lang":["vi"],"label":"all","kanji":"綸","mean":"LUÂN","level":"1","on":"リン カン","kun":"いと","writing":null,"detail":"Dây thao xanh.##Luân cân [綸巾] thứ khăn xếp bằng dây thao xanh.##Mười sợi tơ đánh lại một sợi gọi là luân. Kinh Lễ ký [禮記] có câu : Vương ngôn như ti, kì xuất như luân [王言如絲, 其出如綸] Lời vua nói như tơ, ảnh hưởng ra như sợi lớn, ý nói do nhỏ mà hóa ra lớn vậy. Ngày xưa gọi tờ chiếu vua là luân âm [綸音], ti luân [絲綸] là do lẽ ấy.##Chằng buộc, quấn cuộn. Vì thế nên tổ chức làm việc gọi là di luân [彌綸] hay kinh luân [經綸].##Sự vật gì phiền phức lẫn lộn gọi là phân luân [紛綸].##Dây câu. Như thùy luân [垂綸] câu cá, thu luân [收綸] nghỉ câu, v.v.","freq":null,"comp":"糸侖","compDetail":[{"w":"糸","h":"MỊCH"},{"w":"侖","h":"LÔN"}],"stroke_count":"14","examples":[{"w":"経綸","p":"けいりん","m":"sự cai trị","h":"KINH LUÂN"}]}},{"id":"92f4c9b923c9c2649efeeb8d0a3c9d8a","key":"1","value":{"_id":"92f4c9b923c9c2649efeeb8d0a3c9d8a","_rev":"4-259a2c5582cab0289daec7e266eb32a3","type":"kanji","lang":["vi"],"label":"all","kanji":"翔","mean":"TƯỜNG","level":"1","on":"ショウ","kun":"かけ.る と.ぶ","writing":null,"detail":"Liệng quanh. Nguyễn Du [阮攸] : Đương thế hà bất nam du tường [當世何不南遊翔] (Kỳ lân mộ [騏麟墓]) Thời ấy sao không bay lượn sang Nam chơi ?##Cao tường [翺翔] ngao du đùa bỡn.##Cùng nghĩa với chữ tường [詳].##Đi vung tay.","freq":"1936","comp":"羊羽","compDetail":[{"w":"羊","h":"DƯƠNG"},{"w":"羽","h":"VŨ"}],"stroke_count":"12","examples":[{"w":"翔る","p":"かける","m":"sự bay vút lên","h":"TƯỜNG"},{"w":"翔ける","p":"かける","m":"sự bay vút lên","h":"TƯỜNG"},{"w":"天翔る","p":"あまがける","m":"sự bay vút lên","h":"THIÊN TƯỜNG"},{"w":"翔んでる","p":"とんでる","m":"hấp dẫn do cách ăn mặc hợp thời trang","h":"TƯỜNG"},{"w":"飛翔","p":"ひしょう","m":"sự bỏ chạy","h":"PHI TƯỜNG"},{"w":"滑翔機","p":"かっしょうき","m":"lướt qua","h":"HOẠT TƯỜNG KI"},{"w":"飛び翔る","p":"とびかける","m":"con ruồi","h":"PHI TƯỜNG"}]}},{"id":"92f4c9b923c9c2649efeeb8d0a3e6260","key":"1","value":{"_id":"92f4c9b923c9c2649efeeb8d0a3e6260","_rev":"4-0b92bd1cf4200f6bdfbb0a79e50fabc4","type":"kanji","lang":["vi"],"label":"all","kanji":"脩","mean":"TU","level":"1","on":"シュウ","kun":"おさ.める なが.い ほじし","writing":null,"detail":"Nem, thịt thái bóp thính cho khô gọi là tu. Ngày xưa đến chơi đâu mang một gói nem để làm quà. Học trò đến xin học cũng mang theo bó nem (thúc tu [束脩]) làm lễ. Vì thế nên đời sau gọi những bổng lộc của thầy giáo là thúc tu, có khi gọi tắt là tu. Luận ngữ [論語] : Tự hành thúc tu dĩ thượng, ngô vị thường vô hối yên [自行束脩以上，吾未嘗無誨焉] Ai dâng lễ để xin học thì từ một bó nem trở lên, ta chưa từng (chê là ít) mà không dạy.##Sửa. Dài. Cùng nghĩa với chữ tu [修].##Khô kháo.","freq":"2267","comp":"攸","compDetail":[{"w":"攸","h":"DU"}],"stroke_count":"11","examples":[{"w":"脩竹","p":"おさむたけ","m":"sự sửa chữa","h":"TU TRÚC"}]}},{"id":"92f4c9b923c9c2649efeeb8d0a417c89","key":"1","value":{"_id":"92f4c9b923c9c2649efeeb8d0a417c89","_rev":"4-a453af4dad893d80d8ce203a88d8750d","type":"kanji","lang":["vi"],"label":"all","kanji":"茉","mean":"MẠT","level":"1","on":"マツ バツ マ","kun":null,"writing":null,"detail":"1 Mạt lị [茉莉] cây mạt lị, hoa thơm dùng ướp chè (trà) được, tức là hoa nhài (Jasminum sambac (L.)). Như mạt lị hoa trà [茉[莉花茶] trà hoa nhài.","freq":null,"comp":"艹末","compDetail":[{"w":"艹","h":"THẢO"},{"w":"末","h":"MẠT"}],"stroke_count":"8","examples":[{"w":"茉莉","p":"まり","m":"cây hoa nhài  jessamine","h":"MẠT LỊ"}]}},{"id":"92f4c9b923c9c2649efeeb8d0a4251e0","key":"1","value":{"_id":"92f4c9b923c9c2649efeeb8d0a4251e0","_rev":"4-c4f8d7b9bec4dd393bf560548d5fab94","type":"kanji","lang":["vi"],"label":"all","kanji":"莉","mean":"LỊ","level":"1","on":"リ ライ レイ","kun":null,"writing":null,"detail":"Xem mạt lị [茉莉].##Cũng như chữ lị [涖].","freq":null,"comp":"艹利","compDetail":[{"w":"艹","h":"THẢO"},{"w":"利","h":"LỢI"}],"stroke_count":"10","examples":[{"w":"茉莉","p":"まり","m":"cây hoa nhài  jessamine","h":"MẠT LỊ"}]}},{"id":"92f4c9b923c9c2649efeeb8d0a4281b7","key":"1","value":{"_id":"92f4c9b923c9c2649efeeb8d0a4281b7","_rev":"4-463b13046f022eae31db078608354a91","type":"kanji","lang":["vi"],"label":"all","kanji":"菫","mean":"CẬN","level":"1","on":"キン","kun":"すみれ","writing":null,"detail":"Rau cần cạn.","freq":null,"comp":"艹","compDetail":[{"w":"艹","h":"THẢO"}],"stroke_count":"11","examples":[{"w":"三色菫","p":"さんしきすみれ","m":"cây hoa bướm","h":"TAM SẮC CẬN"}]}},{"id":"92f4c9b923c9c2649efeeb8d0a4b924b","key":"1","value":{"_id":"92f4c9b923c9c2649efeeb8d0a4b924b","_rev":"4-082afaa0a2b241520ca1c3cf72563e52","type":"kanji","lang":["vi"],"label":"all","kanji":"詢","mean":"TUÂN","level":"1","on":"ジュン シュン","kun":"はか.る まこと","writing":null,"detail":"Hỏi han, hỏi nhiều người để quyết nên chăng gọi là tuân. Như tuân sát [詢察] xét hỏi.##Tin.##Đều.","freq":null,"comp":"言旬","compDetail":[{"w":"言","h":"NGÔN, NGÂN"},{"w":"旬","h":"TUẦN, QUÂN"}],"stroke_count":"13","examples":[{"w":"諮詢","p":"しじゅん","m":"câu hỏi","h":"TI TUÂN"}]}},{"id":"92f4c9b923c9c2649efeeb8d0a4bff5e","key":"1","value":{"_id":"92f4c9b923c9c2649efeeb8d0a4bff5e","_rev":"4-710d77cbe67e300be713bda88ef0da40","type":"kanji","lang":["vi"],"label":"all","kanji":"諄","mean":"TRUÂN","level":"1","on":"シュン","kun":"ひちくど.い くど.い くどくど ねんご.ろ","writing":null,"detail":"Chăm dạy.##Giúp.##Truân truân [諄諄] dặn đi dặn lại.##Cùng nghĩa với chữ đỗi [憝].","freq":null,"comp":"言享","compDetail":[{"w":"言","h":"NGÔN, NGÂN"},{"w":"享","h":"HƯỞNG"}],"stroke_count":"15","examples":[{"w":"諄い","p":" くどい","m":"dài dòng (văn chương); lắm lời; đa ngôn; lặp đi lặp lại","h":"TRUÂN"}]}},{"id":"92f4c9b923c9c2649efeeb8d0a4f410e","key":"1","value":{"_id":"92f4c9b923c9c2649efeeb8d0a4f410e","_rev":"4-a0893ef02e0bddb32255632c74717f61","type":"kanji","lang":["vi"],"label":"all","kanji":"赳","mean":"CỦ","level":"1","on":"キュウ","kun":null,"writing":null,"detail":"Củ củ [赳赳] hùng dũng, tả cái dáng vũ dũng.","freq":"2114","comp":"走丨","compDetail":[{"w":"走","h":"TẨU"},{"w":"丨","h":"CỔN"}],"stroke_count":"10","examples":[]}},{"id":"92f4c9b923c9c2649efeeb8d0a52903d","key":"1","value":{"_id":"92f4c9b923c9c2649efeeb8d0a52903d","_rev":"4-7ba1f39c03386171c7b97e7f8db07c94","type":"kanji","lang":["vi"],"label":"all","kanji":"迪","mean":"ĐỊCH","level":"1","on":"テキ","kun":"みち みちび.く すす.む いた.る","writing":null,"detail":"Tới đến, giẫm. Như địch cát [迪吉] sự tốt lành tới, phúc tới.##Dắt dẫn. Như khải địch [啟迪] mở bảo, dắt dẫn lên, dìu dắt.##Đạo phải.##Làm, tạo tác.##Lấy dùng.##Đến.","freq":null,"comp":"由⻌","compDetail":[{"w":"由","h":"DO"}],"stroke_count":"8","examples":[{"w":"啓迪","p":"けいすすむ","m":"sự soi sáng; sự mở mang trí óc;  sự khai trí","h":"KHẢI ĐỊCH"},{"w":"訓迪","p":"くんすすむ","m":"dạy","h":"HUẤN ĐỊCH"}]}},{"id":"92f4c9b923c9c2649efeeb8d0a5b68e7","key":"1","value":{"_id":"92f4c9b923c9c2649efeeb8d0a5b68e7","_rev":"4-19d8043eb41377ee75aae83d09f68b8a","type":"kanji","lang":["vi"],"label":"all","kanji":"頌","mean":"TỤNG","level":"1","on":"ショウ ジュ ヨウ","kun":"かたち たた.える ほめ.る","writing":null,"detail":"Khen, ca tụng. Như ca công tụng đức [歌功頌德]. Như Thi Kinh [詩經] có những thiên Chu tụng [周頌], Lỗ tụng [魯頌] đều là thơ ca tụng công đức cả. Những bài văn ca ngợi công đức cũng gọi là tụng.##Lối văn kệ của nhà Phật [佛], Tàu cũng dịch là tụng [頌].","freq":null,"comp":"公頁","compDetail":[{"w":"公","h":"CÔNG"},{"w":"頁","h":"HIỆT"}],"stroke_count":"13","examples":[{"w":"頌徳","p":null,"m":"bài tán dương","h":"TỤNG ĐỨC"},{"w":"頌栄","p":null,"m":"bài tụng ca","h":"TỤNG VINH"},{"w":"頌歌","p":null,"m":"bài hát ca ngợi; bài hát vui","h":"TỤNG CA"},{"w":"頌詞","p":null,"m":"bài tán dương","h":"TỤNG TỪ"},{"w":"奉献頌","p":null,"m":"lễ dâng bánh rượu","h":"PHỤNG HIẾN TỤNG"}]}},{"id":"92f4c9b923c9c2649efeeb8d0a5be53c","key":"1","value":{"_id":"92f4c9b923c9c2649efeeb8d0a5be53c","_rev":"4-e035f150e704401676a13838f06f4b54","type":"kanji","lang":["vi"],"label":"all","kanji":"颯","mean":"TÁP","level":"1","on":"サツ ソウ","kun":"さっ.と","writing":null,"detail":"Tiếng gió thổi vèo vèo. Lý Thương Ẩn [李商隱] : Táp táp đông phong tế vũ lai [颯颯東風細雨來] (Vô đề [無題]) Rào rạt gió đông (gió xuân); mưa nhỏ (mưa phùn) đến.##Suy, tàn. Cây cỏ tàn rụng gọi là tiêu táp [蕭颯].","freq":null,"comp":"立風","compDetail":[{"w":"立","h":"LẬP"},{"w":"風","h":"PHONG"}],"stroke_count":"14","examples":[{"w":"颯と","p":"さっと","m":"một cách êm ả; một cách trôi chảy","h":"TÁP"},{"w":"颯爽","p":"さっそう","m":"dũng cảm; hào hiệp","h":"TÁP SẢNG"},{"w":"颯颯","p":" さっさつ","m":"tiếng xào xạc của gió .","h":"TÁP TÁP"}]}},{"id":"92f4c9b923c9c2649efeeb8d0a6361d9","key":"1","value":{"_id":"92f4c9b923c9c2649efeeb8d0a6361d9","_rev":"4-1a6d787a53bd99f36b8651833a6aed38","type":"kanji","lang":["vi"],"label":"all","kanji":"黎","mean":"LÊ","level":"1","on":"レイ リ","kun":"くろ.い","writing":null,"detail":"Đen. Bách tính, dân chúng gọi là lê dân [黎民] nghĩa là kể số người tóc đen vậy. Cũng gọi là lê nguyên [黎元].##Lê minh [黎明] tờ mờ sáng. Tô Mạn Thù [蘇曼殊] : Lê minh, pháp sự cáo hoàn [黎明, 法事告完] (Đoạn hồng linh nhạn kí [斷鴻零雁記]) Tới lúc rạng đông thì pháp sự xong xuôi.##Họ Lê.","freq":"2335","comp":"","compDetail":null,"stroke_count":"15","examples":[{"w":"黎明","p":"れいめい","m":"lúc tảng sáng","h":"LÊ MINH"},{"w":"黎明期","p":"れいめいき","m":"bình minh","h":"LÊ MINH KÌ"}]}},{"id":"92f4c9b923c9c2649efeeb8d0a64bb7a","key":"1","value":{"_id":"92f4c9b923c9c2649efeeb8d0a64bb7a","_rev":"4-d93cc4bfead7fb55f29afa9d995144e5","type":"kanji","lang":["vi"],"label":"all","kanji":"凜","mean":"LẪM","level":"1","on":"リン","kun":"きびし.い","writing":null,"detail":"Lẫm liệt [凜冽] rét quá.##Dị dạng của chữ [凛].","freq":null,"comp":"冫稟","compDetail":[{"w":"冫","h":"BĂNG"},{"w":"稟","h":"BẨM, LẪM"}],"stroke_count":"15","examples":null}},{"id":"92f4c9b923c9c2649efeeb8d0a64c6e5","key":"1","value":{"_id":"92f4c9b923c9c2649efeeb8d0a64c6e5","_rev":"4-8d764df1e9c14a45f308e003fa8c79e6","type":"kanji","lang":["vi"],"label":"all","kanji":"熙","mean":"HI","level":"1","on":"キ","kun":"たのし.む ひか.る ひろ.い よろこ.ぶ かわ.く あきらか ひろ.める ひろ.まる","writing":null,"detail":"Sáng sủa, quang minh.##Vui hòa.##Hứng khởi.","freq":null,"comp":"灬","compDetail":[{"w":"灬","h":"HỎA"}],"stroke_count":"15","examples":null}}]}