{"status":200,"message":"","results":[{"id":"93020c54469e582d6fdb16f7ba8cad8f","key":"N1","value":{"_id":"93020c54469e582d6fdb16f7ba8cad8f","_rev":"1-38e25d951ab301988cdf198a89ce8705","type":"grammar","lang":["vi"],"label":"ja_vi","level":"N1","title":"〜なり     =>Rồi thì ngay lập tức, ngay khi","usages":[{"synopsis":"  Vる ＋ なり  ","explain":"  D&ugrave;ng trong trường hợp thể hiện việc thực hiện một h&agrave;nh động tiếp nối ngay lập tức. Thường h&agrave;nh động đi sau l&agrave; h&agrave;nh động bất ngờ, kh&ocirc;ng đo&aacute;n trước được. ","mean":" : Rồi th&igrave; ngay lập tức, ngay khi ","note":"  &Yacute; nghĩa tương tự như &ldquo;が早いか&rdquo; hay &ldquo;や否や&rdquo; ","examples":["93020c54469e582d6fdb16f7ba8c7e07","93020c54469e582d6fdb16f7ba8c87ec","93020c54469e582d6fdb16f7ba8c9735","93020c54469e582d6fdb16f7ba8ca1fb"]}]}},{"id":"93020c54469e582d6fdb16f7ba8ccc0e","key":"N1","value":{"_id":"93020c54469e582d6fdb16f7ba8ccc0e","_rev":"1-02bc7c3f7eb03590f66bda3d9985b41b","type":"grammar","lang":["vi"],"label":"ja_vi","level":"N1","title":"～やいなや（〜や否や）     =>Rồi thì ngay lập tức, ngay khi","usages":[{"synopsis":"  V辞書形 ＋ や／や否や  ","explain":"  D&ugrave;ng trong trường hợp biểu thị một h&agrave;nh động thực hiện tiếp nối ngay sau một sự việc n&agrave;o đ&oacute;, hoặc t&igrave;nh trạng một sự việc xảy ra ngay khoảnh khắc đ&oacute;. ","mean":" : Rồi th&igrave; ngay lập tức, ngay khi ","note":"  &Yacute; nghĩa tương tự như &ldquo;が早いか&rdquo; hay &ldquo;なり&rdquo; ","examples":["93020c54469e582d6fdb16f7ba8cb59f","93020c54469e582d6fdb16f7ba8cb7db","93020c54469e582d6fdb16f7ba8cb825","93020c54469e582d6fdb16f7ba8cc0b3","93020c54469e582d6fdb16f7ba8cc720"]}]}},{"id":"93020c54469e582d6fdb16f7ba8cfa31","key":"N1","value":{"_id":"93020c54469e582d6fdb16f7ba8cfa31","_rev":"1-40c2670caa4c4fcb24d6278a69ea1d12","type":"grammar","lang":["vi"],"label":"ja_vi","level":"N1","title":"ごとき／ごとく     =>Giống như, như là, ví như, cỡ như","usages":[{"synopsis":"  Ｖる・Ｖた（が）・Ｎの ＋ ごとき／ごとく  ","explain":"  ☞D&ugrave;ng để n&ecirc;u v&iacute; dụ trong văn trang trọng. ☞D&ugrave;ng khi biểu thị h&agrave;m &yacute; mang t&iacute;nh chất phủ định, xem thường, lo lắng. ","mean":" : Giống như, như l&agrave;, v&iacute; như, cỡ như ","note":"  Sau &ldquo;ごとき&rdquo; l&agrave; danh từ. C&ograve;n sau &ldquo;ごとく&rdquo; c&oacute; thể l&agrave; động từ, t&iacute;nh từ, ph&oacute; từ. V&iacute; dụ: ライオンのごとく勇敢だ。ライオンのごとくゆうかんだ。 Dũng cảm như sư tử vậy. ","examples":["93020c54469e582d6fdb16f7ba8cd856","93020c54469e582d6fdb16f7ba8cda13","93020c54469e582d6fdb16f7ba8ce593","93020c54469e582d6fdb16f7ba8cf446"]}]}},{"id":"93020c54469e582d6fdb16f7ba8d32f2","key":"N1","value":{"_id":"93020c54469e582d6fdb16f7ba8d32f2","_rev":"1-901c7e4ac3e963d00f93cf1d385721ba","type":"grammar","lang":["vi"],"label":"ja_vi","level":"N1","title":"〜がてら     =>Nhân tiện thì","usages":[{"synopsis":"  Ｖます・Ｎだ ＋ がてら  ","explain":"  D&ugrave;ng để thể hiện trường hợp đang trong qu&aacute; tr&igrave;nh ho&agrave;n th&agrave;nh một h&agrave;nh động/sự việc n&agrave;o đ&oacute; th&igrave; đồng thời, nh&acirc;n tiện cũng l&agrave;m một h&agrave;nh động kh&aacute;c. ","mean":" : Nh&acirc;n tiện th&igrave; ","note":"  D&ugrave;ng với &yacute; nghĩa tương tự như &ldquo;〜かたがた&rdquo; v&agrave; &ldquo;〜を兼ねて&rdquo; ","examples":["93020c54469e582d6fdb16f7ba8cfb59","93020c54469e582d6fdb16f7ba8d01f5","93020c54469e582d6fdb16f7ba8d0fa6","93020c54469e582d6fdb16f7ba8d14e0","93020c54469e582d6fdb16f7ba8d1cbe","93020c54469e582d6fdb16f7ba8d2bf5"]}]}},{"id":"93020c54469e582d6fdb16f7ba8d456f","key":"N1","value":{"_id":"93020c54469e582d6fdb16f7ba8d456f","_rev":"1-2b8be90ce434110c97afcf05ad8ba63b","type":"grammar","lang":["vi"],"label":"ja_vi","level":"N1","title":"～をかわきりに（〜を皮切りに）     =>Với khởi đầu là, bắt đầu từ sau","usages":[{"synopsis":" Ｖる／Ｖた／Ｎだ   ＋ を皮切りに  ＋ を皮切りとして  ","explain":"  D&ugrave;ng trong trường hợp n&oacute;i đến việc thực hiện một h&agrave;nh động rồi th&igrave; sau đ&oacute; t&igrave;nh trạng tương tự giống nhau sẽ k&eacute;o d&agrave;i. ","mean":" : Với khởi đầu l&agrave;, bắt đầu từ sau  ","note":null,"examples":["93020c54469e582d6fdb16f7ba8d3e65","93020c54469e582d6fdb16f7ba8d43ed"]}]}},{"id":"93020c54469e582d6fdb16f7ba8d6c3b","key":"N1","value":{"_id":"93020c54469e582d6fdb16f7ba8d6c3b","_rev":"1-789ef081e03e763c3849195aa7b1e8c5","type":"grammar","lang":["vi"],"label":"ja_vi","level":"N1","title":"～をもって     =>Bởi, bằng, vào lúc ~","usages":[{"synopsis":"  名詞 をもって  ","explain":"  D&ugrave;ng để n&ecirc;u l&yacute; do D&ugrave;ng để chỉ thời điểm bắt đầu (hay kết th&uacute;c) điều g&igrave; đ&oacute; D&ugrave;ng để biểu thị trạng th&aacute;i ","mean":" : Bởi, bằng, v&agrave;o l&uacute;c ~ ","note":null,"examples":["93020c54469e582d6fdb16f7ba8d4fd7","93020c54469e582d6fdb16f7ba8d5a03","93020c54469e582d6fdb16f7ba8d60ba"]}]}},{"id":"93020c54469e582d6fdb16f7ba8d8f6e","key":"N1","value":{"_id":"93020c54469e582d6fdb16f7ba8d8f6e","_rev":"1-53b04c8595ddd877c75a330c893e922a","type":"grammar","lang":["vi"],"label":"ja_vi","level":"N1","title":"～がさいご（～が最後）     =>Khi mà~","usages":[{"synopsis":"  Vた ＋ が最後  ","explain":"  Vế sau phải l&agrave; c&acirc;u biểu thị &yacute; ch&iacute; của người n&oacute;i hay trạng th&aacute;i m&agrave; chắc chắn sẽ xảy ra. ","mean":" : Khi m&agrave;~ ","note":null,"examples":["93020c54469e582d6fdb16f7ba8d6cf2","93020c54469e582d6fdb16f7ba8d737e","93020c54469e582d6fdb16f7ba8d7ee7","93020c54469e582d6fdb16f7ba8d80ff","93020c54469e582d6fdb16f7ba8d82c4","93020c54469e582d6fdb16f7ba8d8c6b"]}]}},{"id":"93020c54469e582d6fdb16f7ba8dbb96","key":"N1","value":{"_id":"93020c54469e582d6fdb16f7ba8dbb96","_rev":"1-948ee7853ea9cce2833157d6f4a5c8e7","type":"grammar","lang":["vi"],"label":"ja_vi","level":"N1","title":"～まみれ     =>Bao trùm bởi ~, Mình đầy~","usages":[{"synopsis":"  N ＋ まみれ ","explain":"  ☞Chỉ d&ugrave;ng giới hạn với chất lỏng (m&aacute;u, mồ h&ocirc;i, b&ugrave;n..) hay dạng bột, hạt mịn nhỏ (bụi, bột, c&aacute;t&hellip;) n&ecirc;n với những từ như 傷(vết thương), 間違い(sai), 借金(tiền nợ) th&igrave; phải d&ugrave;ng với ～だらけ. ☞ Phải l&agrave; trạng th&aacute;i bị bao phủ, bao tr&ugrave;m ho&agrave;n to&agrave;n th&igrave; mới d&ugrave;ng ～まみれ, trường hợp c&ograve;n lại phải d&ugrave;ng ～だらけ. ☞Diễn tả sự dơ bẩn b&aacute;m đầy bề mặt. ","mean":" : Bao tr&ugrave;m bởi ~, M&igrave;nh đầy~ ","note":null,"examples":["93020c54469e582d6fdb16f7ba8d95e4","93020c54469e582d6fdb16f7ba8d97bb","93020c54469e582d6fdb16f7ba8d9e08","93020c54469e582d6fdb16f7ba8da998","93020c54469e582d6fdb16f7ba8dabe3","93020c54469e582d6fdb16f7ba8db0d0"]}]}},{"id":"93020c54469e582d6fdb16f7ba8dc363","key":"N1","value":{"_id":"93020c54469e582d6fdb16f7ba8dc363","_rev":"1-5f4d4a5967a7753b7d2e4fce89faa475","type":"grammar","lang":["vi"],"label":"ja_vi","level":"N1","title":"～とあれば     =>Nếu ~ thì ~","usages":[{"synopsis":"  普通形 ＋ とあれば  ","explain":"  D&ugrave;ng kh&aacute; nhiều với dạng c&acirc;u &ldquo;Nếu ~ th&igrave; c&aacute;i g&igrave; cũng sẽ/d&aacute;m l&agrave;m&rdquo; ","mean":" : Nếu ~ th&igrave; ~ ","note":null,"examples":["93020c54469e582d6fdb16f7ba8dc086","93020c54469e582d6fdb16f7ba8dc1b4"]}]}},{"id":"93020c54469e582d6fdb16f7ba8dd9f4","key":"N1","value":{"_id":"93020c54469e582d6fdb16f7ba8dd9f4","_rev":"1-2ca8188cdb442156bc6f7a9c44835da8","type":"grammar","lang":["vi"],"label":"ja_vi","level":"N1","title":"～ともなると     =>Nếu là ~ thì ~","usages":[{"synopsis":"  普通形 ＋ ともなると  ","explain":null,"mean":"  ： Nếu l&agrave; ~ th&igrave; ~ ","note":null,"examples":["93020c54469e582d6fdb16f7ba8dce98","93020c54469e582d6fdb16f7ba8dcf57"]}]}},{"id":"93020c54469e582d6fdb16f7ba8e28d4","key":"N1","value":{"_id":"93020c54469e582d6fdb16f7ba8e28d4","_rev":"1-d5a44b8de243bbd0d112739c31e0cb0b","type":"grammar","lang":["vi"],"label":"ja_vi","level":"N1","title":"～なくしては～ない     =>Nếu không có…thì không thể","usages":[{"synopsis":"  N ＋ なくしては＋Vない ","explain":"  C&acirc;u điều kiện mang &yacute; nghĩa &ldquo;Nếu kh&ocirc;ng c&oacute; ~ th&igrave; &rdquo; th&igrave;～なくしてはv&agrave; ～なしにc&oacute; thể thay thế cho nhau được. Mang &yacute; nghĩa tuyệt đối cần phải l&agrave;m g&igrave;&hellip; ","mean":" : Nếu kh&ocirc;ng c&oacute;&hellip;th&igrave; kh&ocirc;ng thể ","note":null,"examples":["93020c54469e582d6fdb16f7ba8de91c","93020c54469e582d6fdb16f7ba8df339","93020c54469e582d6fdb16f7ba8e01ba","93020c54469e582d6fdb16f7ba8e0b3b","93020c54469e582d6fdb16f7ba8e1ab4"]}]}},{"id":"93020c54469e582d6fdb16f7ba8e5e4e","key":"N1","value":{"_id":"93020c54469e582d6fdb16f7ba8e5e4e","_rev":"1-f1c94183faa51c100d74cba018a77993","type":"grammar","lang":["vi"],"label":"ja_vi","level":"N1","title":"～なしに     =>Nếu không có~","usages":[{"synopsis":" N ＋ なしに  ","explain":" ： ☞C&acirc;u điều kiện mang &yacute; nghĩa &ldquo;Nếu kh&ocirc;ng c&oacute; ~ th&igrave; &rdquo; th&igrave;～なしにv&agrave; ～なくしてはc&oacute; thể thay thế cho nhau được. ☞C&oacute; thể d&ugrave;ng &ldquo;～なしに&rdquo;để thay thế cho &ldquo;～なしで&rdquo;nhưng kh&ocirc;ng thể d&ugrave;ng ngược lại. ","mean":" ： Nếu kh&ocirc;ng c&oacute;~ ","note":null,"examples":["93020c54469e582d6fdb16f7ba8e30dd","93020c54469e582d6fdb16f7ba8e3990","93020c54469e582d6fdb16f7ba8e43a8","93020c54469e582d6fdb16f7ba8e469f","93020c54469e582d6fdb16f7ba8e4b7d","93020c54469e582d6fdb16f7ba8e5192"]}]}},{"id":"93020c54469e582d6fdb16f7ba8e8e93","key":"N1","value":{"_id":"93020c54469e582d6fdb16f7ba8e8e93","_rev":"1-cc2c0bbb10926229f7b8b4d8e457f948","type":"grammar","lang":["vi"],"label":"ja_vi","level":"N1","title":"～ならでは     =>Bởi vì…nên mới, chỉ có","usages":[{"synopsis":"  N ＋ ならでは ","explain":" ： Với mẫu c&acirc;u Aならではmang &yacute; nghĩa chỉ c&oacute; A, ngo&agrave;i A ra kh&ocirc;ng c&oacute;. ","mean":" ： Bởi v&igrave;&hellip;n&ecirc;n mới, chỉ c&oacute; ","note":null,"examples":["93020c54469e582d6fdb16f7ba8e6228","93020c54469e582d6fdb16f7ba8e68ed","93020c54469e582d6fdb16f7ba8e76ea","93020c54469e582d6fdb16f7ba8e7ca6","93020c54469e582d6fdb16f7ba8e85e2"]}]}},{"id":"93020c54469e582d6fdb16f7ba8eb8b3","key":"N1","value":{"_id":"93020c54469e582d6fdb16f7ba8eb8b3","_rev":"1-80396a7d716010602ea450c091aafdc7","type":"grammar","lang":["vi"],"label":"ja_vi","level":"N1","title":"～にたる（～に足る）     =>Xứng đáng, đủ để…","usages":[{"synopsis":" V普通形・N ＋ に足る ","explain":" ： Diễn tả sự việc mặc d&ugrave; l&agrave;m như vậy nhưng c&oacute; đầy đủ gi&aacute; trị&hellip; ","mean":" ： Xứng đ&aacute;ng, đủ để&hellip; ","note":null,"examples":["93020c54469e582d6fdb16f7ba8e9769","93020c54469e582d6fdb16f7ba8ea43e","93020c54469e582d6fdb16f7ba8ea45d","93020c54469e582d6fdb16f7ba8eaa4d","93020c54469e582d6fdb16f7ba8eb477"]}]}},{"id":"93020c54469e582d6fdb16f7ba8ee44f","key":"N1","value":{"_id":"93020c54469e582d6fdb16f7ba8ee44f","_rev":"1-1b48ec167b49b4ec374d20030fafd7f0","type":"grammar","lang":["vi"],"label":"ja_vi","level":"N1","title":"～とあって     =>Vì ~ nên ~","usages":[{"synopsis":"  普通形 ＋ とあって ","explain":" ： Diễn tả t&igrave;nh trạng v&igrave; c&oacute; trường hợp đặc biệt l&agrave; &hellip; ","mean":" ： V&igrave; ~ n&ecirc;n ~ ","note":null,"examples":["93020c54469e582d6fdb16f7ba8ec186","93020c54469e582d6fdb16f7ba8eca00","93020c54469e582d6fdb16f7ba8ed737","93020c54469e582d6fdb16f7ba8ee0c1","93020c54469e582d6fdb16f7ba8ee3b9"]}]}},{"id":"93020c54469e582d6fdb16f7ba8efee5","key":"N1","value":{"_id":"93020c54469e582d6fdb16f7ba8efee5","_rev":"1-1d990a8dfe82b3789e0d83a50db8c44d","type":"grammar","lang":["vi"],"label":"ja_vi","level":"N1","title":"～べく     =>Để, nghĩ là sẽ…","usages":[{"synopsis":"  Ｖる ＋ べく  ","explain":" ： D&ugrave;ng trong trường hợp n&oacute;i về mục đ&iacute;ch để l&agrave;m g&igrave;, nghĩ l&agrave; sẽ l&agrave;m việc g&igrave;. ","mean":" ： Để, nghĩ l&agrave; sẽ&hellip; ","note":" ： Dạng &ldquo;するべく&rdquo; phải được chuyển th&agrave;nh &ldquo;すべく&rdquo; ","examples":["93020c54469e582d6fdb16f7ba8ee7be","93020c54469e582d6fdb16f7ba8ef083","93020c54469e582d6fdb16f7ba8efd0e"]}]}},{"id":"93020c54469e582d6fdb16f7ba8f28be","key":"N1","value":{"_id":"93020c54469e582d6fdb16f7ba8f28be","_rev":"1-43d2d7e6652e136cac8cd5912a54f467","type":"grammar","lang":["vi"],"label":"ja_vi","level":"N1","title":"～かたがた     =>Nhân tiện, kèm…","usages":[{"synopsis":" Ｖます・Ｎだ ＋ かたがた  ","explain":" ： D&ugrave;ng trong trường hợp l&agrave;m một việc g&igrave; đ&oacute; th&igrave; nh&acirc;n tiện l&agrave;m lu&ocirc;n, k&egrave;m theo lu&ocirc;n một h&agrave;nh động kh&aacute;c nữa. ","mean":" ： Nh&acirc;n tiện, k&egrave;m&hellip; ","note":" ： D&ugrave;ng với &yacute; nghĩa tương tự như &ldquo;〜かたがた&rdquo; v&agrave; &ldquo;〜を兼ねて&rdquo; ","examples":["93020c54469e582d6fdb16f7ba8f0edf","93020c54469e582d6fdb16f7ba8f129f","93020c54469e582d6fdb16f7ba8f1c1d","93020c54469e582d6fdb16f7ba8f287a"]}]}},{"id":"93020c54469e582d6fdb16f7ba8f4ecc","key":"N1","value":{"_id":"93020c54469e582d6fdb16f7ba8f4ecc","_rev":"1-96e813f8615d6394c78b257e421c12d4","type":"grammar","lang":["vi"],"label":"ja_vi","level":"N1","title":"～たところで     =>Dù … thì cũng không","usages":[{"synopsis":"  Vた ＋ たところで  ","explain":" ： D&ugrave;ng trong trường hợp n&oacute;i l&ecirc;n ph&aacute;n đo&aacute;n chủ quan của người n&oacute;i mang &yacute; phủ định lại giả thiết, giả thiết đ&oacute; l&agrave; v&ocirc; &iacute;ch hay đi ngược lại với dự đo&aacute;n&hellip; ","mean":" ： D&ugrave; &hellip; th&igrave; cũng kh&ocirc;ng ","note":null,"examples":["93020c54469e582d6fdb16f7ba8f32bd","93020c54469e582d6fdb16f7ba8f4080","93020c54469e582d6fdb16f7ba8f4e72"]}]}},{"id":"93020c54469e582d6fdb16f7ba8f62c0","key":"N1","value":{"_id":"93020c54469e582d6fdb16f7ba8f62c0","_rev":"1-b5a238f172791af54d3364ba8a4a2be9","type":"grammar","lang":["vi"],"label":"ja_vi","level":"N1","title":"～であれ     =>Dù có là, hãy là","usages":[{"synopsis":" N ＋ であれ   ","explain":" ： D&ugrave;ng trong trường hợp đưa ra một số v&iacute; dụ A hay B, d&ugrave; c&oacute; l&agrave; A hay l&agrave; B th&igrave; cũng sẽ c&oacute; c&ugrave;ng một t&iacute;nh chất, đặc điểm chung n&agrave;o đ&oacute;, c&ugrave;ng thuộc về một nh&oacute;m/đặc điểm chung n&agrave;o đ&oacute;. Hoặc c&ograve;n c&oacute; thể mang nghĩa h&atilde;y l&agrave;, h&atilde;y th&agrave;nh, h&atilde;y như thế n&agrave;o đ&oacute;. ","mean":" ： D&ugrave; c&oacute; l&agrave;, h&atilde;y l&agrave; ","note":null,"examples":["93020c54469e582d6fdb16f7ba8f5224","93020c54469e582d6fdb16f7ba8f52e8","93020c54469e582d6fdb16f7ba8f5f8a"]}]}},{"id":"93020c54469e582d6fdb16f7ba8f8559","key":"N1","value":{"_id":"93020c54469e582d6fdb16f7ba8f8559","_rev":"1-e0c61f3ec0a05eb62ac6cd68d21e07cc","type":"grammar","lang":["vi"],"label":"ja_vi","level":"N1","title":"～にたえない     =>Không chịu đựng được, không biết ~ cho đủ","usages":[{"synopsis":" Vる・N ＋ にたえない  ","explain":" ： D&ugrave;ng trong trường hợp chỉ người n&oacute;i kh&ocirc;ng thể chịu đựng được một điều g&igrave; đ&oacute;, hay kh&ocirc;ng biết l&agrave;m thế n&agrave;o cho đủ. ","mean":" ： Kh&ocirc;ng chịu đựng được, kh&ocirc;ng biết ~ cho đủ ","note":null,"examples":["93020c54469e582d6fdb16f7ba8f670d","93020c54469e582d6fdb16f7ba8f769f"]}]}},{"id":"93020c54469e582d6fdb16f7ba8fcfea","key":"N1","value":{"_id":"93020c54469e582d6fdb16f7ba8fcfea","_rev":"1-cf8a17bec1b04e27c7833ebbd61492b5","type":"grammar","lang":["vi"],"label":"ja_vi","level":"N1","title":"～をかぎりに（～を限りに）     =>Cuối cùng","usages":[{"synopsis":" N ＋ を限りに ","explain":" ： D&ugrave;ng trong trường hợp lấy 1 mốc n&agrave;o đ&oacute; l&agrave;m thời điểm cuối c&ugrave;ng, v&agrave; từ thời điểm đ&oacute; trở đi th&igrave; sẽ bắt đầu l&agrave;m một việc g&igrave; đ&oacute;. Thường sử dụng với từ chỉ ng&agrave;y giờ, thời gian. ","mean":" ： Cuối c&ugrave;ng ","note":null,"examples":["93020c54469e582d6fdb16f7ba8f9456","93020c54469e582d6fdb16f7ba8f9f5b","93020c54469e582d6fdb16f7ba8fae0e","93020c54469e582d6fdb16f7ba8fba71","93020c54469e582d6fdb16f7ba8fca02"]}]}},{"id":"93020c54469e582d6fdb16f7ba8fe1d1","key":"N1","value":{"_id":"93020c54469e582d6fdb16f7ba8fe1d1","_rev":"1-476b90ea03e6841d50ec285e2e5df6d7","type":"grammar","lang":["vi"],"label":"ja_vi","level":"N1","title":"～ところを     =>Vào lúc, khi...","usages":[{"synopsis":"  Vる・N・A ＋ ところを  ","explain":" ： D&ugrave;ng trong trường hợp v&agrave;o l&uacute;c đ&oacute;, khi đ&oacute;, thời điểm đ&oacute; th&igrave; xảy ra/diễn ra chuyện g&igrave;. ","mean":" ： V&agrave;o l&uacute;c, khi... ","note":null,"examples":["93020c54469e582d6fdb16f7ba8fd274","93020c54469e582d6fdb16f7ba8fd76f"]}]}},{"id":"93020c54469e582d6fdb16f7ba8ffeb3","key":"N1","value":{"_id":"93020c54469e582d6fdb16f7ba8ffeb3","_rev":"1-1221dcb2cf1772c3f4ff73b3a3871ff5","type":"grammar","lang":["vi"],"label":"ja_vi","level":"N1","title":"～にそくして     =>Theo, tuân theo","usages":[{"synopsis":" Vる・N ＋ にそくして  ","explain":" ： D&ugrave;ng trong trường hợp biểu thị việc tu&acirc;n theo/l&agrave;m theo một điều/sự vật/sự việc n&agrave;o đ&oacute;. ","mean":" ： Theo, tu&acirc;n theo ","note":" ： ☞D&ugrave;ng với &yacute; nghĩa tương tự như &ldquo;〜従って&rdquo; ☞Ngo&agrave;i ra c&ograve;n c&oacute; thể d&ugrave;ng theo dạng &ldquo;〜に即したＮ&rdquo; ","examples":["93020c54469e582d6fdb16f7ba8fee64","93020c54469e582d6fdb16f7ba8ff4a2"]}]}},{"id":"93020c54469e582d6fdb16f7ba90200d","key":"N1","value":{"_id":"93020c54469e582d6fdb16f7ba90200d","_rev":"2-4fa65384a01f1449b31dc51dd28ae18b","type":"grammar","lang":["vi"],"label":"ja_vi","level":"N1","title":"～とはいえ&nbsp;&nbsp;&nbsp;&nbsp;&nbsp;=&gt;Mặc d&ugrave;, d&ugrave;, cho d&ugrave;","usages":[{"synopsis":"Vた・N・A ＋ とはいえ","explain":"D&ugrave;ng trong trường hợp biểu thị sự tr&aacute;i với giả thiết, mặc d&ugrave; l&agrave; thế n&agrave;y nhưng thực ra/thực tế lại l&agrave; thế kia.","mean":"Mặc d&ugrave;, d&ugrave;, cho d&ugrave;","note":"&Yacute; nghĩa tương tự như &ldquo;といえども&rdquo;","examples":["93020c54469e582d6fdb16f7ba9009b5","93020c54469e582d6fdb16f7ba901931"]}]}},{"id":"93020c54469e582d6fdb16f7ba90500c","key":"N1","value":{"_id":"93020c54469e582d6fdb16f7ba90500c","_rev":"1-4e1c1e58dd34ae0eaa4f0113ac535dbe","type":"grammar","lang":["vi"],"label":"ja_vi","level":"N1","title":"～がはやいか（〜が早いか）     =>Rồi thì ngay lập tức, ngay khi","usages":[{"synopsis":"  Vる・Vた ＋ が早いか  ","explain":" ： D&ugrave;ng trong trường hợp biểu thị một h&agrave;nh đ&ocirc;ng thực hiện tiếp nối ngay sau một sự việc n&agrave;o đ&oacute;, hoặc t&igrave;nh trạng một sự việc xảy ra ngay khoảnh khắc đ&oacute;. ","mean":" ： Rồi th&igrave; ngay lập tức, ngay khi ","note":" ： &Yacute; nghĩa tương tự như &ldquo;なり&rdquo; hay &ldquo;や否や&rdquo;v&agrave; chủ yếu được d&ugrave;ng trong văn n&oacute;i. ","examples":["93020c54469e582d6fdb16f7ba902a24","93020c54469e582d6fdb16f7ba90346e","93020c54469e582d6fdb16f7ba90405f"]}]}},{"id":"93020c54469e582d6fdb16f7ba905d85","key":"N1","value":{"_id":"93020c54469e582d6fdb16f7ba905d85","_rev":"1-6479c91b8d726787fcb1dcaa81a89cb5","type":"grammar","lang":["vi"],"label":"ja_vi","level":"N1","title":"～ものを     =Nếu ...thì hay rồi, vậy mà...","usages":[{"synopsis":"  V普通形 ＋ ものを ","explain":" ： Thường được d&ugrave;ng theo dạng ～ば ～ものをnhằm biểu thị nếu đ&atilde; l&agrave;m g&igrave;/đ&atilde; như thế n&agrave;o th&igrave; thực tế đ&atilde; kh&aacute;c, c&oacute; mang một ch&uacute;t tiếc nuối/đ&aacute;ng tiếc của người n&oacute;i. ","mean":" ： Nếu ...th&igrave; hay rồi, vậy m&agrave;... ","note":" ： C&oacute; thể d&ugrave;ng &ldquo;のに&rdquo; để thay thế m&agrave; kh&ocirc;ng l&agrave;m thay đổi &yacute; nghĩa, v&agrave; cấu tr&uacute;c n&agrave;y chỉ được d&ugrave;ng trong văn viết. ","examples":["93020c54469e582d6fdb16f7ba9053aa","93020c54469e582d6fdb16f7ba9055be"]}]}},{"id":"93020c54469e582d6fdb16f7ba906eb0","key":"N1","value":{"_id":"93020c54469e582d6fdb16f7ba906eb0","_rev":"1-4569d035a016266cbba4caf27be6702e","type":"grammar","lang":["vi"],"label":"ja_vi","level":"N1","title":"～ようが     =>Dù có làm gì  thì","usages":[{"synopsis":"  V意向形 ＋ ようが ","explain":" ： D&ugrave;ng trong trường hợp biểu thị d&ugrave; c&oacute; l&agrave;m g&igrave;/ra sao/như thế n&agrave;o đi nữa th&igrave; cũng &hellip; ","mean":" ： D&ugrave; c&oacute; l&agrave;m g&igrave; th&igrave; ","note":null,"examples":["93020c54469e582d6fdb16f7ba905da1","93020c54469e582d6fdb16f7ba906779"]}]}},{"id":"93020c54469e582d6fdb16f7ba908275","key":"N1","value":{"_id":"93020c54469e582d6fdb16f7ba908275","_rev":"1-1767eb006de7548a3285b707e73cfdb2","type":"grammar","lang":["vi"],"label":"ja_vi","level":"N1","title":"～いかん     =>Tùy theo, tùy thuộc vào","usages":[{"synopsis":" N ＋ のいかん ","explain":" ： D&ugrave;ng trong trường hợp biểu thị t&ugrave;y theo, bởi/do kết quả của c&aacute;i n&agrave;y m&agrave; c&oacute; h&agrave;nh động tiếp theo. ","mean":" ： T&ugrave;y theo, t&ugrave;y thuộc v&agrave;o ","note":null,"examples":["93020c54469e582d6fdb16f7ba907160","93020c54469e582d6fdb16f7ba90728e"]}]}},{"id":"93020c54469e582d6fdb16f7ba9095cd","key":"N1","value":{"_id":"93020c54469e582d6fdb16f7ba9095cd","_rev":"1-66dc5230d2e180b5f051c74062f19116","type":"grammar","lang":["vi"],"label":"ja_vi","level":"N1","title":"～とあいまって（～と相まって）     =>Cùng với, kết hợp với nhau, ảnh hưởng lẫn nhau","usages":[{"synopsis":" N ＋ と相まって ","explain":" ： D&ugrave;ng trong trường hợp biểu thị hai hay nhiều h&agrave;nh động/sự việc kết hợp, ảnh hưởng, hỗ trợ nhau để sinh ra một kết quả n&agrave;o đ&oacute;. ","mean":" ： C&ugrave;ng với, kết hợp với nhau, ảnh hưởng lẫn nhau ","note":null,"examples":["93020c54469e582d6fdb16f7ba9084a6","93020c54469e582d6fdb16f7ba908a32"]}]}},{"id":"93020c54469e582d6fdb16f7ba90b6cf","key":"N1","value":{"_id":"93020c54469e582d6fdb16f7ba90b6cf","_rev":"1-3a72cdabb7423ee26ff1b90803d3f019","type":"grammar","lang":["vi"],"label":"ja_vi","level":"N1","title":"～をよそに     =>Không quan tâm, không để ý đến","usages":[{"synopsis":" N ＋ をよそに  ","explain":" ： D&ugrave;ng trong trường hợp biểu thị việc l&agrave;m một c&aacute;i g&igrave; đ&oacute; m&agrave; kh&ocirc;ng hề để &yacute;/xem x&eacute;t đến một vấn đề kh&aacute;c. ","mean":" ： Kh&ocirc;ng quan t&acirc;m, kh&ocirc;ng để &yacute; đến ","note":null,"examples":["93020c54469e582d6fdb16f7ba909f90","93020c54469e582d6fdb16f7ba90a9d6"]}]}}]}