{"status":200,"message":"","results":[{"id":"93020c54469e582d6fdb16f7ba90de01","key":"N1","value":{"_id":"93020c54469e582d6fdb16f7ba90de01","_rev":"1-c62248763973177d6e50f88d6a99fbdc","type":"grammar","lang":["vi"],"label":"ja_vi","level":"N1","title":"～ないまでも     =>Dù không làm…ít nhất cũng phải","usages":[{"synopsis":" Vない &rarr; ないまでも  ","explain":" ： D&ugrave;ng trong trường hợp biểu thị d&ugrave; kh&ocirc;ng l&agrave;m được A th&igrave; &iacute;t nhất hay tối thiểu nhất phải thực hiện được c&aacute;i B (c&aacute;i/việc B l&agrave; tập con của c&aacute;i/việc A) hay d&ugrave; kh&ocirc;ng phải/kh&ocirc;ng được như A nhưng &iacute;t nhất cũng đạt được B (B mang nghĩa nhỏ hẹp hơn A). ","mean":" ： D&ugrave; kh&ocirc;ng l&agrave;m&hellip;&iacute;t nhất cũng phải ","note":null,"examples":["93020c54469e582d6fdb16f7ba90c02b","93020c54469e582d6fdb16f7ba90c099","93020c54469e582d6fdb16f7ba90c404","93020c54469e582d6fdb16f7ba90cfc4","93020c54469e582d6fdb16f7ba90d1df"]}]}},{"id":"93020c54469e582d6fdb16f7ba90f802","key":"N1","value":{"_id":"93020c54469e582d6fdb16f7ba90f802","_rev":"1-7f4588cac4200b791b935f92b56d5605","type":"grammar","lang":["vi"],"label":"ja_vi","level":"N1","title":"～てもさしつかえない     =>Dù có làm gì thì cũng được.","usages":[{"synopsis":" Vて &rarr; てもさしつかえない ","explain":" ： D&ugrave;ng trong trường hợp biểu thị việc d&ugrave; c&oacute; l&agrave;m một c&aacute;i g&igrave; đ&oacute; th&igrave; cũng kh&ocirc;ng ảnh hưởng g&igrave;, được ph&eacute;p l&agrave;m c&aacute;i g&igrave; đ&oacute;. ","mean":" ： D&ugrave; c&oacute; l&agrave;m g&igrave; th&igrave; cũng được. ","note":null,"examples":["93020c54469e582d6fdb16f7ba90e51e","93020c54469e582d6fdb16f7ba90eb90"]}]}},{"id":"93020c54469e582d6fdb16f7ba91058c","key":"N1","value":{"_id":"93020c54469e582d6fdb16f7ba91058c","_rev":"1-c476a83ec93ad0ef6f82e6120ebcc325","type":"grammar","lang":["vi"],"label":"ja_vi","level":"N1","title":"～たる     =>Là, nếu là, đã là","usages":[{"synopsis":"  N ＋ たる ","explain":" ： D&ugrave;ng trong trường hợp biểu thị lập trường, vị tr&iacute;, vai tr&ograve;, &ldquo;AたるB&rdquo; , nếu B l&agrave; A th&igrave; &hellip; ","mean":" ： L&agrave;, nếu l&agrave;, đ&atilde; l&agrave; ","note":null,"examples":["93020c54469e582d6fdb16f7ba90fa07","93020c54469e582d6fdb16f7ba90ff68"]}]}},{"id":"93020c54469e582d6fdb16f7ba911c57","key":"N1","value":{"_id":"93020c54469e582d6fdb16f7ba911c57","_rev":"1-564ef9c0e40a88b4c59cb3e4926d5559","type":"grammar","lang":["vi"],"label":"ja_vi","level":"N1","title":"～まじき     =>Không được phép~","usages":[{"synopsis":"  Vる ＋ まじき N  ","explain":" ： ☞ D&ugrave;ng sau một danh từ chỉ nghề nghiệp hoặc cương vị, để biểu thị &yacute; nghĩa: &ldquo;Đ&atilde; ở v&agrave;o cương vị ấy, hoặc đ&atilde; l&agrave;m nghề ấy, th&igrave; kh&ocirc;ng được ph&eacute;p&hellip;&rdquo;. Theo sau l&agrave; một danh từ chỉ sự việc, h&agrave;nh vi, ph&aacute;t ng&ocirc;n, th&aacute;i độ. ☞D&ugrave;ng để ph&ecirc; ph&aacute;n một người n&agrave;o đ&oacute; đ&atilde; c&oacute; một việc l&agrave;m, một h&agrave;nh vi, hoặc một th&aacute;i độ kh&ocirc;ng th&iacute;ch hợp với tư c&aacute;ch, cương vị, hoặc lập trường của m&igrave;nh. ","mean":" ： Kh&ocirc;ng được ph&eacute;p, kh&ocirc;ng thể, kh&ocirc;ng n&ecirc;n ","note":" ： ☞Dạng &ldquo;するまじき&rdquo; phải được chuyển th&agrave;nh &ldquo;すまじき&rdquo; ☞Lối n&oacute;i trang trọng d&ugrave;ng cho văn viết. ","examples":["93020c54469e582d6fdb16f7ba910c3e","93020c54469e582d6fdb16f7ba911947"]}]}},{"id":"93020c54469e582d6fdb16f7ba9143e7","key":"N1","value":{"_id":"93020c54469e582d6fdb16f7ba9143e7","_rev":"1-fc90bcb6dbc2054ad006bcfdb652d0a4","type":"grammar","lang":["vi"],"label":"ja_vi","level":"N1","title":"～きわまる／きわまりない（～極まる／極まりない）     =>Cực kỳ, rất","usages":[{"synopsis":"  Aな ＋ 極まる／極まりない  ","explain":" ： D&ugrave;ng trong trường hợp muốn nhấn mạnh một &yacute; n&agrave;o đ&oacute;. ","mean":" ： Cực kỳ, rất ","note":null,"examples":["93020c54469e582d6fdb16f7ba911f24","93020c54469e582d6fdb16f7ba912be2","93020c54469e582d6fdb16f7ba912eaf","93020c54469e582d6fdb16f7ba913407","93020c54469e582d6fdb16f7ba914100"]}]}},{"id":"93020c54469e582d6fdb16f7ba917a14","key":"N1","value":{"_id":"93020c54469e582d6fdb16f7ba917a14","_rev":"1-481db8bd7bbff42d402733c080de4369","type":"grammar","lang":["vi"],"label":"ja_vi","level":"N1","title":"～にかこつけて     =>Lấy lý do, lấy cớ…","usages":[{"synopsis":" N ＋ にかこつけて  ","explain":" ： D&ugrave;ng trong trường hợp biểu thị việc d&ugrave;ng một sự vật/sự việc g&igrave; đ&oacute; để l&agrave;m l&yacute; do để thực hiện h&agrave;nh động tiếp theo. Thường l&agrave; l&yacute; do để biện minh cho h&agrave;nh động kh&ocirc;ng tốt. ","mean":" ： Lấy l&yacute; do, lấy cớ&hellip; ","note":null,"examples":["93020c54469e582d6fdb16f7ba914c82","93020c54469e582d6fdb16f7ba915baf","93020c54469e582d6fdb16f7ba915dd5","93020c54469e582d6fdb16f7ba916409","93020c54469e582d6fdb16f7ba916863","93020c54469e582d6fdb16f7ba917305","93020c54469e582d6fdb16f7ba917957"]}]}},{"id":"93020c54469e582d6fdb16f7ba91a989","key":"N1","value":{"_id":"93020c54469e582d6fdb16f7ba91a989","_rev":"1-f806a4879c2814aa4f8291b442cb9b31","type":"grammar","lang":["vi"],"label":"ja_vi","level":"N1","title":"～に（は）あたらない     =>Không cần thiết, không cần phải","usages":[{"synopsis":" Vる・N ＋ にはあたらない ","explain":" ： D&ugrave;ng trong trường hợp biểu thị do một sự vật/sự việc l&agrave; tất nhi&ecirc;n n&ecirc;n kh&ocirc;ng cần phải l&agrave;m h&agrave;nh động m&agrave; lẽ ra phải l&agrave;m đối với sự vật/sự việc đ&oacute;. ","mean":" ： Kh&ocirc;ng cần thiết, kh&ocirc;ng cần phải ","note":null,"examples":["93020c54469e582d6fdb16f7ba917d44","93020c54469e582d6fdb16f7ba91834a","93020c54469e582d6fdb16f7ba919116","93020c54469e582d6fdb16f7ba91a0a6"]}]}},{"id":"93020c54469e582d6fdb16f7ba91c841","key":"N1","value":{"_id":"93020c54469e582d6fdb16f7ba91c841","_rev":"1-bbe81a56a9d86d1d15baf3bf46cc3807","type":"grammar","lang":["vi"],"label":"ja_vi","level":"N1","title":"～にかたくない     =>Dễ dàng làm gì đó~","usages":[{"synopsis":"  Vる・N ＋ にかたくない ","explain":" ： D&ugrave;ng trong trường hợp biểu thị l&agrave;m một việc g&igrave; đ&oacute; l&agrave; rất dễ d&agrave;ng. ","mean":" ： Dễ d&agrave;ng l&agrave;m g&igrave; đ&oacute;~ ","note":" ： Thường chỉ đi với hai động từ l&agrave; &ldquo;想像する&rdquo; v&agrave; &ldquo;察する&rdquo;. ","examples":["93020c54469e582d6fdb16f7ba91af75","93020c54469e582d6fdb16f7ba91be44","93020c54469e582d6fdb16f7ba91c0c6","93020c54469e582d6fdb16f7ba91c589"]}]}},{"id":"93020c54469e582d6fdb16f7ba91d5c2","key":"N1","value":{"_id":"93020c54469e582d6fdb16f7ba91d5c2","_rev":"1-194aaca530e23d4bacee1ff4da9e24a3","type":"grammar","lang":["vi"],"label":"ja_vi","level":"N1","title":"～べからず     =>Không nên, không được làm điều gì~","usages":[{"synopsis":"  Vる ＋ べからず ","explain":" ： D&ugrave;ng trong trường hợp biểu thị việc ngăn cấm như l&agrave; ở c&aacute;c biển b&aacute;o hiệu, biển ch&uacute; &yacute;. ","mean":" ： Kh&ocirc;ng n&ecirc;n, kh&ocirc;ng được l&agrave;m điều g&igrave;~ ","note":null,"examples":["93020c54469e582d6fdb16f7ba91c918","93020c54469e582d6fdb16f7ba91d006"]}]}},{"id":"93020c54469e582d6fdb16f7ba91eb3d","key":"N1","value":{"_id":"93020c54469e582d6fdb16f7ba91eb3d","_rev":"1-8e61e85a45cd1241a653ff7c7bc87f7b","type":"grammar","lang":["vi"],"label":"ja_vi","level":"N1","title":"～をきんじえない（～を禁じ得ない）     =>Không thể ngừng việc phải làm~","usages":[{"synopsis":"  N ＋ を禁じ得ない ","explain":" ： D&ugrave;ng trong trường hợp biểu thị việc kh&ocirc;ng thể ngừng, kh&ocirc;ng thể chịu được m&agrave; phải l&agrave;m một h&agrave;nh động n&agrave;o đ&oacute;. ","mean":" ： Kh&ocirc;ng thể ngừng việc phải l&agrave;m~ ","note":null,"examples":["93020c54469e582d6fdb16f7ba91e044","93020c54469e582d6fdb16f7ba91e9af"]}]}},{"id":"93020c54469e582d6fdb16f7ba9204f4","key":"N1","value":{"_id":"93020c54469e582d6fdb16f7ba9204f4","_rev":"1-c83a82c656e3e817b29896eb5585a50c","type":"grammar","lang":["vi"],"label":"ja_vi","level":"N1","title":"～たりとも     =>Dù chỉ là, thậm chí là","usages":[{"synopsis":"  N ＋ たりとも  ","explain":" ： D&ugrave;ng trong trường hợp biểu thị việc nhấn mạnh d&ugrave; chỉ l&agrave; một ch&uacute;t, một &iacute;t. ","mean":" ： D&ugrave; chỉ l&agrave;, thậm ch&iacute; l&agrave; ","note":null,"examples":["93020c54469e582d6fdb16f7ba91f481","93020c54469e582d6fdb16f7ba91fcec"]}]}},{"id":"93020c54469e582d6fdb16f7ba921d05","key":"N1","value":{"_id":"93020c54469e582d6fdb16f7ba921d05","_rev":"1-c789283319e901b6fdb04ca2cb3ad9b1","type":"grammar","lang":["vi"],"label":"ja_vi","level":"N1","title":"～きらいがある     =>Có khuynh hướng, xu hướng","usages":[{"synopsis":"  Vる・Vない・Nの ＋ きらいがある ","explain":" ： D&ugrave;ng trong trường hợp biểu thị một xu hướng, một khuynh hướng của một sự việc n&agrave;o đ&oacute;. ","mean":" ： C&oacute; khuynh hướng, xu hướng ","note":null,"examples":["93020c54469e582d6fdb16f7ba920a54","93020c54469e582d6fdb16f7ba920f77"]}]}},{"id":"93020c54469e582d6fdb16f7ba923303","key":"N1","value":{"_id":"93020c54469e582d6fdb16f7ba923303","_rev":"1-b35b3e53778641984a9a2b8f414235b0","type":"grammar","lang":["vi"],"label":"ja_vi","level":"N1","title":"～しまつだ     =>Kết cục, rốt cuộc","usages":[{"synopsis":" Vる・Vない ＋ しまつだ ","explain":" ： D&ugrave;ng trong trường hợp biểu thị việc dẫn đến một kết cục xấu. ","mean":" ： Kết cục, rốt cuộc ","note":null,"examples":["93020c54469e582d6fdb16f7ba922a12"]}]}},{"id":"93020c54469e582d6fdb16f7ba925291","key":"N1","value":{"_id":"93020c54469e582d6fdb16f7ba925291","_rev":"1-a517be68eadee567d2db02b1b631fdf5","type":"grammar","lang":["vi"],"label":"ja_vi","level":"N1","title":"～をよぎなくされる（～を余儀なくされる）     =>Bị buộc phải~","usages":[{"synopsis":" N ＋ を余儀なくされる  ","explain":" ： D&ugrave;ng trong trường hợp biểu thị một sự việc bắt buộc/bị buộc phải xảy ra ngo&agrave;i mong muốn của người n&oacute;i. ","mean":" ： Bị buộc phải~ ","note":null,"examples":["93020c54469e582d6fdb16f7ba92375a","93020c54469e582d6fdb16f7ba92470a"]}]}},{"id":"93020c54469e582d6fdb16f7ba926991","key":"N1","value":{"_id":"93020c54469e582d6fdb16f7ba926991","_rev":"1-d252e0d507ec606ff6389e38260b7400","type":"grammar","lang":["vi"],"label":"ja_vi","level":"N1","title":"～てやまない     =>Rất","usages":[{"synopsis":" Vて &rarr; てやまない ","explain":" ： D&ugrave;ng trong trường hợp biểu thị trạng th&aacute;i cực độ v&agrave; k&eacute;o d&agrave;i. ","mean":" ： Rất ","note":null,"examples":["93020c54469e582d6fdb16f7ba9259a5"]}]}},{"id":"93020c54469e582d6fdb16f7ba928ccd","key":"N1","value":{"_id":"93020c54469e582d6fdb16f7ba928ccd","_rev":"1-50abdb231fcdbbb0ceabba94331fca11","type":"grammar","lang":["vi"],"label":"ja_vi","level":"N1","title":"～わりに（は）（～割りに（は））     =>Lớn hơn, vượt hơn so với dự đoán/tưởng tượng","usages":[{"synopsis":"  普通形 ＋ 割りには ","explain":" ： D&ugrave;ng trong trường hợp biểu thị một sự việc m&agrave; vượt qu&aacute; so với th&ocirc;ng thường, với tưởng tượng. ","mean":" ： Lớn hơn, vượt hơn so với dự đo&aacute;n/tưởng tượng ","note":null,"examples":["93020c54469e582d6fdb16f7ba92763f","93020c54469e582d6fdb16f7ba927daa"]}]}},{"id":"93020c54469e582d6fdb16f7ba92b11b","key":"N1","value":{"_id":"93020c54469e582d6fdb16f7ba92b11b","_rev":"1-99362d06cdf0c770b3fe6a5aa11acc6e","type":"grammar","lang":["vi"],"label":"ja_vi","level":"N1","title":"～かいもなく／～がいもなく     =>Mặc dù, cố gắng…nhưng","usages":[{"synopsis":" Vます ・Vた・Nの ＋ かいもなく  ","explain":" ： Thể hiện &yacute; nghĩa cho d&ugrave; c&oacute; cố gắng, nổ lực th&igrave; cũng kh&ocirc;ng c&oacute; kết quả như đ&atilde; kỳ vọng, mong đợi&hellip; ","mean":" ： D&ugrave; đ&atilde; cố gắng nhưng kết quả lại đ&aacute;ng tiếc ","note":null,"examples":["93020c54469e582d6fdb16f7ba928dc3","93020c54469e582d6fdb16f7ba928e61","93020c54469e582d6fdb16f7ba9293d6","93020c54469e582d6fdb16f7ba9299ed","93020c54469e582d6fdb16f7ba929cd9","93020c54469e582d6fdb16f7ba92a632"]}]}},{"id":"93020c54469e582d6fdb16f7ba92d727","key":"N1","value":{"_id":"93020c54469e582d6fdb16f7ba92d727","_rev":"1-dce9cae36549b5e5e29bcbec4963fa17","type":"grammar","lang":["vi"],"label":"ja_vi","level":"N1","title":"～だけまし     =>Tốt hơn~","usages":[{"synopsis":"  普通形 ＋ だけまし  ","explain":" ： D&ugrave;ng trong trường hợp biểu thị sự việc đ&oacute; so với những c&aacute;i kh&aacute;c l&agrave; tốt qu&aacute; rồi, c&ograve;n mong muốn g&igrave; hơn nữa. ","mean":" ： Tốt hơn~ ","note":null,"examples":["93020c54469e582d6fdb16f7ba92bda0","93020c54469e582d6fdb16f7ba92c9e8"]}]}},{"id":"93020c54469e582d6fdb16f7ba92f77c","key":"N1","value":{"_id":"93020c54469e582d6fdb16f7ba92f77c","_rev":"1-03fbe80acfaddea6d2c80a05a460ef4b","type":"grammar","lang":["vi"],"label":"ja_vi","level":"N1","title":"～ないではすまない     =>Không thể không làm gì đó, buộc phải làm","usages":[{"synopsis":"  Vない &rarr; ないではすまない ","explain":" ： D&ugrave;ng trong trường hợp biểu thị việc bắt buộc phải l&agrave;m g&igrave; đ&oacute;, kh&ocirc;ng c&oacute; lựa chọn n&agrave;o kh&aacute;c nữa. ","mean":" ： Kh&ocirc;ng thể kh&ocirc;ng l&agrave;m g&igrave; đ&oacute;, buộc phải l&agrave;m ","note":" ： C&oacute; thể d&ugrave;ng được theo dạng như sau &ldquo;～ずにはすまない&rdquo; . ","examples":["93020c54469e582d6fdb16f7ba92dfcd","93020c54469e582d6fdb16f7ba92ef0c"]}]}},{"id":"93020c54469e582d6fdb16f7ba93090e","key":"N1","value":{"_id":"93020c54469e582d6fdb16f7ba93090e","_rev":"1-45c8aeab84f8e0d0028637ad4646e007","type":"grammar","lang":["vi"],"label":"ja_vi","level":"N1","title":"～をふまえて     =>Tuân theo, dựa theo~","usages":[{"synopsis":" N ＋ をふまえて ","explain":" ： D&ugrave;ng trong trường hợp biểu thị nguy&ecirc;n nh&acirc;n, dựa theo đ&oacute; để thực hiện một h&agrave;nh động n&agrave;o đ&oacute;. ","mean":" ： Tu&acirc;n theo, dựa theo~ ","note":null,"examples":["93020c54469e582d6fdb16f7ba92fae4","93020c54469e582d6fdb16f7ba9300df"]}]}},{"id":"93020c54469e582d6fdb16f7ba932016","key":"N1","value":{"_id":"93020c54469e582d6fdb16f7ba932016","_rev":"1-f6726d08fc8e6782a55ce986dfabc51d","type":"grammar","lang":["vi"],"label":"ja_vi","level":"N1","title":"～をおして     =>Mặc dù là, cho dù là~","usages":[{"synopsis":" N ＋ をおして  ","explain":" ： D&ugrave;ng trong trường hợp biểu thị d&ugrave; biết l&agrave; kh&ocirc;ng thể, l&agrave; phi l&yacute; nhưng vẫn thực hiện h&agrave;nh động tiếp theo. ","mean":" ： Mặc d&ugrave; l&agrave;, cho d&ugrave; l&agrave;~ ","note":null,"examples":["93020c54469e582d6fdb16f7ba9318b6","93020c54469e582d6fdb16f7ba931969"]}]}},{"id":"93020c54469e582d6fdb16f7ba9333d8","key":"N1","value":{"_id":"93020c54469e582d6fdb16f7ba9333d8","_rev":"1-33e7348b28ec8988aa4b81c2f080bb92","type":"grammar","lang":["vi"],"label":"ja_vi","level":"N1","title":"～をたて（～を経て）     =>Trải qua, bằng, thông qua","usages":[{"synopsis":" N ＋ を経て  ","explain":" ： D&ugrave;ng trong trường hợp biểu thị việc đ&atilde; trải qua, đ&atilde; kinh qua. ","mean":" ： Trải qua, bằng, th&ocirc;ng qua ","note":null,"examples":["93020c54469e582d6fdb16f7ba93268c","93020c54469e582d6fdb16f7ba9328b6"]}]}},{"id":"93020c54469e582d6fdb16f7ba936954","key":"N1","value":{"_id":"93020c54469e582d6fdb16f7ba936954","_rev":"1-e20871c52a99cf8684d9895ba1c1e913","type":"grammar","lang":["vi"],"label":"ja_vi","level":"N1","title":"～ゆえ(に)／～がゆえ(に)     =>Để, vì, bởi~","usages":[{"synopsis":" N・N（修飾型） ＋ （が）ゆえ  ","explain":" ： D&ugrave;ng trong trường hợp biểu thị nguy&ecirc;n nh&acirc;n, l&yacute; do. N&ecirc;u l&yacute; do hay nguy&ecirc;n nh&acirc;n của vấn đề/ t&igrave;nh trạng dẫn đến kết quả sau đ&oacute;. ","mean":" ： Để, v&igrave;, bởi~ ","note":" ： ☞Ngo&agrave;i h&igrave;nh thức 「Nのゆえに」ta c&ograve;n bắt gặp 3 h&igrave;nh thức thường gặp kh&aacute;c của 「ゆえ」 「ゆえ」đứng một m&igrave;nh, chỉ l&yacute; do, thường l&agrave; 「ゆえあって」,「ゆえなく」,「ゆえなりげ」 ゆえあって故郷を捨て、この極寒の地に参りました。 ゆえあってこきょうをすて、このごっかんのちにまいりました。 C&oacute; l&yacute; do n&ecirc;n t&ocirc;i đ&atilde; rời bỏ qu&ecirc; hương, đến sống ở v&ugrave;ng lạnh lẽo n&agrave;y. 若い女がゆえありげな様子で門の側にたたずんでいた。 わかいおんながゆえありげなようすでもんのそばにたたずんでいた。 C&ocirc; g&aacute;i trẻ đ&atilde; đứng quanh quẩn b&ecirc;n c&aacute;nh cổng trong bộ dạng c&oacute; l&yacute; do g&igrave; đ&oacute;. ☞ 「N/普通形がゆえ（に/の）」：~ trở th&agrave;nh l&yacute; do, nguy&ecirc;n nh&acirc;n cho~, với l&yacute; do l&agrave; 結果にこだわりすぎるがゆえに、小さなことに心を奪われることになる。けっかにこだわりすぎるがゆえに、ちいさなことにこころをうばわれることになる。 V&igrave; qu&aacute; xem trọng kết quả, n&ecirc;n đ&atilde; bị cuốn h&uacute;t v&agrave;o những điều nhỏ nhặt. 若さ（が）ゆえの過ちもあるんだ。わかさ（が）ゆえのあやまちもあるんだ。 Cũng c&oacute; những lầm lỗi của tuổi trẻ. ☞「～のはNゆえである」Thuật lại l&yacute; do thực hiện h&agrave;nh động n&agrave;o đ&oacute; trong t&igrave;nh huống kh&oacute; khăn. 冬山登山は確かに死と隣りあわせだ。だがそれでも行くのは冬山の魅力ゆえである。ふゆやまとざんはたしかにしととなりあわせだ。だがそれでもいくのはふゆやまのみりょくゆえである。 Việc leo n&uacute;i m&ugrave;a đ&ocirc;ng r&otilde; r&agrave;ng l&agrave; việc cận kề với c&aacute;i chết. Cho d&ugrave; thế, nhưng người ta vẫn cứ leo l&agrave; bởi n&eacute;t hấp dẫn kh&ocirc;ng thể cưỡng lại của n&uacute;i v&agrave;o m&ugrave;a đ&ocirc;ng. ","examples":["93020c54469e582d6fdb16f7ba933a0f","93020c54469e582d6fdb16f7ba934515","93020c54469e582d6fdb16f7ba934962","93020c54469e582d6fdb16f7ba934d35","93020c54469e582d6fdb16f7ba934ea2","93020c54469e582d6fdb16f7ba935666","93020c54469e582d6fdb16f7ba935d7f","93020c54469e582d6fdb16f7ba935f62"]}]}},{"id":"93020c54469e582d6fdb16f7ba938655","key":"N1","value":{"_id":"93020c54469e582d6fdb16f7ba938655","_rev":"1-a99ff4e1f3bc1c39730fdf578c0e64ea","type":"grammar","lang":["vi"],"label":"ja_vi","level":"N1","title":"～ながらも     =>Mặc dù, tuy nhiên","usages":[{"synopsis":" Vます・N（であり） ＋ ながらも ","explain":null,"mean":" ： Mặc d&ugrave;, tuy nhi&ecirc;n ","note":null,"examples":["93020c54469e582d6fdb16f7ba937607","93020c54469e582d6fdb16f7ba937d5a"]}]}},{"id":"93020c54469e582d6fdb16f7ba939f0f","key":"N1","value":{"_id":"93020c54469e582d6fdb16f7ba939f0f","_rev":"1-b007831801bb3b4b05cf5ee7819aebb8","type":"grammar","lang":["vi"],"label":"ja_vi","level":"N1","title":"～ことなしに     =>Không có, không làm gì~","usages":[{"synopsis":"  Vる ＋ ことなしに  ","explain":" ： D&ugrave;ng trong trường hợp biểu thị việc nếu kh&ocirc;ng c&oacute;, nếu kh&ocirc;ng l&agrave;m điều g&igrave;, hay biểu thị với việc kh&ocirc;ng l&agrave;m điều g&igrave;, kh&ocirc;ng c&oacute; điều g&igrave; th&igrave; sẽ như thế n&agrave;o. ","mean":" ： Kh&ocirc;ng c&oacute;, kh&ocirc;ng l&agrave;m g&igrave;~ ","note":null,"examples":["93020c54469e582d6fdb16f7ba938c2f","93020c54469e582d6fdb16f7ba938f2d","93020c54469e582d6fdb16f7ba9399ac"]}]}},{"id":"93020c54469e582d6fdb16f7ba93a9a8","key":"N1","value":{"_id":"93020c54469e582d6fdb16f7ba93a9a8","_rev":"1-77eca29420020a3d6fce4bb9ef4f71f2","type":"grammar","lang":["vi"],"label":"ja_vi","level":"N1","title":"～ではあるまいし     =>Vì không phải…nên …","usages":[{"synopsis":" Vる・Vた・N ＋ ではあるまいし ","explain":" ： D&ugrave;ng trong trường hợp biểu thị việc do kh&ocirc;ng phải sự vật/sự việc, hay do kh&ocirc;ng phải l&agrave;m sự vật/sự việc đ&oacute; n&ecirc;n sẽ dẫn đến việc n&ecirc;n phải l&agrave;m g&igrave;/ n&ecirc;n phải như thế n&agrave;o. ","mean":" ： V&igrave; kh&ocirc;ng phải&hellip;n&ecirc;n &hellip; ","note":" ： C&oacute; thể d&ugrave;ng được theo dạng như sau &ldquo;～じゃあるまいし&rdquo; nhưng chỉ được d&ugrave;ng trong văn n&oacute;i. ","examples":["93020c54469e582d6fdb16f7ba93a2d8","93020c54469e582d6fdb16f7ba93a389"]}]}},{"id":"93020c54469e582d6fdb16f7ba93ff2e","key":"N1","value":{"_id":"93020c54469e582d6fdb16f7ba93ff2e","_rev":"1-688c826b282281696b87998346c7bdb1","type":"grammar","lang":["vi"],"label":"ja_vi","level":"N1","title":"～てからというもの     =>Sau khi làm gì thì …, kể từ khi làm gì thì…","usages":[{"synopsis":"  Vて &rarr; てからというもの ","explain":" ： D&ugrave;ng trong trường hợp biểu thị trạng th&aacute;i từ sau khi l&agrave;m một h&agrave;nh động n&agrave;o đ&oacute;, v&agrave; trạng th&aacute;i đ&oacute; sẽ k&eacute;o d&agrave;i m&atilde;i. ","mean":" ： Sau khi l&agrave;m g&igrave; th&igrave; &hellip;, kể từ khi l&agrave;m g&igrave; th&igrave;&hellip; ","note":null,"examples":["93020c54469e582d6fdb16f7ba93b159","93020c54469e582d6fdb16f7ba93bf88","93020c54469e582d6fdb16f7ba93c786","93020c54469e582d6fdb16f7ba93d720","93020c54469e582d6fdb16f7ba93e2c7","93020c54469e582d6fdb16f7ba93e922","93020c54469e582d6fdb16f7ba93f086"]}]}},{"id":"93020c54469e582d6fdb16f7ba9418df","key":"N1","value":{"_id":"93020c54469e582d6fdb16f7ba9418df","_rev":"1-bae44b3e1c28bcb5d72b4e4bb1b1b945","type":"grammar","lang":["vi"],"label":"ja_vi","level":"N1","title":"～としたところで     =>Dù/thậm chí có làm … thì cũng …","usages":[{"synopsis":" 普通形 ＋ としたところで ","explain":" ： D&ugrave;ng trong trường hợp biểu thị việc d&ugrave; c&oacute; l&agrave;m g&igrave;, thậm tr&iacute; c&oacute; l&agrave;m g&igrave; đi nữa th&igrave; cũng vẫn kh&ocirc;ng thể (&yacute; kiến mang t&iacute;nh nghi ngờ, phủ định của người n&oacute;i) ","mean":" ： D&ugrave;/thậm ch&iacute; c&oacute; l&agrave;m &hellip; th&igrave; cũng &hellip; ","note":" ： &Yacute; nghĩa tương tự với &ldquo;～たところで&rdquo;, &rdquo;～したって&rdquo;, &rdquo;～にしたって&rdquo;. Tuy nhi&ecirc;n &rdquo;～したって&rdquo; v&agrave; &rdquo;～にしたって&rdquo; chỉ được d&ugrave;ng trong văn n&oacute;i. ","examples":["93020c54469e582d6fdb16f7ba9401ff","93020c54469e582d6fdb16f7ba94088d","93020c54469e582d6fdb16f7ba941773"]}]}},{"id":"93020c54469e582d6fdb16f7ba945995","key":"N1","value":{"_id":"93020c54469e582d6fdb16f7ba945995","_rev":"1-9681e0c778df95e6753d71c4f43b0b87","type":"grammar","lang":["vi"],"label":"ja_vi","level":"N1","title":"～（で）すら     =>Thậm chí, ngay cả","usages":[{"synopsis":" N ＋ （で）すら ","explain":null,"mean":" ： Thậm ch&iacute;, ngay cả ","note":null,"examples":["93020c54469e582d6fdb16f7ba9422c0","93020c54469e582d6fdb16f7ba942cfe","93020c54469e582d6fdb16f7ba943aa0","93020c54469e582d6fdb16f7ba9444be","93020c54469e582d6fdb16f7ba9452ee"]}]}},{"id":"93020c54469e582d6fdb16f7ba947f2e","key":"N1","value":{"_id":"93020c54469e582d6fdb16f7ba947f2e","_rev":"1-9fec28588984c3bffa684cf1af41845b","type":"grammar","lang":["vi"],"label":"ja_vi","level":"N1","title":"～といえども     =>Mặc dù, tuy nhiên, nhưng","usages":[{"synopsis":" 普通形 ＋ といえども  ","explain":" ： &Yacute; nghĩa tương tự với &ldquo;～とはいえ&rdquo;. ","mean":" ： Mặc d&ugrave;, tuy nhi&ecirc;n, nhưng ","note":null,"examples":["93020c54469e582d6fdb16f7ba9463e3","93020c54469e582d6fdb16f7ba9469a2","93020c54469e582d6fdb16f7ba947129"]}]}}]}