{"status":200,"message":"","results":[{"id":"93020c54469e582d6fdb16f7ba949f9b","key":"N1","value":{"_id":"93020c54469e582d6fdb16f7ba949f9b","_rev":"1-8f75ab13233c3ae07bfea33c9a28bf1a","type":"grammar","lang":["vi"],"label":"ja_vi","level":"N1","title":"～っぱなし     =>Để nguyên, giữ nguyên~","usages":[{"synopsis":"  Vます ＋ っぱなし ","explain":"  D&ugrave;ng trong trường hợp biểu thị một trạng th&aacute;i của h&agrave;nh động n&agrave;o đ&oacute; cứ được giữ nguy&ecirc;n như vậy suốt trong một thời gian. ","mean":" ： Để nguy&ecirc;n, giữ nguy&ecirc;n~ ","note":null,"examples":["93020c54469e582d6fdb16f7ba9481ca","93020c54469e582d6fdb16f7ba948471","93020c54469e582d6fdb16f7ba94887d","93020c54469e582d6fdb16f7ba9491f1","93020c54469e582d6fdb16f7ba949293"]}]}},{"id":"93020c54469e582d6fdb16f7ba94c84a","key":"N1","value":{"_id":"93020c54469e582d6fdb16f7ba94c84a","_rev":"1-2e651b160382de9d084d16fab1b04637","type":"grammar","lang":["vi"],"label":"ja_vi","level":"N1","title":"～ずくめ     =>Chỉ, toàn, mới~","usages":[{"synopsis":"  N ＋ ずくめ ","explain":"  D&ugrave;ng trong trường hợp biểu thị hiện trạng c&oacute; to&agrave;n, c&oacute; đầy rẫy, c&oacute; qu&aacute; nhiều một sự vật/sự việc n&agrave;o đ&oacute;. ","mean":" ： Chỉ, to&agrave;n, mới~ ","note":null,"examples":["93020c54469e582d6fdb16f7ba94a9e8","93020c54469e582d6fdb16f7ba94b0fc","93020c54469e582d6fdb16f7ba94bbcd"]}]}},{"id":"93020c54469e582d6fdb16f7ba94dfa8","key":"N1","value":{"_id":"93020c54469e582d6fdb16f7ba94dfa8","_rev":"1-6f4e94ea9822952bdec34f8f8c7b74ae","type":"grammar","lang":["vi"],"label":"ja_vi","level":"N1","title":"～ながらに     =>Giữ nguyên","usages":[{"synopsis":"  Vます・N ＋ ながらに  ","explain":"  D&ugrave;ng trong trường hợp biểu thị một hiện trạng n&agrave;o đ&oacute; cứ giữ nguy&ecirc;n như thế kể từ l&uacute;c bắt đầu. ","mean":" ： Giữ nguy&ecirc;n ","note":" ： Thường đi với những động từ như &ldquo;居る&rdquo;, &ldquo;生まれる&rdquo;, &ldquo;生きる&rdquo; hay những danh từ như &ldquo;涙&rdquo;, &ldquo;昔&rdquo;. ","examples":["93020c54469e582d6fdb16f7ba94d0a0","93020c54469e582d6fdb16f7ba94d70f"]}]}},{"id":"93020c54469e582d6fdb16f7ba9508f2","key":"N1","value":{"_id":"93020c54469e582d6fdb16f7ba9508f2","_rev":"1-a7e316db294147ba1b0e6256a6739b05","type":"grammar","lang":["vi"],"label":"ja_vi","level":"N1","title":"～にもまして     =>Hơn, nhiều hơn, trên","usages":[{"synopsis":"  （V・A）の・N ＋ にもまして  ","explain":"  D&ugrave;ng trong trường hợp biểu thị trạng th&aacute;i n&agrave;y lớn hơn/vượt hơn l&ecirc;n/nhiều hơn so với trạng th&aacute;i kh&aacute;c. ","mean":" ： Hơn, nhiều hơn, tr&ecirc;n ","note":null,"examples":["93020c54469e582d6fdb16f7ba94e9cf","93020c54469e582d6fdb16f7ba94ed89","93020c54469e582d6fdb16f7ba94f4aa","93020c54469e582d6fdb16f7ba94fb74","93020c54469e582d6fdb16f7ba950492"]}]}},{"id":"93020c54469e582d6fdb16f7ba95422a","key":"N1","value":{"_id":"93020c54469e582d6fdb16f7ba95422a","_rev":"1-f99c438550d1b6968655b8bf26d95b88","type":"grammar","lang":["vi"],"label":"ja_vi","level":"N1","title":"～にひきかえ     =>So với … thì …","usages":[{"synopsis":"  （V・A）の・N ＋ にひきかえ  ","explain":"  D&ugrave;ng trong trường hợp biểu thị việc so s&aacute;nh với sự vật/sự việc g&igrave; th&igrave; n&oacute; đi ngược lại hẳn. ","mean":" ： So với &hellip; th&igrave; &hellip; ","note":null,"examples":["93020c54469e582d6fdb16f7ba951290","93020c54469e582d6fdb16f7ba95228a","93020c54469e582d6fdb16f7ba9526de","93020c54469e582d6fdb16f7ba95365c"]}]}},{"id":"93020c54469e582d6fdb16f7ba9578f5","key":"N1","value":{"_id":"93020c54469e582d6fdb16f7ba9578f5","_rev":"1-e2ebc910c52bbc43cdb587f48fa00041","type":"grammar","lang":["vi"],"label":"ja_vi","level":"N1","title":"～はおろか     =>Ngay cả …","usages":[{"synopsis":"  N ＋ はおろか  ","explain":"  ☞Diễn tả việc đ&oacute; l&agrave; đương nhi&ecirc;n m&agrave; c&ograve;n&hellip; ☞D&ugrave;ng trong trường hợp biểu thị trạng th&aacute;i việc đơn giản hơn, dễ d&agrave;ng hơn c&ograve;n kh&ocirc;ng đạt được. AはおろかB : ngay cả B c&ograve;n kh&ocirc;ng thể chứ đừng n&oacute;i g&igrave; đến A (A sẽ ở mức cao hơn l&agrave; B). Vế B thường mang &yacute; phủ định. ","mean":" ： Ngay cả &hellip; ","note":" ： ☞&Yacute; nghĩa tương tự như &ldquo;～どころか&rdquo;. ☞Rất hay d&ugrave;ng theo cấu tr&uacute;c như sau: AはおろかBも/さえ/まで. ","examples":["93020c54469e582d6fdb16f7ba954c54","93020c54469e582d6fdb16f7ba9556a0","93020c54469e582d6fdb16f7ba9561de","93020c54469e582d6fdb16f7ba956a4a","93020c54469e582d6fdb16f7ba957604","93020c54469e582d6fdb16f7ba9576c6"]}]}},{"id":"93020c54469e582d6fdb16f7ba95b024","key":"N1","value":{"_id":"93020c54469e582d6fdb16f7ba95b024","_rev":"1-1eba7d715a06e83b91f97260d1c4d40b","type":"grammar","lang":["vi"],"label":"ja_vi","level":"N1","title":"～あかつきには     =>Một khi…thì, sau khi…thì","usages":[{"synopsis":"  Vた するN＋の ＋ あかつきには ","explain":"  Diễn tả &yacute; nghĩa sự việc sau khi ho&agrave;n th&agrave;nh sẽ c&oacute; chuyện tốt xảy ra tiếp đ&oacute;. ","mean":" ： Một khi&hellip;th&igrave;, sau khi&hellip;th&igrave; ","note":null,"examples":["93020c54469e582d6fdb16f7ba957971","93020c54469e582d6fdb16f7ba9582e5","93020c54469e582d6fdb16f7ba9590ed","93020c54469e582d6fdb16f7ba95a065"]}]}},{"id":"93020c54469e582d6fdb16f7ba95ebf5","key":"N1","value":{"_id":"93020c54469e582d6fdb16f7ba95ebf5","_rev":"1-aab6f30067f03d689deeb1d9acd8c281","type":"grammar","lang":["vi"],"label":"ja_vi","level":"N1","title":"～あっての     =>Vì, vì có, chính vì…","usages":[{"synopsis":"  N ＋ あっての  ","explain":"  D&ugrave;ng trong trường hợp biểu thị v&igrave; c&oacute; sự vật/sự việc, ch&iacute;nh bởi v&igrave; c&oacute; sự vật/sự việc đ&oacute; n&ecirc;n mới. ","mean":" ： V&igrave;, v&igrave; c&oacute;, ch&iacute;nh v&igrave;&hellip; ","note":null,"examples":["93020c54469e582d6fdb16f7ba95bcad","93020c54469e582d6fdb16f7ba95cb01","93020c54469e582d6fdb16f7ba95d6cc","93020c54469e582d6fdb16f7ba95dee2"]}]}},{"id":"93020c54469e582d6fdb16f7ba960be4","key":"N1","value":{"_id":"93020c54469e582d6fdb16f7ba960be4","_rev":"1-665a9f1de7bf6fd42e86b7c3e14a8c8e","type":"grammar","lang":["vi"],"label":"ja_vi","level":"N1","title":"～かれ～かれ     =>Cho dù~cho dù","usages":[{"synopsis":"  Aい ＋ かれ～Aい ＋ かれ  ","explain":"  Sử dụng t&iacute;nh từ mang &yacute; nghĩa đối lập nhau, để n&oacute;i d&ugrave; thế n&agrave;o đi nữa th&igrave; sự việc đề cập giống nhau. ","mean":" ： Cho d&ugrave;~cho d&ugrave; ","note":" ： Trường hợp t&iacute;nh từ 悪いsẽ đổi th&agrave;nh 悪しかれ（あしかれ） ","examples":["93020c54469e582d6fdb16f7ba95f6a6","93020c54469e582d6fdb16f7ba95fb34","93020c54469e582d6fdb16f7ba9602e2","93020c54469e582d6fdb16f7ba9607ef"]}]}},{"id":"93020c54469e582d6fdb16f7ba962bcc","key":"N1","value":{"_id":"93020c54469e582d6fdb16f7ba962bcc","_rev":"1-e306f84417f24cba2a1beff98626727d","type":"grammar","lang":["vi"],"label":"ja_vi","level":"N1","title":"～くもなんともない（くも何ともない）     =>Không phải…hoàn toàn","usages":[{"synopsis":"  Aイ ＋ くもなんともない  ","explain":"  Diễn tả &yacute; nghĩa vừa thể hiện mong muốn vừa thể hiện phủ định kh&ocirc;ng phải l&agrave; như thế. Ho&agrave;n to&agrave;n kh&ocirc;ng phải~ ","mean":" ： Kh&ocirc;ng phải&hellip;ho&agrave;n to&agrave;n ","note":null,"examples":["93020c54469e582d6fdb16f7ba961a88","93020c54469e582d6fdb16f7ba961f82","93020c54469e582d6fdb16f7ba9626af","93020c54469e582d6fdb16f7ba96282f"]}]}},{"id":"93020c54469e582d6fdb16f7ba9655dd","key":"N1","value":{"_id":"93020c54469e582d6fdb16f7ba9655dd","_rev":"1-7af447c2ac5d674cc769a47f50edb0c7","type":"grammar","lang":["vi"],"label":"ja_vi","level":"N1","title":"～くらいなら     =>Nếu…tốt hơn","usages":[{"synopsis":"  Vる・Vない ＋ くらいなら  ","explain":"  Với h&igrave;nh thức 「AくらいならB」để diễn đạt &yacute; nếu chọn một b&ecirc;n n&agrave;o th&igrave; b&ecirc;n vế B tốt hơn vế A. Sử dụng khi người n&oacute;i muốn nhấn mạnh vế A l&agrave; kh&ocirc;ng th&iacute;ch. ","mean":" ： Nếu&hellip;tốt hơn ","note":null,"examples":["93020c54469e582d6fdb16f7ba963436","93020c54469e582d6fdb16f7ba963b77","93020c54469e582d6fdb16f7ba963ea3","93020c54469e582d6fdb16f7ba964939"]}]}},{"id":"93020c54469e582d6fdb16f7ba9676c6","key":"N1","value":{"_id":"93020c54469e582d6fdb16f7ba9676c6","_rev":"1-7d60bd66f966df87913244dcebed2722","type":"grammar","lang":["vi"],"label":"ja_vi","level":"N1","title":"～ぐるみ     =>Toàn bộ, toàn thể~","usages":[{"synopsis":"  N ＋ ぐるみ  ","explain":"  Diễn tả &yacute; nghĩa to&agrave;n bộ, to&agrave;n thể bao gồm ~. V&agrave; thường được d&ugrave;ng với h&igrave;nh thức「～ぐるみで～する」「～ぐるみの＜N＞」 ","mean":" ： To&agrave;n bộ, to&agrave;n thể~ ","note":null,"examples":["93020c54469e582d6fdb16f7ba965b47","93020c54469e582d6fdb16f7ba966b43","93020c54469e582d6fdb16f7ba966dcc"]}]}},{"id":"93020c54469e582d6fdb16f7ba96929e","key":"N1","value":{"_id":"93020c54469e582d6fdb16f7ba96929e","_rev":"1-5dce3974c4bb51d0eda6d7cad968a270","type":"grammar","lang":["vi"],"label":"ja_vi","level":"N1","title":"～ことこのうえない（ことこの上ない）     =>Rất là~","usages":[{"synopsis":"  Aい・Aな ＋ ことこの上ない  ","explain":"  Thể hiện &yacute; nghĩa mức độ rất cao, được d&ugrave;ng để người n&oacute;i thể hiện c&aacute;ch n&oacute;i mang t&iacute;nh cảm x&uacute;c, cũng c&oacute; h&agrave;i l&ograve;ng v&agrave; cũng c&oacute; kh&ocirc;ng h&agrave;i l&ograve;ng. Cơ bản giống với mẫu c&acirc;u 「～極まる／極まりない／の極み／の至り」 ","mean":" ： Rất l&agrave;~ ","note":null,"examples":["93020c54469e582d6fdb16f7ba967700","93020c54469e582d6fdb16f7ba968172","93020c54469e582d6fdb16f7ba968f90"]}]}},{"id":"93020c54469e582d6fdb16f7ba96bc97","key":"N1","value":{"_id":"93020c54469e582d6fdb16f7ba96bc97","_rev":"1-7a0f561296db214ceac21343210b4f7e","type":"grammar","lang":["vi"],"label":"ja_vi","level":"N1","title":"～こととて     =>Vì~","usages":[{"synopsis":"  N (修飾形) ＋ こととて  ","explain":"  Với h&igrave;nh thức 「AこととてB」c&oacute; nghĩa l&agrave; v&igrave; A n&ecirc;n việc trở th&agrave;nh B l&agrave; chuyện đương nhi&ecirc;n kh&ocirc;ng c&oacute; c&aacute;ch n&agrave;o kh&aacute;c. Ngo&agrave;i ra cũng c&oacute; nghĩa l&agrave; sự việc như vậy tuy nhi&ecirc;n&hellip; ","mean":" ： V&igrave;~ ","note":null,"examples":["93020c54469e582d6fdb16f7ba96a011","93020c54469e582d6fdb16f7ba96a146","93020c54469e582d6fdb16f7ba96aa4b","93020c54469e582d6fdb16f7ba96b100"]}]}},{"id":"93020c54469e582d6fdb16f7ba96d6a8","key":"N1","value":{"_id":"93020c54469e582d6fdb16f7ba96d6a8","_rev":"1-0d7690f9ef787a77477233a633eef6d7","type":"grammar","lang":["vi"],"label":"ja_vi","level":"N1","title":"～じみる     =>Có vẻ như~","usages":[{"synopsis":"  N ＋ じみた ＋N  ","explain":"  Kh&ocirc;ng muốn c&oacute; việc như thế m&agrave; nh&igrave;n thấy việc g&igrave; đ&oacute;. Gần giống mẫu c&acirc;u ～めくthường được sử dụng với &yacute; nghĩa ti&ecirc;u cực. ","mean":" ： C&oacute; vẻ như~ ","note":null,"examples":["93020c54469e582d6fdb16f7ba96c318","93020c54469e582d6fdb16f7ba96d024"]}]}},{"id":"93020c54469e582d6fdb16f7ba970039","key":"N1","value":{"_id":"93020c54469e582d6fdb16f7ba970039","_rev":"1-6cdf67f26afa7ab7761c9e95d556eab9","type":"grammar","lang":["vi"],"label":"ja_vi","level":"N1","title":"～ずくめ     =>Toàn là, hoàn toàn, toàn bộ","usages":[{"synopsis":"  N ＋ ずくめ  ","explain":"  D&ugrave;ng để diễn tả c&oacute; khi l&agrave; chuyện tốt c&oacute; khi l&agrave; chuyện kh&ocirc;ng tốt nhưng chủ yếu nghi&ecirc;ng về biểu đạt chuyện tốt nhiều hơn. ","mean":" ： To&agrave;n l&agrave;, ho&agrave;n to&agrave;n, to&agrave;n bộ ","note":" ： ☞Kh&aacute;c với 「～だらけ」thường d&ugrave;ng để diễn đạt &yacute; kh&ocirc;ng tốt. V&iacute; dụ kh&ocirc;ng thể biểu hiện nội dung sau bằng だらけđược. 楽しいことだらけ／幸せだらけ（&times;）たのしいことだらけ／しあわせだらけ（&times;） 楽しいことずくめ／幸せずくめ（○） たのしいことずくめ／しあわせずくめ（○） Tr&agrave;n đầy sự vui vẻ/ Tr&agrave;n đầy hạnh ph&uacute;c. ","examples":["93020c54469e582d6fdb16f7ba96e47c","93020c54469e582d6fdb16f7ba96f285","93020c54469e582d6fdb16f7ba96f2c9"]}]}},{"id":"93020c54469e582d6fdb16f7ba971715","key":"N1","value":{"_id":"93020c54469e582d6fdb16f7ba971715","_rev":"1-66e7d963aa0e7fa438bd740b852733fc","type":"grammar","lang":["vi"],"label":"ja_vi","level":"N1","title":"～ずじまい     =>Cuối cùng cũng không, Rốt cuộc cũng không","usages":[{"synopsis":"  Vない &rarr; ずじまい  ","explain":"  Diễn đạt cảm x&uacute;c hối tiếc, tiếc nuối, thất vọng. ","mean":" ： Cuối c&ugrave;ng cũng kh&ocirc;ng, Rốt cuộc cũng kh&ocirc;ng ","note":" ： Ngo&agrave;i ra, 「～じまい」c&ograve;n kết hợp với một số gốc danh từ, t&iacute;nh từ. Đ&acirc;y l&agrave; tiếp vĩ ngữ mang &yacute; nghĩa [Kết th&uacute;c] 店じまい。みせじまい。 Đ&oacute;ng cửa tiệm 五時じまい。 ごじじまい Kết th&uacute;c l&uacute;c 5 giờ 早じまい。 はやじまい。 Kết th&uacute;c sớm ","examples":["93020c54469e582d6fdb16f7ba970b32","93020c54469e582d6fdb16f7ba971422"]}]}},{"id":"93020c54469e582d6fdb16f7ba9723ef","key":"N1","value":{"_id":"93020c54469e582d6fdb16f7ba9723ef","_rev":"1-af84f676cfbe9bb6e7f896745b3453fb","type":"grammar","lang":["vi"],"label":"ja_vi","level":"N1","title":"～ないではおかない     =>Phải làm …","usages":[{"synopsis":"  Vない &rarr; ないではおかない  ","explain":"  必ずA する。Nhất định phải l&agrave;m A, kh&ocirc;ng l&agrave;m A kh&ocirc;ng được ","mean":" ： Phải l&agrave;m &hellip; ","note":" ： Giống mẫu c&acirc;u 「～ずにはおかない」trong ngữ ph&aacute;p N1. ","examples":["93020c54469e582d6fdb16f7ba971e2b","93020c54469e582d6fdb16f7ba97228a"]}]}},{"id":"93020c54469e582d6fdb16f7ba9732ab","key":"N1","value":{"_id":"93020c54469e582d6fdb16f7ba9732ab","_rev":"1-f14972204d882b72b840a24b0cb5105f","type":"grammar","lang":["vi"],"label":"ja_vi","level":"N1","title":"～すべがない     =>Không có cách nào, hết cách","usages":[{"synopsis":"  Vる・Nの ＋ すべがない  ","explain":"  Thường sử dụng c&aacute;c từ 解決、改善、確認、救済 Thường d&ugrave;ng nguy&ecirc;n cụm từ なすすべがない ","mean":" ： Kh&ocirc;ng c&oacute; c&aacute;ch n&agrave;o, hết c&aacute;ch ","note":null,"examples":["93020c54469e582d6fdb16f7ba972d45","93020c54469e582d6fdb16f7ba9730c2"]}]}},{"id":"93020c54469e582d6fdb16f7ba97618e","key":"N1","value":{"_id":"93020c54469e582d6fdb16f7ba97618e","_rev":"1-4148d79d6cab537641eb65221fa1b7b4","type":"grammar","lang":["vi"],"label":"ja_vi","level":"N1","title":"～ですら     =>Chỉ cần, ngay cả~","usages":[{"synopsis":"  N ＋ すら／ですら  ","explain":null,"mean":" ： Chỉ cần, ngay cả~ ","note":" ： ☞Giống ngữ ph&aacute;p N2 「Aさえ/でさえ」 ☞Giống ngữ ph&aacute;p N1「A だに B」 ","examples":["93020c54469e582d6fdb16f7ba973ca7","93020c54469e582d6fdb16f7ba974c81","93020c54469e582d6fdb16f7ba97584a"]}]}},{"id":"93020c54469e582d6fdb16f7ba97a7be","key":"N1","value":{"_id":"93020c54469e582d6fdb16f7ba97a7be","_rev":"2-536dd784c7a20855f82fa6bc82a6dd6e","type":"grammar","lang":["vi"],"label":"ja_vi","level":"N1","title":"～そばから&nbsp;&nbsp;&nbsp;&nbsp;&nbsp;=&gt;Vừa... ngay","usages":[{"synopsis":"Vる・Vた ＋ そばから","explain":"Vừa l&agrave;m g&igrave; đ&oacute;, th&igrave; liền ngay... Diễn tả sự lặp lại c&ugrave;ng một sự việc.","mean":"Vừa...ngay","note":"Cũng gh&eacute;p với thể Vたmang &yacute; nghĩa vừa l&agrave;m g&igrave; th&igrave; ngay sau đ&oacute; \r\n子供のおもちゃを片つけたそばからまた散らかっている。 \r\nこどものおもちゃをかたつけたそばからまたちらかっている。\r\n Vừa dọn dẹp đồ chơi của bọn trẻ xong th&igrave; liền vương v&atilde;i lung tung lại \r\n\r\n「僕、今日から勉強するよ」と言ったそばから、息子は友達に誘われて、外出する。 \r\n「ぼく、きょうからべんきょうするよ」といったそばから、むすこはともだちにさそわれて、がいしゅつする。\r\n Con trai t&ocirc;i vừa n&oacute;i [từ h&ocirc;m nay con sẽ học h&agrave;nh đấy] th&igrave; liền bị bạn b&egrave; rủ r&ecirc; v&agrave; đi ra ngo&agrave;i.","examples":["93020c54469e582d6fdb16f7ba97680f","93020c54469e582d6fdb16f7ba977662","93020c54469e582d6fdb16f7ba977c1c","93020c54469e582d6fdb16f7ba978b4a","93020c54469e582d6fdb16f7ba9799af"]}]}},{"id":"93020c54469e582d6fdb16f7ba97b2b9","key":"N1","value":{"_id":"93020c54469e582d6fdb16f7ba97b2b9","_rev":"1-83df73cabec30b92c55676fa47c15d62","type":"grammar","lang":["vi"],"label":"ja_vi","level":"N1","title":"～くらいで     =>Chỉ có~","usages":[{"synopsis":"  V普通形 + くらいで  ","explain":"  Diễn tả &yacute; kh&ocirc;ng c&oacute; chuyện quan trọng, chuyện đơn giản kh&ocirc;ng g&igrave; phải ch&aacute;n nản&hellip; ","mean":" ： Chỉ c&oacute;~ ","note":null,"examples":["93020c54469e582d6fdb16f7ba97a9bd","93020c54469e582d6fdb16f7ba97ac20"]}]}},{"id":"93020c54469e582d6fdb16f7ba97c335","key":"N1","value":{"_id":"93020c54469e582d6fdb16f7ba97c335","_rev":"1-3fb787167e11715e85ce259cee81fb01","type":"grammar","lang":["vi"],"label":"ja_vi","level":"N1","title":"～たところで     =>Cho dù … nhưng","usages":[{"synopsis":"  Vた + ところで  ","explain":"  D&ugrave;ng khi muốn n&ecirc;u ph&aacute;n đo&aacute;n một việc l&agrave;m g&igrave; đ&oacute; v&ocirc; &iacute;ch, kh&ocirc;ng c&oacute; t&aacute;c dụng. ","mean":" ： Cho d&ugrave; &hellip; nhưng ","note":" ： Cuối c&acirc;u kh&ocirc;ng phải ở thể qu&aacute; khứ. ","examples":["93020c54469e582d6fdb16f7ba97b5c8","93020c54469e582d6fdb16f7ba97bf1b","93020c54469e582d6fdb16f7ba97c163"]}]}},{"id":"93020c54469e582d6fdb16f7ba97d80b","key":"N1","value":{"_id":"93020c54469e582d6fdb16f7ba97d80b","_rev":"1-3307631c30f5283afe58a80058ddecbe","type":"grammar","lang":["vi"],"label":"ja_vi","level":"N1","title":"～だに     =>Thậm chí, ngay cả~","usages":[{"synopsis":"  A ＋ だに ＋ B  ","explain":"  A thường đi với c&aacute;c động từ 考える、想像する、思い出す。 Vế B thường mang &yacute; nghĩa khổ sở, sợ h&atilde;i. ","mean":" ： Thậm ch&iacute;, ngay cả~ ","note":" ： Giống ngữ ph&aacute;p N1 すら/ですら Thường đi với ない ","examples":["93020c54469e582d6fdb16f7ba97c3d6","93020c54469e582d6fdb16f7ba97c76c","93020c54469e582d6fdb16f7ba97d671"]}]}},{"id":"93020c54469e582d6fdb16f7ba97ea43","key":"N1","value":{"_id":"93020c54469e582d6fdb16f7ba97ea43","_rev":"1-12a3013c0fb21056a2252fb08fb530cb","type":"grammar","lang":["vi"],"label":"ja_vi","level":"N1","title":"～ためしがない     =>Chưa từng, chưa bao giờ~","usages":[{"synopsis":"  Vた + ためしがない  ","explain":"  D&ugrave;ng khi diễn tả t&acirc;m trạng chỉ tr&iacute;ch, bất m&atilde;n. ","mean":" ： Chưa từng, chưa bao giờ~ ","note":null,"examples":["93020c54469e582d6fdb16f7ba97dc32","93020c54469e582d6fdb16f7ba97e8af"]}]}},{"id":"93020c54469e582d6fdb16f7ba981e72","key":"N1","value":{"_id":"93020c54469e582d6fdb16f7ba981e72","_rev":"1-cd4ca17b29339ffc068b482da4152e7e","type":"grammar","lang":["vi"],"label":"ja_vi","level":"N1","title":"～たらんとする     =>Muốn trở thành, xứng đáng với~","usages":[{"synopsis":"  N ＋ たらんとする ","explain":"  Mang &yacute; nghĩa l&agrave;m việc g&igrave; đ&oacute; với mục ti&ecirc;u hoặc một việc g&igrave; đ&oacute; sẽ ph&ugrave; hợp với mục ti&ecirc;u. ","mean":" ： Muốn trở th&agrave;nh, xứng đ&aacute;ng với~ ","note":null,"examples":["93020c54469e582d6fdb16f7ba97f249","93020c54469e582d6fdb16f7ba97feba","93020c54469e582d6fdb16f7ba980ea0","93020c54469e582d6fdb16f7ba981235"]}]}},{"id":"93020c54469e582d6fdb16f7ba9844eb","key":"N1","value":{"_id":"93020c54469e582d6fdb16f7ba9844eb","_rev":"2-d3d7e4a9b4539074e5495164920378fb","type":"grammar","lang":["vi"],"label":"ja_vi","level":"N1","title":"～（とい）ったらありゃしない&nbsp;&nbsp;&nbsp;&nbsp;&nbsp;=&gt;Cực kỳ l&agrave; (kh&ocirc;ng thể n&oacute;i hết  bằng lời)","usages":[{"synopsis":"Aい・Vる・Vた・N ＋ ったらありゃしない    Aな ＋ だったらありゃしない","explain":"☞ Giống &yacute; nghĩa của 「～といったらない」\r\n ☞Thường sử dụng cho sự việc mang t&iacute;nh xấu.","mean":"Cực kỳ l&agrave; (kh&ocirc;ng thể n&oacute;i hết bằng lời)","note":"Cũng c&oacute; trường hợp t&iacute;nh từ なkh&ocirc;ng cần gắn だ。","examples":["93020c54469e582d6fdb16f7ba982dd1","93020c54469e582d6fdb16f7ba9834b2","93020c54469e582d6fdb16f7ba9835ce","93020c54469e582d6fdb16f7ba984160"]}]}},{"id":"93020c54469e582d6fdb16f7ba985d33","key":"N1","value":{"_id":"93020c54469e582d6fdb16f7ba985d33","_rev":"1-287ac75b96b693b0fdb2edf3c9a2ea35","type":"grammar","lang":["vi"],"label":"ja_vi","level":"N1","title":"～つ～つ     =>Vừa~vừa~","usages":[{"synopsis":"  Vます ＋ つ ＋ Vます ＋ つ  ","explain":"  Diễn tả lặp lại động t&aacute;c đối nghịch nhau. ","mean":" ： Vừa~vừa~ ","note":null,"examples":["93020c54469e582d6fdb16f7ba984cc2","93020c54469e582d6fdb16f7ba98506a","93020c54469e582d6fdb16f7ba98556b"]}]}},{"id":"93020c54469e582d6fdb16f7ba9888d3","key":"N1","value":{"_id":"93020c54469e582d6fdb16f7ba9888d3","_rev":"1-22db7fe40c2f52eb4a96bcf1dc14c344","type":"grammar","lang":["vi"],"label":"ja_vi","level":"N1","title":"～ぱなし     =>Để…suốt　(trùng No66)","usages":[{"synopsis":"  Vます ＋ っぱなし ","explain":"  ☞ Diễn tả t&igrave;nh trạng li&ecirc;n tục kh&ocirc;ng như b&igrave;nh thường, cứ tiếp tục nguy&ecirc;n trạng th&aacute;i&hellip; ☞Chủ yếu thể hiện t&igrave;nh trạng kh&ocirc;ng tốt, thường thể hiện &yacute; bất m&atilde;n, chỉ tr&iacute;ch. ","mean":" ： Để&hellip;suốt ","note":null,"examples":["93020c54469e582d6fdb16f7ba98677a","93020c54469e582d6fdb16f7ba986b18","93020c54469e582d6fdb16f7ba98789a","93020c54469e582d6fdb16f7ba988052"]}]}},{"id":"93020c54469e582d6fdb16f7ba98a0d4","key":"N1","value":{"_id":"93020c54469e582d6fdb16f7ba98a0d4","_rev":"1-bf4af2f3370577dfbc0caf55332a3c58","type":"grammar","lang":["vi"],"label":"ja_vi","level":"N1","title":"～づめだ     =>Làm gì…đầy kín, đầy kín~","usages":[{"synopsis":"  Vます ＋ づめだ  ","explain":null,"mean":" ： L&agrave;m g&igrave;&hellip;đầy k&iacute;n, đầy k&iacute;n~ ","note":null,"examples":["93020c54469e582d6fdb16f7ba989284","93020c54469e582d6fdb16f7ba989425","93020c54469e582d6fdb16f7ba989a53"]}]}}]}