{"status":200,"message":"","results":[{"id":"93020c54469e582d6fdb16f7ba98bc88","key":"N1","value":{"_id":"93020c54469e582d6fdb16f7ba98bc88","_rev":"1-3acd9ed1c8efc55b35b60c77e018ad15","type":"grammar","lang":["vi"],"label":"ja_vi","level":"N1","title":"～であれ～であれ     =>Cho dù…cho dù…","usages":[{"synopsis":"  N ＋ であれ ","explain":"  D&ugrave;ng để n&oacute;i cho d&ugrave;&hellip;cho d&ugrave;&hellip;cũng kh&ocirc;ng li&ecirc;n quan nếu c&ugrave;ng chủng loại th&igrave; tất cả đều giống nhau. ","mean":" ： Cho d&ugrave;&hellip;cho d&ugrave;&hellip; ","note":null,"examples":["93020c54469e582d6fdb16f7ba98ab9a","93020c54469e582d6fdb16f7ba98b053","93020c54469e582d6fdb16f7ba98b707","93020c54469e582d6fdb16f7ba98bbdb"]}]}},{"id":"93020c54469e582d6fdb16f7ba98e246","key":"N1","value":{"_id":"93020c54469e582d6fdb16f7ba98e246","_rev":"2-c232c64ce975bd9f7e06b90d304ea537","type":"grammar","lang":["vi"],"label":"ja_vi","level":"N1","title":"～てからというもの&nbsp;&nbsp;&nbsp;&nbsp;&nbsp;=&gt;Sau khi l&agrave;m g&igrave; th&igrave; &hellip;, kể từ khi l&agrave;m g&igrave; th&igrave;&hellip;","usages":[{"synopsis":"Vて &rarr; てからというもの","explain":"D&ugrave;ng trong trường hợp biểu thị trạng th&aacute;i từ sau khi l&agrave;m một h&agrave;nh động n&agrave;o đ&oacute;, v&agrave; trạng th&aacute;i đ&oacute; sẽ k&eacute;o d&agrave;i m&atilde;i.","mean":"Sau khi l&agrave;m g&igrave; th&igrave; &hellip;, kể từ khi l&agrave;m g&igrave; th&igrave;&hellip;","note":"","examples":["93020c54469e582d6fdb16f7ba98bd1c","93020c54469e582d6fdb16f7ba98c573","93020c54469e582d6fdb16f7ba98cb19","93020c54469e582d6fdb16f7ba98d54d","93020c54469e582d6fdb16f7ba98dcf2"]}]}},{"id":"93020c54469e582d6fdb16f7ba99253f","key":"N1","value":{"_id":"93020c54469e582d6fdb16f7ba99253f","_rev":"1-d4ea5d65cb2b9958f81711b4909747e2","type":"grammar","lang":["vi"],"label":"ja_vi","level":"N1","title":"～てこそはじめて     =>Nếu có ~ thì có thể được, nếu không thì khó mà","usages":[{"synopsis":"  Vて &rarr; てこそはじめて  ","explain":"  Nếu thỏa m&atilde;n điều kiện ~ th&igrave; c&oacute; khả năng xảy ra đấy, nhưng nếu kh&ocirc;ng c&oacute; điều kiện ~ th&igrave; kh&oacute; m&agrave; đạt được. ","mean":" ： Nếu c&oacute; ~ th&igrave; c&oacute; thể được, nếu kh&ocirc;ng th&igrave; kh&oacute; m&agrave; ","note":null,"examples":["93020c54469e582d6fdb16f7ba98ea97","93020c54469e582d6fdb16f7ba98f912","93020c54469e582d6fdb16f7ba990408","93020c54469e582d6fdb16f7ba990bca","93020c54469e582d6fdb16f7ba990d8c","93020c54469e582d6fdb16f7ba99187c","93020c54469e582d6fdb16f7ba992192"]}]}},{"id":"93020c54469e582d6fdb16f7ba99440c","key":"N1","value":{"_id":"93020c54469e582d6fdb16f7ba99440c","_rev":"1-9681f3e04fc2d30ac127e79979162426","type":"grammar","lang":["vi"],"label":"ja_vi","level":"N1","title":"～て（も）さしつかえない     =>Dù có ~ cũng không vấn đề","usages":[{"synopsis":"  Vて  Aい&rarr;くて  N・Aな&rarr;で  ＋ もさしつかえない ","explain":null,"mean":" ： D&ugrave; c&oacute; ~ cũng kh&ocirc;ng vấn đề ","note":null,"examples":["93020c54469e582d6fdb16f7ba992936","93020c54469e582d6fdb16f7ba992ae3","93020c54469e582d6fdb16f7ba9930b7","93020c54469e582d6fdb16f7ba993554"]}]}},{"id":"93020c54469e582d6fdb16f7ba9957d9","key":"N1","value":{"_id":"93020c54469e582d6fdb16f7ba9957d9","_rev":"2-64c84dab39846ed53a731eaf87e3b9c4","type":"grammar","lang":["vi"],"label":"ja_vi","level":"N1","title":"～てしかるべきだ&nbsp;&nbsp;&nbsp;&nbsp;&nbsp;=&gt;Phải&hellip;th&ocirc;i","usages":[{"synopsis":"Vて・Vで  Aい&rarr;くて  Aな&rarr;で  ＋ しかるべきだ","explain":"Diễn tả &yacute; nghĩa việc l&agrave;m đ&oacute; l&agrave; hiển nhi&ecirc;n, việc l&agrave;m đ&oacute; l&agrave; th&iacute;ch hợp.","mean":"Phải&hellip;th&ocirc;i","note":"","examples":["93020c54469e582d6fdb16f7ba994ca2"]}]}},{"id":"93020c54469e582d6fdb16f7ba99773d","key":"N1","value":{"_id":"93020c54469e582d6fdb16f7ba99773d","_rev":"1-5c8e34221c31ff8aad544dcac2b460d1","type":"grammar","lang":["vi"],"label":"ja_vi","level":"N1","title":"～て(は) かなわない     =>Không thể chịu đựng được~","usages":[{"synopsis":"  Vて  Aい&rarr;て Aな&rarr;で ＋ (は) かなわない ","explain":"  Được giới hạn c&aacute;c từ ngữ thể hiện cảm t&igrave;nh, cảm gi&aacute;c, mong muốn. Thể hiện &yacute; nghĩa kh&ocirc;ng thể chịu đựng được, ~ rất l&agrave;. V&agrave; thường được sử dụng như l&agrave; ấn tượng kh&ocirc;ng tốt. Khi gắn はv&agrave;o th&igrave; c&acirc;u văn thể hiện mức độ kh&ocirc;ng thể chịu được trở n&ecirc;n mạnh mẽ hơn. ","mean":" ： Kh&ocirc;ng thể chịu đựng được~ ","note":null,"examples":["93020c54469e582d6fdb16f7ba996194","93020c54469e582d6fdb16f7ba9963f0","93020c54469e582d6fdb16f7ba99645d","93020c54469e582d6fdb16f7ba996ccf"]}]}},{"id":"93020c54469e582d6fdb16f7ba99874e","key":"N1","value":{"_id":"93020c54469e582d6fdb16f7ba99874e","_rev":"1-d2b384eb630b38edd495047155d3fdd7","type":"grammar","lang":["vi"],"label":"ja_vi","level":"N1","title":"～てはばからない     =>Liều lĩnh~, bạo gan dám~","usages":[{"synopsis":"  Vて ＋ はばからない  ","explain":"  Diễn tả h&agrave;nh động mặc d&ugrave; phải e ngại, cảm thấy kh&oacute; chịu nhưng bạo gan để l&agrave;m g&igrave; đ&oacute;&hellip; ","mean":" ： Liều lĩnh~, bạo gan d&aacute;m~ ","note":null,"examples":["93020c54469e582d6fdb16f7ba997c45","93020c54469e582d6fdb16f7ba997d1b","93020c54469e582d6fdb16f7ba997d9f"]}]}},{"id":"93020c54469e582d6fdb16f7ba99b6ec","key":"N1","value":{"_id":"93020c54469e582d6fdb16f7ba99b6ec","_rev":"1-2fd724348408ec1fceb5e43c803fcff0","type":"grammar","lang":["vi"],"label":"ja_vi","level":"N1","title":"～てまえ（～手前）     =>Chính vì～","usages":[{"synopsis":"  N(修飾形) ＋ 手前  ","explain":"  Thể hiện &yacute; nghĩa v&igrave; c&oacute; l&yacute; do, khi suy nghĩ tr&ecirc;n lập trường th&igrave; cần phải... v&agrave; nếu như kh&ocirc;ng l&agrave;m theo vế sau th&igrave; cảm thấy c&oacute; vấn đề, xấu hổ. ","mean":" ： Ch&iacute;nh v&igrave;～ ","note":null,"examples":["93020c54469e582d6fdb16f7ba998f23","93020c54469e582d6fdb16f7ba999a13","93020c54469e582d6fdb16f7ba999cc4","93020c54469e582d6fdb16f7ba99aa67","93020c54469e582d6fdb16f7ba99b327","93020c54469e582d6fdb16f7ba99b590"]}]}},{"id":"93020c54469e582d6fdb16f7ba99ef86","key":"N1","value":{"_id":"93020c54469e582d6fdb16f7ba99ef86","_rev":"1-475a3bfd51cabd4be2fb6f21f9ba488c","type":"grammar","lang":["vi"],"label":"ja_vi","level":"N1","title":"～てみせる     =>Tuyệt đối phải, nhất định phải…","usages":[{"synopsis":"  Vて &rarr; てみせる  ","explain":"  Sử dụng khi thể hiện sự quyết t&acirc;m, ki&ecirc;n quyết về một sự việc n&agrave;o đ&oacute;. ","mean":" ： Tuyệt đối phải, nhất định phải&hellip; ","note":null,"examples":["93020c54469e582d6fdb16f7ba99c29f","93020c54469e582d6fdb16f7ba99ce03","93020c54469e582d6fdb16f7ba99ceff","93020c54469e582d6fdb16f7ba99d676","93020c54469e582d6fdb16f7ba99e3fc"]}]}},{"id":"93020c54469e582d6fdb16f7ba9a15c2","key":"N1","value":{"_id":"93020c54469e582d6fdb16f7ba9a15c2","_rev":"1-1d950694c71c80420a32e59caf9d1027","type":"grammar","lang":["vi"],"label":"ja_vi","level":"N1","title":"～でもしたら     =>Nếu…thì; Nhỡ mà…thì…","usages":[{"synopsis":"  V ます・ する N ＋ でもしたら  ","explain":"  Đưa ra giả định v&agrave; kết quả sẽ l&agrave; xấu nếu giả định đ&oacute; xảy ra. ","mean":" ： Nếu&hellip;th&igrave;; Nhỡ m&agrave;&hellip;th&igrave;&hellip; ","note":null,"examples":["93020c54469e582d6fdb16f7ba99f96d","93020c54469e582d6fdb16f7ba99fd28","93020c54469e582d6fdb16f7ba9a0235","93020c54469e582d6fdb16f7ba9a0b61","93020c54469e582d6fdb16f7ba9a0bfc"]}]}},{"id":"93020c54469e582d6fdb16f7ba9a3a76","key":"N1","value":{"_id":"93020c54469e582d6fdb16f7ba9a3a76","_rev":"1-00632c8fe5bb1db13eeeec519791ff07","type":"grammar","lang":["vi"],"label":"ja_vi","level":"N1","title":"～でもなんでもない     =>Chẳng phải là, hoàn toàn không phải là…","usages":[{"synopsis":"  Aな・N ＋ でもなんでもない  ","explain":"  Ho&agrave;n to&agrave;n kh&ocirc;ng (phủ định mạnh, một c&aacute;ch ho&agrave;n to&agrave;n) ","mean":" ： Chẳng phải l&agrave;, ho&agrave;n to&agrave;n kh&ocirc;ng phải l&agrave;&hellip; ","note":null,"examples":["93020c54469e582d6fdb16f7ba9a1ba7","93020c54469e582d6fdb16f7ba9a2343","93020c54469e582d6fdb16f7ba9a2e40"]}]}},{"id":"93020c54469e582d6fdb16f7ba9a65e0","key":"N1","value":{"_id":"93020c54469e582d6fdb16f7ba9a65e0","_rev":"2-6e6b46f716952da2d6de45d0acded79c","type":"grammar","lang":["vi"],"label":"ja_vi","level":"N1","title":"～やまない&nbsp;&nbsp;&nbsp;&nbsp;&nbsp;=&gt;Rất~","usages":[{"synopsis":"V て ＋ やまない","explain":"☞ Rất, th&agrave;nh t&acirc;m, thật l&ograve;ng nghĩ/mong muốn như vậy. \r\n☞ Thường sử dụng c&aacute;c động từ 祈る・願う・信じる・期待する&hellip;","mean":"Rất~","note":"☞Động từ やまない c&oacute; gốc l&agrave; động từやむ, khi n&oacute;i một c&aacute;ch lịch sự th&igrave; d&ugrave;ng l&agrave; やすみません. \r\n\r\n大統領の訪日を機に、両国民の相互理解が深まることを期待してやすみません。 \r\nだいとうりょうのほうにちをきに、りょうこくみんのそうごりかいがふかまることをきたいしてやすみません。\r\n Ch&uacute;ng t&ocirc;i rất hi vọng rằng sau chuyến thăm Nhật của ng&agrave;i tổng thống, nh&acirc;n d&acirc;n hai nước sẽ hiểu nhau s&acirc;u sắc.","examples":["93020c54469e582d6fdb16f7ba9a4254","93020c54469e582d6fdb16f7ba9a505d","93020c54469e582d6fdb16f7ba9a5ca6"]}]}},{"id":"93020c54469e582d6fdb16f7ba9a92c6","key":"N1","value":{"_id":"93020c54469e582d6fdb16f7ba9a92c6","_rev":"1-42a6def55759e0b9656c6c700638c791","type":"grammar","lang":["vi"],"label":"ja_vi","level":"N1","title":"～とあって     =>Vì…nên; mấy khi…nên","usages":[{"synopsis":"  普通形・ Aな、Nだ ＋ とあって  ","explain":"  V&igrave;&hellip;n&ecirc;n, mấy khi&hellip; n&ecirc;n (v&igrave; c&oacute; một t&igrave;nh huống đặc biệt n&ecirc;n&hellip;) ","mean":" ： V&igrave;&hellip;n&ecirc;n; mấy khi&hellip;n&ecirc;n ","note":null,"examples":["93020c54469e582d6fdb16f7ba9a6746","93020c54469e582d6fdb16f7ba9a7298","93020c54469e582d6fdb16f7ba9a7bee","93020c54469e582d6fdb16f7ba9a8694"]}]}},{"id":"93020c54469e582d6fdb16f7ba9ad336","key":"N1","value":{"_id":"93020c54469e582d6fdb16f7ba9ad336","_rev":"1-0c0202d72b9ea97e3ff3dc3422f11e96","type":"grammar","lang":["vi"],"label":"ja_vi","level":"N1","title":"～といい～といい     =>Cũng…cũng","usages":[{"synopsis":"  N1 ＋ といい～N2 ＋ といい  ","explain":"  ☞ N1 cũng, N2 cũng (về một việc n&agrave;o đ&oacute;, lấy một số v&iacute; dụ để n&oacute;i l&ecirc;n đ&aacute;nh gi&aacute; l&agrave; nh&igrave;n từ quan điểm n&agrave;o cũng vậy). ☞ Thường d&ugrave;ng để đ&aacute;nh gi&aacute; tốt hoặc xấu của vấn đề. ","mean":" ： Cũng&hellip;cũng ","note":null,"examples":["93020c54469e582d6fdb16f7ba9aa150","93020c54469e582d6fdb16f7ba9aa84c","93020c54469e582d6fdb16f7ba9ab419","93020c54469e582d6fdb16f7ba9ac374","93020c54469e582d6fdb16f7ba9ac50e"]}]}},{"id":"93020c54469e582d6fdb16f7ba9aed40","key":"N1","value":{"_id":"93020c54469e582d6fdb16f7ba9aed40","_rev":"1-bf85c1715c2ab6edd68dee52d1f0fba0","type":"grammar","lang":["vi"],"label":"ja_vi","level":"N1","title":"～というか~というか／～といおうか～といおうか     =>Nếu nói là ~ nếu nói là ~","usages":[{"synopsis":"  普通形 ＋ というか／といおうか  ","explain":"  Nếu n&oacute;i l&agrave; ~ nếu n&oacute;i l&agrave; ~ (C&oacute; thể n&oacute;i theo c&aacute;ch n&agrave;o cũng được, d&ugrave; nghĩ theo c&aacute;ch n&agrave;o th&igrave; vẫn l&agrave; một vấn đề chung) ","mean":" ： Nếu n&oacute;i l&agrave; ~ nếu n&oacute;i l&agrave; ~ ","note":null,"examples":["93020c54469e582d6fdb16f7ba9ad4dd","93020c54469e582d6fdb16f7ba9ad56d","93020c54469e582d6fdb16f7ba9ae2e9"]}]}},{"id":"93020c54469e582d6fdb16f7ba9b21c7","key":"N1","value":{"_id":"93020c54469e582d6fdb16f7ba9b21c7","_rev":"1-e1f7c59b87454b5a3f9a23ae5f076839","type":"grammar","lang":["vi"],"label":"ja_vi","level":"N1","title":"～というところだ     =>Đại khái ở mức~, bét nhất cũng phải ~","usages":[{"synopsis":"  Vる・Vた・N ＋ というところだ  ","explain":"  Khi trước というところだl&agrave; cụm từ chỉ số lượng th&igrave; c&oacute; nghĩa &ldquo;d&ugrave; nhiều đến đ&acirc;u, d&ugrave; cao đến đ&acirc;u, th&igrave; cũng ở mức n&agrave;y&rdquo; ","mean":" ： Đại kh&aacute;i ở mức~, b&eacute;t nhất cũng phải ~ ","note":null,"examples":["93020c54469e582d6fdb16f7ba9af693","93020c54469e582d6fdb16f7ba9b0637","93020c54469e582d6fdb16f7ba9b12f5","93020c54469e582d6fdb16f7ba9b1370","93020c54469e582d6fdb16f7ba9b1ccd"]}]}},{"id":"93020c54469e582d6fdb16f7ba9b52f7","key":"N1","value":{"_id":"93020c54469e582d6fdb16f7ba9b52f7","_rev":"1-c310f7fada6d998ff49d17ed7988ac85","type":"grammar","lang":["vi"],"label":"ja_vi","level":"N1","title":"～といえども     =>Tuy…nhưng; chắc chắn là…","usages":[{"synopsis":"  普通形([A-なだ／N だ]) ＋ といえども  ","explain":"  Tuy~ nhưng ~ , chắc chắn l&agrave; ~ nhưng ~(v&iacute; dụ 1, 2, 3) D&ugrave; (người) ở mức độ đ&oacute; nhưng (~ l&agrave; một v&iacute; dụ ở mức cao được đưa ra) (v&iacute; dụ 4, 5) ","mean":" ： Tuy&hellip;nhưng; chắc chắn l&agrave;&hellip; ","note":null,"examples":["93020c54469e582d6fdb16f7ba9b29f6","93020c54469e582d6fdb16f7ba9b3906","93020c54469e582d6fdb16f7ba9b3d7f","93020c54469e582d6fdb16f7ba9b3ee5","93020c54469e582d6fdb16f7ba9b4b02"]}]}},{"id":"93020c54469e582d6fdb16f7ba9b949d","key":"N1","value":{"_id":"93020c54469e582d6fdb16f7ba9b949d","_rev":"2-ce9245c9bd490360d688ec8cdc0f3356","type":"grammar","lang":["vi"],"label":"ja_vi","level":"N1","title":"～といったらない&nbsp;&nbsp;&nbsp;&nbsp;&nbsp;=&gt;Cực k&igrave;~","usages":[{"synopsis":"Aい・Vる・Vた・N ＋ といったらない","explain":"☞ ([A-なc&oacute; thể c&oacute; だhoặc kh&ocirc;ng) \r\n☞Cực k&igrave;~(kh&ocirc;ng thể n&oacute;i hết bằng lời, thể hiện sự ngạc nhi&ecirc;n, cảm th&aacute;n).","mean":"Cực k&igrave;~","note":"☞といったらない c&oacute; thể thay bằng: といったらありはしない（ありゃしない）hoặc ったらない \r\n☞Mẫu n&agrave;y thường d&ugrave;ng để diễn tả những việc xấu, mang t&iacute;nh chất ti&ecirc;u cực. \r\n☞ C&oacute; thể d&ugrave;ng trong văn n&oacute;i, hội thoại.","examples":["93020c54469e582d6fdb16f7ba9b59be","93020c54469e582d6fdb16f7ba9b63cc","93020c54469e582d6fdb16f7ba9b7002","93020c54469e582d6fdb16f7ba9b7d4c","93020c54469e582d6fdb16f7ba9b8a48"]}]}},{"id":"93020c54469e582d6fdb16f7ba9bc72d","key":"N1","value":{"_id":"93020c54469e582d6fdb16f7ba9bc72d","_rev":"1-30a348ecbaa71158bfec961cfaca44ed","type":"grammar","lang":["vi"],"label":"ja_vi","level":"N1","title":"～といっても過言ではない     =>Dù nói là~ cũng không quá lời, quả đúng là~","usages":[{"synopsis":"  普通形 ＋ といっても過言ではない  ","explain":null,"mean":" ： D&ugrave; n&oacute;i l&agrave;~ cũng kh&ocirc;ng qu&aacute; lời, quả đ&uacute;ng l&agrave;~ ","note":null,"examples":["93020c54469e582d6fdb16f7ba9b9f36","93020c54469e582d6fdb16f7ba9badcf","93020c54469e582d6fdb16f7ba9bb843"]}]}},{"id":"93020c54469e582d6fdb16f7ba9bf4b5","key":"N1","value":{"_id":"93020c54469e582d6fdb16f7ba9bf4b5","_rev":"1-c11caec4a38c47f36f47f168fd75e86b","type":"grammar","lang":["vi"],"label":"ja_vi","level":"N1","title":"～といわず     => Dù là…dù là","usages":[{"synopsis":"  N ＋ といわず～N ＋ といわず  ","explain":"  Diễn tả kh&ocirc;ng ph&acirc;n biệt c&aacute;i n&agrave;o, m&agrave; tất cả nơi n&agrave;o đ&oacute;, l&uacute;c n&agrave;o đ&oacute; đều giống nhau. Đưa ra c&aacute;c v&iacute; dụ v&agrave;o c&ugrave;ng nh&oacute;m &yacute; nghĩa nhưng thường c&aacute;c từ h&igrave;nh th&agrave;nh c&oacute; mối li&ecirc;n hệ với kh&ocirc;ng gian, thời gian như buổi trưa với buổi tối, ch&acirc;n với tay v.v Thường c&acirc;u văn thể hiện ấn tượng xấu, c&acirc;u văn kh&ocirc;ng mang &yacute; nghĩa phủ định hay bắt l&agrave;m. ","mean":" ： D&ugrave; l&agrave;&hellip;d&ugrave; l&agrave; ","note":null,"examples":["93020c54469e582d6fdb16f7ba9bcbe2","93020c54469e582d6fdb16f7ba9bd418","93020c54469e582d6fdb16f7ba9be057","93020c54469e582d6fdb16f7ba9be709","93020c54469e582d6fdb16f7ba9be95b"]}]}},{"id":"93020c54469e582d6fdb16f7ba9c2873","key":"N1","value":{"_id":"93020c54469e582d6fdb16f7ba9c2873","_rev":"1-88aa73928b63c5de8c0c514099cb80dd","type":"grammar","lang":["vi"],"label":"ja_vi","level":"N1","title":"～どおしだ（通しだ）     =>Làm gì…suốt","usages":[{"synopsis":"  Vます ＋ どおしだ  ","explain":"  Diễn tả t&igrave;nh trạng, h&agrave;nh động diễn ra li&ecirc;n tục c&ugrave;ng một thời điểm n&agrave;o đ&oacute;. ","mean":" ： L&agrave;m g&igrave;&hellip;suốt ","note":null,"examples":["93020c54469e582d6fdb16f7ba9c0372","93020c54469e582d6fdb16f7ba9c0dd7","93020c54469e582d6fdb16f7ba9c1b2a","93020c54469e582d6fdb16f7ba9c21df","93020c54469e582d6fdb16f7ba9c27ec"]}]}},{"id":"93020c54469e582d6fdb16f7ba9c3efe","key":"N1","value":{"_id":"93020c54469e582d6fdb16f7ba9c3efe","_rev":"1-eb3d745fa7e5ccef1ae413c1cf282d10","type":"grammar","lang":["vi"],"label":"ja_vi","level":"N1","title":"～とおもいきや（～と思いきや）     =>Nghĩ là…nhưng, nghĩ là…ngược lại","usages":[{"synopsis":"  普通形 ＋ と思いきや  ","explain":"  Thường sử dụng với kết quả ngược với những g&igrave; dự đo&aacute;n, nghĩ l&agrave; như vậy nhưng ngo&agrave;i dự t&iacute;nh. ","mean":" ： Nghĩ l&agrave;&hellip;nhưng, nghĩ l&agrave;&hellip;ngược lại ","note":null,"examples":["93020c54469e582d6fdb16f7ba9c33dd","93020c54469e582d6fdb16f7ba9c363f","93020c54469e582d6fdb16f7ba9c3e46"]}]}},{"id":"93020c54469e582d6fdb16f7ba9c6b06","key":"N1","value":{"_id":"93020c54469e582d6fdb16f7ba9c6b06","_rev":"1-afca42d5295827ec1fa6cf895d01ab90","type":"grammar","lang":["vi"],"label":"ja_vi","level":"N1","title":"～ときたら     =>Nói về~, nói đến~","usages":[{"synopsis":"  N ＋ ときたら  ","explain":"  ☞D&ugrave;ng trong văn n&oacute;i, đưa ra vấn đề, nh&acirc;n vật gần gũi với m&igrave;nh để n&oacute;i l&ecirc;n bất m&atilde;n. ☞Vế sau của c&acirc;u được đ&aacute;nh gi&aacute; kh&ocirc;ng tốt thể hiện &yacute; bất m&atilde;n, chỉ tr&iacute;ch. C&acirc;u văn diễn đạt b&igrave;nh thường kh&ocirc;ng thể hiện &yacute; ch&iacute; hay nguyện vọng hay bắt l&agrave;m của người n&oacute;i. ","mean":" ： N&oacute;i về~, n&oacute;i đến~ ","note":null,"examples":["93020c54469e582d6fdb16f7ba9c4007","93020c54469e582d6fdb16f7ba9c4b0d","93020c54469e582d6fdb16f7ba9c553d","93020c54469e582d6fdb16f7ba9c62a7"]}]}},{"id":"93020c54469e582d6fdb16f7ba9c8caf","key":"N1","value":{"_id":"93020c54469e582d6fdb16f7ba9c8caf","_rev":"1-6cc8eb037e56c2e05a85c5d9107962f2","type":"grammar","lang":["vi"],"label":"ja_vi","level":"N1","title":"～ところだった     =>Suýt bị, suýt nữa~","usages":[{"synopsis":"  Vる ＋ ところだった  ","explain":"  Ph&iacute;a trước của mẫu c&acirc;u n&agrave;y hay d&ugrave;ng c&aacute;c từもう少しで、危うく、すんでのところで. ","mean":" ： Su&yacute;t bị, su&yacute;t nữa~ ","note":null,"examples":["93020c54469e582d6fdb16f7ba9c7285","93020c54469e582d6fdb16f7ba9c779a","93020c54469e582d6fdb16f7ba9c80b2","93020c54469e582d6fdb16f7ba9c8700","93020c54469e582d6fdb16f7ba9c89a7"]}]}},{"id":"93020c54469e582d6fdb16f7ba9cb6fd","key":"N1","value":{"_id":"93020c54469e582d6fdb16f7ba9cb6fd","_rev":"1-8951fd2eccfa555c9ad9f6f632c4a524","type":"grammar","lang":["vi"],"label":"ja_vi","level":"N1","title":"～とて     =>Dù là~","usages":[{"synopsis":"  ～とて  ","explain":null,"mean":" ： D&ugrave; l&agrave;~ ","note":null,"examples":["93020c54469e582d6fdb16f7ba9c9106","93020c54469e582d6fdb16f7ba9c93bd","93020c54469e582d6fdb16f7ba9ca236","93020c54469e582d6fdb16f7ba9caa1a"]}]}},{"id":"93020c54469e582d6fdb16f7ba9cdcf0","key":"N1","value":{"_id":"93020c54469e582d6fdb16f7ba9cdcf0","_rev":"1-67d72ffeffcd5c82b1838b4a653de794","type":"grammar","lang":["vi"],"label":"ja_vi","level":"N1","title":"～とばかり（に）     =>Cứ như là, giống như là~","usages":[{"synopsis":"   ～とばかり（に）  ","explain":"  ☞ Kh&ocirc;ng thể đưa ra bằng lời nhưng sẽ lấy h&agrave;nh động, th&aacute;i độ để n&oacute;i l&ecirc;n~ ☞ Sử dụng cho trường hợp n&oacute;i l&ecirc;n t&igrave;nh trạng của người kh&aacute;c m&agrave; kh&ocirc;ng sử dụng cho chuyện của ch&iacute;nh người n&oacute;i. ","mean":" ： Cứ như l&agrave;, giống như l&agrave;~ ","note":null,"examples":["93020c54469e582d6fdb16f7ba9cc429","93020c54469e582d6fdb16f7ba9cd1ca","93020c54469e582d6fdb16f7ba9cd7eb"]}]}},{"id":"93020c54469e582d6fdb16f7ba9d043a","key":"N1","value":{"_id":"93020c54469e582d6fdb16f7ba9d043a","_rev":"1-8c12d1c4466491df11bd1d7bc44e27d7","type":"grammar","lang":["vi"],"label":"ja_vi","level":"N1","title":"～とみるや     =>Vừa…thì liền","usages":[{"synopsis":"  普通形 ＋ とみるや  ","explain":"  Với h&igrave;nh thức 「Aとみるや」thể hiện &yacute; nghĩa [nếu đ&aacute;nh gi&aacute; A th&igrave; liền B], h&agrave;nh động sau khi đ&aacute;nh gi&aacute; diễn ra nhanh ch&oacute;ng. ","mean":" ： Vừa&hellip;th&igrave; liền ","note":null,"examples":["93020c54469e582d6fdb16f7ba9ce645","93020c54469e582d6fdb16f7ba9cf5e5","93020c54469e582d6fdb16f7ba9cfc58","93020c54469e582d6fdb16f7ba9d01d9","93020c54469e582d6fdb16f7ba9d0322"]}]}},{"id":"93020c54469e582d6fdb16f7ba9d1b07","key":"N1","value":{"_id":"93020c54469e582d6fdb16f7ba9d1b07","_rev":"2-4548f5f73a89f431c503d7762447af8f","type":"grammar","lang":["vi"],"label":"ja_vi","level":"N1","title":"～ともあろうものが&nbsp;&nbsp;&nbsp;&nbsp;&nbsp;=&gt;Với cương vị...nhưng~","usages":[{"synopsis":"N(人・組織) ＋ ともあろうものが","explain":"D&ugrave;ng để nhấn mạnh ph&ecirc; ph&aacute;n, chỉ tr&iacute;ch, nghi vấn với biểu hiện t&igrave;nh trạng m&acirc;u thuẫn mặc d&ugrave; phải c&oacute; chuyện như thế l&agrave; đương nhi&ecirc;n nhưng thực tế th&igrave; ngược lại điều đ&oacute;.","mean":"Với cương vị...nhưng","note":"☞Giống với mẫu c&acirc;u「たるもの」hoặc 「～としたことが」 \r\n\r\n教師たる者、生徒のお手本にならなければならない。 \r\nきょうしたるもの、せいとのおてほんにならなければならない。 \r\nVới cương vị l&agrave; một gi&aacute;o vi&ecirc;n th&igrave; phải l&agrave;m gương cho học sinh. \r\n\r\n私としたことが、どうしてこんなミスをしたんだろう。 \r\nわたしとしたことが、どうしてこんなミスをしたんだろう。\r\n Một người như t&ocirc;i nhưng tại sao đ&atilde; mắc phải lỗi như thế n&agrave;y?","examples":["93020c54469e582d6fdb16f7ba9d08d0","93020c54469e582d6fdb16f7ba9d1544"]}]}},{"id":"93020c54469e582d6fdb16f7ba9d2ec9","key":"N1","value":{"_id":"93020c54469e582d6fdb16f7ba9d2ec9","_rev":"1-efa49c202dbf88cf9468774aaa0860d1","type":"grammar","lang":["vi"],"label":"ja_vi","level":"N1","title":"～とも～ともつかぬ／ともつかない     =>A hay B không rõ, A hay B không biết","usages":[{"synopsis":"  N1 ＋ とも ＋ N2 ＋ ともつかぬ  ","explain":"  Được sử dụng để diễn tả &yacute; nghĩa kh&ocirc;ng r&otilde; l&agrave; A hay B. ","mean":" ： A hay B kh&ocirc;ng r&otilde;, A hay B kh&ocirc;ng biết ","note":null,"examples":["93020c54469e582d6fdb16f7ba9d237f","93020c54469e582d6fdb16f7ba9d244b","93020c54469e582d6fdb16f7ba9d25f6"]}]}},{"id":"93020c54469e582d6fdb16f7ba9d3e34","key":"N1","value":{"_id":"93020c54469e582d6fdb16f7ba9d3e34","_rev":"1-a9059accd9974206dabb8ef2ed2d77e7","type":"grammar","lang":["vi"],"label":"ja_vi","level":"N1","title":"～ともなく／～ともなしに     =>Thật sự là không có ý, vô tình mà~","usages":[{"synopsis":"   Vる・疑問詞 ＋ ともなく／ともなしに  ","explain":null,"mean":" ： Thật sự l&agrave; kh&ocirc;ng c&oacute; &yacute;, v&ocirc; t&igrave;nh m&agrave;~ ","note":null,"examples":["93020c54469e582d6fdb16f7ba9d34a1","93020c54469e582d6fdb16f7ba9d388c","93020c54469e582d6fdb16f7ba9d38a3"]}]}}]}