{"status":200,"message":"","results":[{"id":"93020c54469e582d6fdb16f7ba9d6bcf","key":"N1","value":{"_id":"93020c54469e582d6fdb16f7ba9d6bcf","_rev":"1-de1ba61511e7997befa43bcedabd38a9","type":"grammar","lang":["vi"],"label":"ja_vi","level":"N1","title":"～ともなると/ともなれば     =>Nhất định~","usages":[{"synopsis":"  N ＋ ともなると  ","explain":"  Diễn tả &yacute; nhấn mạnh. ","mean":" ： Nhất định~ ","note":null,"examples":["93020c54469e582d6fdb16f7ba9d4bcf","93020c54469e582d6fdb16f7ba9d4dbb","93020c54469e582d6fdb16f7ba9d5c9b"]}]}},{"id":"93020c54469e582d6fdb16f7ba9d9b41","key":"N1","value":{"_id":"93020c54469e582d6fdb16f7ba9d9b41","_rev":"1-1489f5d3a27171767d8bce1c550b16e4","type":"grammar","lang":["vi"],"label":"ja_vi","level":"N1","title":"～ないまでも     =>Dù không phải nhưng~","usages":[{"synopsis":"  Vない ＋ ないまでも  ","explain":"  D&ugrave;ng khi n&oacute;i d&ugrave; chưa đạt đến mức độ A th&igrave; cũng đạt đến mức độ thấp hơn l&agrave; B. ","mean":" ： D&ugrave; kh&ocirc;ng phải nhưng~ ","note":null,"examples":["93020c54469e582d6fdb16f7ba9d7982","93020c54469e582d6fdb16f7ba9d879d","93020c54469e582d6fdb16f7ba9d8a57","93020c54469e582d6fdb16f7ba9d9745"]}]}},{"id":"93020c54469e582d6fdb16f7ba9dcde7","key":"N1","value":{"_id":"93020c54469e582d6fdb16f7ba9dcde7","_rev":"2-8125a84fb7fed8bc4e5281b69db71fb3","type":"grammar","lang":["vi"],"label":"ja_vi","level":"N1","title":"～ながら（も）&nbsp;&nbsp;&nbsp;&nbsp;&nbsp;=&gt;Ấy thế m&agrave;~, tuy nhi&ecirc;n~","usages":[{"synopsis":"Vます・Vない ・Aい・Aな・N＋ながら","explain":"Diễn tả sự đối lập, vế trước v&agrave; vế sau c&ugrave;ng một chủ ngữ.","mean":"Ấy thế m&agrave;~, tuy nhi&ecirc;n~","note":"C&aacute;ch d&ugrave;ng v&agrave; &yacute; nghĩa giống ながら","examples":["93020c54469e582d6fdb16f7ba9da45c","93020c54469e582d6fdb16f7ba9daf75","93020c54469e582d6fdb16f7ba9db7fc","93020c54469e582d6fdb16f7ba9dbad7","93020c54469e582d6fdb16f7ba9dc060"]}]}},{"id":"93020c54469e582d6fdb16f7ba9df1f4","key":"N1","value":{"_id":"93020c54469e582d6fdb16f7ba9df1f4","_rev":"1-d6146c7646fbcdb9cd3b6e5fff70a478","type":"grammar","lang":["vi"],"label":"ja_vi","level":"N1","title":"～などもってのほかだ     =>Không tha thứ được, nghiêm cấm, không được","usages":[{"synopsis":"  Vる・N ＋ などもってのほかだ  ","explain":null,"mean":" ： Kh&ocirc;ng tha thứ được, nghi&ecirc;m cấm, kh&ocirc;ng được ","note":null,"examples":["93020c54469e582d6fdb16f7ba9ddc23","93020c54469e582d6fdb16f7ba9de532","93020c54469e582d6fdb16f7ba9de5c5","93020c54469e582d6fdb16f7ba9de880"]}]}},{"id":"93020c54469e582d6fdb16f7ba9e3a7e","key":"N1","value":{"_id":"93020c54469e582d6fdb16f7ba9e3a7e","_rev":"1-c362e4812c7819100a2b2abd0a45c650","type":"grammar","lang":["vi"],"label":"ja_vi","level":"N1","title":"～なまじ～（ものだ）から     =>Chính vì…nên","usages":[{"synopsis":"  なまじ ＋ N(修飾形) ＋ ものだから  ","explain":"  Diễn tả v&igrave; c&oacute; l&yacute; do n&ecirc;n ngược lại l&agrave;m cho sự việc trở n&ecirc;n rắc rối, thể hiện t&acirc;m trạng của người n&oacute;i kh&ocirc;ng phải như thế n&agrave;y l&agrave; tốt&hellip; ","mean":" ： Ch&iacute;nh v&igrave;&hellip;n&ecirc;n ","note":null,"examples":["93020c54469e582d6fdb16f7ba9dfd81","93020c54469e582d6fdb16f7ba9e07a2","93020c54469e582d6fdb16f7ba9e1222","93020c54469e582d6fdb16f7ba9e1b01","93020c54469e582d6fdb16f7ba9e292d","93020c54469e582d6fdb16f7ba9e3512"]}]}},{"id":"93020c54469e582d6fdb16f7ba9e524e","key":"N1","value":{"_id":"93020c54469e582d6fdb16f7ba9e524e","_rev":"1-ee1983d1860922092623d18c3108f710","type":"grammar","lang":["vi"],"label":"ja_vi","level":"N1","title":"～なみ（～並み）     =>Giống như là~","usages":[{"synopsis":"  N ＋ 並み  ","explain":null,"mean":" ： Giống như l&agrave;~ ","note":null,"examples":["93020c54469e582d6fdb16f7ba9e3f92","93020c54469e582d6fdb16f7ba9e4eea"]}]}},{"id":"93020c54469e582d6fdb16f7ba9e7afc","key":"N1","value":{"_id":"93020c54469e582d6fdb16f7ba9e7afc","_rev":"1-6c30bfd645b533d08536e2c3ce1fb935","type":"grammar","lang":["vi"],"label":"ja_vi","level":"N1","title":"～ならいざしらず     =>Nếu là...thì được nhưng~","usages":[{"synopsis":"  N ＋ ならいざしらず  ","explain":null,"mean":" ： Nếu l&agrave;...th&igrave; được nhưng~ ","note":null,"examples":["93020c54469e582d6fdb16f7ba9e584f","93020c54469e582d6fdb16f7ba9e62d5","93020c54469e582d6fdb16f7ba9e6b1d"]}]}},{"id":"93020c54469e582d6fdb16f7ba9ea81a","key":"N1","value":{"_id":"93020c54469e582d6fdb16f7ba9ea81a","_rev":"1-01b787bcb1ef9dbc3ab033dd0e2653d5","type":"grammar","lang":["vi"],"label":"ja_vi","level":"N1","title":"～ならまだしも     =>Nếu…được rồi, đằng này~","usages":[{"synopsis":"  V・Aい「普通形」 ・Aな・N ＋ ならまだしも  ","explain":null,"mean":" ： Nếu&hellip;được rồi, đằng n&agrave;y~ ","note":null,"examples":["93020c54469e582d6fdb16f7ba9e8a08","93020c54469e582d6fdb16f7ba9e9010","93020c54469e582d6fdb16f7ba9e9b23","93020c54469e582d6fdb16f7ba9ea64c","93020c54469e582d6fdb16f7ba9ea691"]}]}},{"id":"93020c54469e582d6fdb16f7ba9edabb","key":"N1","value":{"_id":"93020c54469e582d6fdb16f7ba9edabb","_rev":"1-7abec4536e108770739a75fb8d8ca1ba","type":"grammar","lang":["vi"],"label":"ja_vi","level":"N1","title":"～なり～なり     =>Hoặc là~","usages":[{"synopsis":"  Vる ＋ なり  ","explain":"  Liệt k&ecirc; c&aacute;c trường hợp c&oacute; c&ugrave;ng nh&oacute;m &yacute; nghĩa, thể hiện phương &aacute;n, đề &aacute;n lựa chọn tr&aacute;nh chỉ định trước với &yacute; nghĩa [d&ugrave; l&agrave; c&aacute;i g&igrave; cũng được]. C&acirc;u văn biểu đạt &yacute; ch&iacute;, nguyện vọng của người n&oacute;i; nội dung bắt l&agrave;m g&igrave; đ&oacute;. ","mean":" ： Hoặc l&agrave;~ ","note":null,"examples":["93020c54469e582d6fdb16f7ba9eab66","93020c54469e582d6fdb16f7ba9eba7c","93020c54469e582d6fdb16f7ba9ec008","93020c54469e582d6fdb16f7ba9eccab","93020c54469e582d6fdb16f7ba9ed92b"]}]}},{"id":"93020c54469e582d6fdb16f7ba9efeda","key":"N1","value":{"_id":"93020c54469e582d6fdb16f7ba9efeda","_rev":"1-ad9dbf0ee28fb39053ae731e0f5109ba","type":"grammar","lang":["vi"],"label":"ja_vi","level":"N1","title":"～なりに／～なりの     =>Đứng ở lập trường, đối ứng với~","usages":[{"synopsis":"  N・N（修飾型） ＋ なりに  ","explain":"  Diễn tả &yacute; nghĩa kh&ocirc;ng đầy đủ nhưng trong phạm vi c&oacute; thể với mức độ n&agrave;o đ&oacute;. ","mean":" ： Đứng ở lập trường, đối ứng với~ ","note":null,"examples":["93020c54469e582d6fdb16f7ba9ee3e8","93020c54469e582d6fdb16f7ba9ef297","93020c54469e582d6fdb16f7ba9efcd7"]}]}},{"id":"93020c54469e582d6fdb16f7ba9f1f1b","key":"N1","value":{"_id":"93020c54469e582d6fdb16f7ba9f1f1b","_rev":"1-36a4ddbc295acb7b04254a4dfe029340","type":"grammar","lang":["vi"],"label":"ja_vi","level":"N1","title":"～にいたって（～に至って）     =>Cho đến khi~","usages":[{"synopsis":"  Vる ＋ に至って  ","explain":"  Diễn đạt t&igrave;nh trạng tiến triển cho đến khi &hellip; v&agrave; cuối c&ugrave;ng đ&atilde; trở th&agrave;nh t&igrave;nh trạng đ&oacute;. ","mean":" ： Cho đến khi~ ","note":null,"examples":["93020c54469e582d6fdb16f7ba9f00cb","93020c54469e582d6fdb16f7ba9f0531","93020c54469e582d6fdb16f7ba9f1345"]}]}},{"id":"93020c54469e582d6fdb16f7ba9f3a85","key":"N1","value":{"_id":"93020c54469e582d6fdb16f7ba9f3a85","_rev":"1-85d58b85220c3c0b01b4f82dc21c43cf","type":"grammar","lang":["vi"],"label":"ja_vi","level":"N1","title":"～にいわせれば     =>Theo ý kiến của~","usages":[{"synopsis":"  N ＋ にいわせれば  ","explain":"  Gắn với danh từ chỉ người, d&ugrave;ng để biểu hiện &yacute; nghĩa &ldquo;với &yacute; kiến của người đ&oacute;&rdquo; . &Yacute; kiến đ&oacute; d&ugrave;ng để n&oacute;i l&agrave; một điều đầy đủ để tin tưởng, đảm bảo. ","mean":" ： Theo &yacute; kiến của~ ","note":null,"examples":["93020c54469e582d6fdb16f7ba9f2932","93020c54469e582d6fdb16f7ba9f2e16","93020c54469e582d6fdb16f7ba9f39f7"]}]}},{"id":"93020c54469e582d6fdb16f7ba9f5bae","key":"N1","value":{"_id":"93020c54469e582d6fdb16f7ba9f5bae","_rev":"1-f5c446ac8a728330ac9e701a58b1d211","type":"grammar","lang":["vi"],"label":"ja_vi","level":"N1","title":"～にかぎったことではない（～に限ったことではない）     =>Không chỉ~","usages":[{"synopsis":"  N ＋ に限ったことではない  ","explain":"  D&ugrave;ng để nhấn mạnh hơn mẫu c&acirc;u「～に限らない」về cơ bản c&aacute;ch sử dụng giống với mẫu c&acirc;u n&agrave;y. Diễn tả &yacute; nghĩa to&agrave;n bộ kh&ocirc;ng phải như thế nhưng cũng c&oacute; những ngoại lệ. ","mean":" ： Kh&ocirc;ng chỉ~ ","note":null,"examples":["93020c54469e582d6fdb16f7ba9f458d","93020c54469e582d6fdb16f7ba9f483c","93020c54469e582d6fdb16f7ba9f51ba"]}]}},{"id":"93020c54469e582d6fdb16f7ba9f71f6","key":"N1","value":{"_id":"93020c54469e582d6fdb16f7ba9f71f6","_rev":"2-df9301b3c8ac950dcd13fe6be580f928","type":"grammar","lang":["vi"],"label":"ja_vi","level":"N1","title":"～にかこつけて&nbsp;&nbsp;&nbsp;&nbsp;&nbsp;=&gt;Lấy cớ l&agrave;~","usages":[{"synopsis":"N ＋ にかこつけて","explain":"D&ugrave;ng để nhận x&eacute;t rằng đ&oacute; kh&ocirc;ng phải l&agrave; nguy&ecirc;n nh&acirc;n, nhưng (anh ta) đ&atilde; viện cớ đ&oacute; (một c&aacute;ch v&ocirc; l&yacute;) để c&oacute; h&agrave;nh động kh&aacute;c.","mean":"： Lấy cớ l&agrave;~","note":"Trước にかこつけて l&agrave; danh từ, v&igrave; thế, t&iacute;nh từ い phải chuyển th&agrave;nh danh từ. \r\n\r\n彼女は体調の悪さにかこつけて１週間帰国して遊んでいる。 \r\nかのじょはたいちょうのわるさにかこつけて１しゅうかんきこくしてあそんでいる。 \r\nC&ocirc; ta viện cớ l&agrave; kh&ocirc;ng khỏe để về nước 1 tuần chơi \r\n\r\n給料の安さにかこつけて彼はあまり仕事を頑張らない。 \r\nきゅうりょうのやすさにかこつけてかれはあまりしごとをがんばらない。 \r\nLấy cớ l&agrave; lương thấp, anh ta kh&ocirc;ng cố gắng l&agrave;m việc.","examples":["93020c54469e582d6fdb16f7ba9f68ac"]}]}},{"id":"93020c54469e582d6fdb16f7ba9f99b6","key":"N1","value":{"_id":"93020c54469e582d6fdb16f7ba9f99b6","_rev":"1-725ce32a8e80380b8488d345e625af89","type":"grammar","lang":["vi"],"label":"ja_vi","level":"N1","title":"～にかたくない     =>Đơn giản có thể ~","usages":[{"synopsis":"  N・V ＋ 普通形 ＋ にかたくない ","explain":"  ～にかたくない: Rất dễ để~/đơn giản c&oacute; thể ~ D&ugrave;ng trong văn viết, đặc biệt ph&iacute;a trước hay xuất hiện想像(する) hoặc理解(する) (dễ tưởng tượng, dễ hiểu) ","mean":" ： Đơn giản c&oacute; thể ~ ","note":null,"examples":["93020c54469e582d6fdb16f7ba9f7bab","93020c54469e582d6fdb16f7ba9f8987","93020c54469e582d6fdb16f7ba9f8fd9"]}]}},{"id":"93020c54469e582d6fdb16f7ba9fc66b","key":"N1","value":{"_id":"93020c54469e582d6fdb16f7ba9fc66b","_rev":"1-649b9531f9845a08ca6ad5a225801d93","type":"grammar","lang":["vi"],"label":"ja_vi","level":"N1","title":"～こしたことはない     =>Không gì hơn~","usages":[{"synopsis":"  N・V・A ＋ 普通形 ＋ こしたことはない  ","explain":"  ☞Chỉ c&oacute; chọn lựa ~ l&agrave; nhất, kh&ocirc;ng c&ograve;n g&igrave; ưu t&uacute;/tốt hơn. ☞ Ph&iacute;a trước thường l&agrave; ~いいにこしたことはない: Kh&ocirc;ng c&oacute; g&igrave; tốt bằng ","mean":" ： Kh&ocirc;ng g&igrave; hơn~ ","note":null,"examples":["93020c54469e582d6fdb16f7ba9fbfa9","93020c54469e582d6fdb16f7ba9fc0b8"]}]}},{"id":"93020c54469e582d6fdb16f7ba9fe446","key":"N1","value":{"_id":"93020c54469e582d6fdb16f7ba9fe446","_rev":"1-81afbadb226188b7330e60f3e30f931d","type":"grammar","lang":["vi"],"label":"ja_vi","level":"N1","title":"～にしてはじめて     =>Kể từ lúc~","usages":[{"synopsis":"  N ＋ にしてはじめて  ","explain":"  Kể từ khi ~ mới c&oacute; được đều n&agrave;y (trước đ&oacute; chưa từng c&oacute;) ","mean":" ： Kể từ l&uacute;c~ ","note":null,"examples":["93020c54469e582d6fdb16f7ba9fd226","93020c54469e582d6fdb16f7ba9fd256","93020c54469e582d6fdb16f7ba9fd827","93020c54469e582d6fdb16f7ba9fe104"]}]}},{"id":"93020c54469e582d6fdb16f7baa001db","key":"N1","value":{"_id":"93020c54469e582d6fdb16f7baa001db","_rev":"1-bc221443d58eb6ef2cdee70e7746e150","type":"grammar","lang":["vi"],"label":"ja_vi","level":"N1","title":"～にしのびない     =>Không thể ~","usages":[{"synopsis":"  Vる・N ＋ にしのびない  ","explain":"  Kh&ocirc;ng thể chịu đựng được c&aacute;i việc ~ ","mean":" ： Kh&ocirc;ng thể ~ ","note":null,"examples":["93020c54469e582d6fdb16f7ba9fee69","93020c54469e582d6fdb16f7ba9ff5e9"]}]}},{"id":"93020c54469e582d6fdb16f7baa01745","key":"N1","value":{"_id":"93020c54469e582d6fdb16f7baa01745","_rev":"1-70e76ef8cf85a68a87d38d926e0550ca","type":"grammar","lang":["vi"],"label":"ja_vi","level":"N1","title":"～に即して（そくして）     =>Hợp với, tuân thủ đúng với","usages":[{"synopsis":"  N ＋ に即して  ","explain":"  ☞ に即して: Theo đ&uacute;ng với, Ph&ugrave; hợp với ~, tu&acirc;n thủ đ&uacute;ng như ~ ☞ Khi d&ugrave;ng với nghĩa l&agrave; theo một quy định, ti&ecirc;u chuẩn n&agrave;o đ&oacute; th&igrave; d&ugrave;ng chữ H&aacute;n &ldquo;則&rdquo; ","mean":" ： Hợp với, tu&acirc;n thủ đ&uacute;ng với ","note":null,"examples":["93020c54469e582d6fdb16f7baa008c6","93020c54469e582d6fdb16f7baa00f20"]}]}},{"id":"93020c54469e582d6fdb16f7baa032d3","key":"N1","value":{"_id":"93020c54469e582d6fdb16f7baa032d3","_rev":"1-32daca630cc96e26ca8f0ae5c3e824ec","type":"grammar","lang":["vi"],"label":"ja_vi","level":"N1","title":"～にたえない     =>Không thể ~ nổi","usages":[{"synopsis":"  Vる・N ＋ にたえない  ","explain":"  ☞Kh&ocirc;ng chấp nhận được, kh&ocirc;ng đ&aacute;ng để ~, kh&ocirc;ng c&oacute; gi&aacute; trị để ~ ☞Đồng nghĩa với ～に足らない. D&ugrave;ng khi muốn diễn tả việc g&igrave; đ&oacute; qu&aacute; tệ đến mức kh&ocirc;ng thể chấp nhận được. ","mean":" ： Kh&ocirc;ng thể ~ nổi ","note":null,"examples":["93020c54469e582d6fdb16f7baa0189e","93020c54469e582d6fdb16f7baa02505"]}]}},{"id":"93020c54469e582d6fdb16f7baa05f35","key":"N1","value":{"_id":"93020c54469e582d6fdb16f7baa05f35","_rev":"1-9da3629777473bff28fef22475ed9e6e","type":"grammar","lang":["vi"],"label":"ja_vi","level":"N1","title":"～にたえる     =>Chịu đựng~","usages":[{"synopsis":"  Vる・N ＋ にたえる  ","explain":"  ☞Diễn tả việc chịu đựng sự đau khổ, ch&aacute;n gh&eacute;t&hellip; ☞ C&ograve;n được d&ugrave;ng với nghĩa: Bất chấp, kh&ocirc;ng bị ảnh hưởng bởi những t&aacute;c động khắc nghiệt, mạnh mẽ từ b&ecirc;n ngo&agrave;i. ","mean":" ： Chịu đựng~ ","note":null,"examples":["93020c54469e582d6fdb16f7baa04018","93020c54469e582d6fdb16f7baa04ad1","93020c54469e582d6fdb16f7baa05302"]}]}},{"id":"93020c54469e582d6fdb16f7baa066c1","key":"N1","value":{"_id":"93020c54469e582d6fdb16f7baa066c1","_rev":"1-efc317a48c761a472ed351e9a7acf5ab","type":"grammar","lang":["vi"],"label":"ja_vi","level":"N1","title":"～に足る（たる）     =>Đáng để~","usages":[{"synopsis":"  Vる・N ＋ に足る  ","explain":"  ～に足る: C&oacute; đầy đủ gi&aacute; trị ~, thỏa m&atilde;n ","mean":" ： Đ&aacute;ng để~ ","note":null,"examples":["93020c54469e582d6fdb16f7baa0644b"]}]}},{"id":"93020c54469e582d6fdb16f7baa07a6b","key":"N1","value":{"_id":"93020c54469e582d6fdb16f7baa07a6b","_rev":"1-5fd8304fa99273ad4cb1e7b559e5b79c","type":"grammar","lang":["vi"],"label":"ja_vi","level":"N1","title":"～にてらして（に照らして）     =>So với, dựa theo~","usages":[{"synopsis":"  N ＋ に照らして  ","explain":null,"mean":" ： So với, dựa theo~ ","note":null,"examples":["93020c54469e582d6fdb16f7baa069b5","93020c54469e582d6fdb16f7baa069f9","93020c54469e582d6fdb16f7baa07081"]}]}},{"id":"93020c54469e582d6fdb16f7baa0af62","key":"N1","value":{"_id":"93020c54469e582d6fdb16f7baa0af62","_rev":"1-87cdd1af572f1e4692ca335e3331381b","type":"grammar","lang":["vi"],"label":"ja_vi","level":"N1","title":"～によらず     =>Bất kể là~","usages":[{"synopsis":"  N・疑問詞を含む句 ＋ によらず  ","explain":"  H&igrave;nh thức sử dụng mẫu c&acirc;u đ&oacute; l&agrave; danh từ hoặc c&acirc;u bao gồm trợ từ nghi vấn. Khi gắn với danh từ hoặc c&acirc;u danh từ kh&ocirc;ng c&oacute; trợ từ nghi vấn th&igrave; sẽ thể hiện &yacute; nghĩa l&agrave; kh&ocirc;ng phụ thuộc v&agrave;o c&aacute;ch thức&hellip; hoặc kh&ocirc;ng phải l&agrave; phương ph&aacute;p của&hellip; Trường hợp gắn với danh từ k&egrave;m theo trợ từ nghi vấn いつ／だれ／どこ／どのsẽ mang &yacute; nghĩa kh&ocirc;ng li&ecirc;n quan đến&hellip;m&agrave; to&agrave;n bộ l&agrave;&hellip; ","mean":" ： Bất kể l&agrave;~ ","note":null,"examples":["93020c54469e582d6fdb16f7baa08365","93020c54469e582d6fdb16f7baa09299","93020c54469e582d6fdb16f7baa09c3f","93020c54469e582d6fdb16f7baa0a863","93020c54469e582d6fdb16f7baa0af5c"]}]}},{"id":"93020c54469e582d6fdb16f7baa0cc9a","key":"N1","value":{"_id":"93020c54469e582d6fdb16f7baa0cc9a","_rev":"1-7ccfd16b6e63a5e4239d72cd29f340ba","type":"grammar","lang":["vi"],"label":"ja_vi","level":"N1","title":"～ぬまに（～ぬ間に）     =>Mà không biết~","usages":[{"synopsis":"  Vない&rarr;ね ＋ 間に  ","explain":null,"mean":" ： M&agrave; kh&ocirc;ng biết~ ","note":null,"examples":["93020c54469e582d6fdb16f7baa0b9f5","93020c54469e582d6fdb16f7baa0c9cf"]}]}},{"id":"93020c54469e582d6fdb16f7baa0e931","key":"N1","value":{"_id":"93020c54469e582d6fdb16f7baa0e931","_rev":"1-7b26fdc3436f675fa9a211beeeaa181b","type":"grammar","lang":["vi"],"label":"ja_vi","level":"N1","title":"～ねば／ねばならない     =>Phải làm~","usages":[{"synopsis":"  V ＋ ねば／ねばならない  ","explain":null,"mean":" ： Phải l&agrave;m~ ","note":null,"examples":["93020c54469e582d6fdb16f7baa0d2f4","93020c54469e582d6fdb16f7baa0d579","93020c54469e582d6fdb16f7baa0e3bd"]}]}},{"id":"93020c54469e582d6fdb16f7baa10193","key":"N1","value":{"_id":"93020c54469e582d6fdb16f7baa10193","_rev":"1-3160429d72def7f52f40705d504d7e6c","type":"grammar","lang":["vi"],"label":"ja_vi","level":"N1","title":"～のみならず     =>Hơn nữa, và còn thêm~","usages":[{"synopsis":"  ～のみならず  ","explain":"  D&ugrave;ng để diễn tả &yacute; nghĩa khi nhận được vấn đề được tr&igrave;nh b&agrave;y trước đ&oacute;, kh&ocirc;ng phải chỉ như thế th&ocirc;i m&agrave;&hellip; gợi &yacute; th&ecirc;m ngo&agrave;i ra cũng c&ograve;n c&oacute; chuyện tương tự xảy ra. ","mean":" ： Hơn nữa, v&agrave; c&ograve;n th&ecirc;m~ ","note":null,"examples":["93020c54469e582d6fdb16f7baa0f032","93020c54469e582d6fdb16f7baa0fdf5"]}]}},{"id":"93020c54469e582d6fdb16f7baa1293f","key":"N1","value":{"_id":"93020c54469e582d6fdb16f7baa1293f","_rev":"1-e9622204bb008cfe008d63b6ce41d100","type":"grammar","lang":["vi"],"label":"ja_vi","level":"N1","title":"～はいわずもがなだ     =>Không nên nói~","usages":[{"synopsis":"  N ＋ はいわずもがなだ、まで(も)～  ","explain":"  Được d&ugrave;ng với biểu hiện th&ocirc;ng thường với nghĩa kh&ocirc;ng n&ecirc;n n&oacute;i hoặc kh&ocirc;ng n&oacute;i cũng sẽ biết. ","mean":" ： Kh&ocirc;ng n&ecirc;n n&oacute;i~ ","note":null,"examples":["93020c54469e582d6fdb16f7baa10e01","93020c54469e582d6fdb16f7baa11206","93020c54469e582d6fdb16f7baa1182e","93020c54469e582d6fdb16f7baa121cf"]}]}},{"id":"93020c54469e582d6fdb16f7baa15006","key":"N1","value":{"_id":"93020c54469e582d6fdb16f7baa15006","_rev":"1-94af6f34e98f5d5b80f2757774401662","type":"grammar","lang":["vi"],"label":"ja_vi","level":"N1","title":"～ばこそ     =>Chính vì~","usages":[{"synopsis":"  Vば  Aイ &rarr;ければ  Aナ・N &rarr;であれば  ＋ こそ ","explain":"  ☞Đ&acirc;y l&agrave; c&aacute;ch n&oacute;i hơi cổ dung để nhấn mạnh l&yacute; do với &yacute; nghĩa v&igrave; l&yacute; do đ&oacute; n&ecirc;n kh&ocirc;ng c&ograve;n c&aacute;ch n&agrave;o kh&aacute;c. ☞ Thường cuối c&acirc;u c&oacute; xuất hiện cụm từ のだ ","mean":" ： Ch&iacute;nh v&igrave;~ ","note":null,"examples":["93020c54469e582d6fdb16f7baa130b5","93020c54469e582d6fdb16f7baa1365e","93020c54469e582d6fdb16f7baa137ce","93020c54469e582d6fdb16f7baa13f82","93020c54469e582d6fdb16f7baa14138"]}]}},{"id":"93020c54469e582d6fdb16f7baa17322","key":"N1","value":{"_id":"93020c54469e582d6fdb16f7baa17322","_rev":"1-1f0a688cd000094ded15164acd9f7fe3","type":"grammar","lang":["vi"],"label":"ja_vi","level":"N1","title":"～はさておき     =>Tạm thời không nghĩ đến～","usages":[{"synopsis":"  N・連体修飾型 ＋ はさておき ","explain":"  Tạm thời kh&ocirc;ng nghĩ đến, gạt vấn đề ～sang một b&ecirc;n. Diễn tả chuyện quan trọng n&ecirc;n l&agrave;m trước hết, tạm thời g&aacute;c những chuyện kh&aacute;c qua một b&ecirc;n. ","mean":" ： Tạm thời kh&ocirc;ng nghĩ đến～ ","note":null,"examples":["93020c54469e582d6fdb16f7baa15ff2","93020c54469e582d6fdb16f7baa1683e"]}]}}]}