{"status":200,"message":"","results":[{"id":"93020c54469e582d6fdb16f7baa1b283","key":"N1","value":{"_id":"93020c54469e582d6fdb16f7baa1b283","_rev":"1-7ef7f308387f1a81578ad013723f61ea","type":"grammar","lang":["vi"],"label":"ja_vi","level":"N1","title":"～ばそれまでだ     =>Chỉ còn cách～","usages":[{"synopsis":"  Vる ＋ ばそれまでだ  ","explain":"  ☞ Kh&ocirc;ng c&oacute; c&aacute;ch th&iacute;ch hợp n&agrave;o kh&aacute;c, phải l&agrave;m như thế. Đ&agrave;nh phải～ ☞Thể hiện quyết t&acirc;m của người n&oacute;i. ☞ Nếu～xảy ra, tất cả trở n&ecirc;n v&ocirc; nghĩa. ","mean":" ： Chỉ c&ograve;n c&aacute;ch～ ","note":null,"examples":["93020c54469e582d6fdb16f7baa17961","93020c54469e582d6fdb16f7baa18123","93020c54469e582d6fdb16f7baa188f8","93020c54469e582d6fdb16f7baa1921f","93020c54469e582d6fdb16f7baa19b10","93020c54469e582d6fdb16f7baa1a96f"]}]}},{"id":"93020c54469e582d6fdb16f7baa1eb76","key":"N1","value":{"_id":"93020c54469e582d6fdb16f7baa1eb76","_rev":"1-9dac28a059930b67f90d77d058bfe23a","type":"grammar","lang":["vi"],"label":"ja_vi","level":"N1","title":"～はどう（で）あれ     =>Bất kể cái gì, sao cũng được, dù cách gì","usages":[{"synopsis":"  ～はどう（で）あれ  ","explain":null,"mean":" ： Bất kể c&aacute;i g&igrave;, sao cũng được, d&ugrave; c&aacute;ch g&igrave; ","note":null,"examples":["93020c54469e582d6fdb16f7baa1b535","93020c54469e582d6fdb16f7baa1c320","93020c54469e582d6fdb16f7baa1d307","93020c54469e582d6fdb16f7baa1df21"]}]}},{"id":"93020c54469e582d6fdb16f7baa2250b","key":"N1","value":{"_id":"93020c54469e582d6fdb16f7baa2250b","_rev":"1-91eef229a2cb9b5aed624d716819495a","type":"grammar","lang":["vi"],"label":"ja_vi","level":"N1","title":"～はめになる（～羽目になる）    =>Nên đành phải, nên rốt cuộc~","usages":[{"synopsis":"  Vる・Vない ＋ 羽目になる  ","explain":"  Mang &yacute; nghĩa trở n&ecirc;n, trở th&agrave;nh t&igrave;nh trạng xấu, biểu hiện sự việc m&agrave; kết quả trở n&ecirc;n kh&oacute; khăn ngo&agrave;i dự đo&aacute;n do nguy&ecirc;n nh&acirc;n n&agrave;o đ&oacute;. ","mean":" ： N&ecirc;n đ&agrave;nh phải, n&ecirc;n rốt cuộc~ ","note":null,"examples":["93020c54469e582d6fdb16f7baa1ed37","93020c54469e582d6fdb16f7baa1f959","93020c54469e582d6fdb16f7baa1ff16","93020c54469e582d6fdb16f7baa20124","93020c54469e582d6fdb16f7baa20a25","93020c54469e582d6fdb16f7baa214e4","93020c54469e582d6fdb16f7baa21dda"]}]}},{"id":"93020c54469e582d6fdb16f7baa26967","key":"N1","value":{"_id":"93020c54469e582d6fdb16f7baa26967","_rev":"1-a4d08b26d5291c17b994a6ac7bc54b6e","type":"grammar","lang":["vi"],"label":"ja_vi","level":"N1","title":"～ひょうしに（～拍子に）     =>Vừa…thì","usages":[{"synopsis":"  Vた・Nの ＋ 拍子に  ","explain":"  Diễn đạt với h&igrave;nh thức「A拍子にB」với &yacute; nghĩa [c&ugrave;ng l&uacute;c với A nhưng chẳng ngờ trở th&agrave;nh B], trong đ&oacute; B diễn tả sự việc xảy ra ngo&agrave;i dự b&aacute;o. ","mean":" ： Vừa&hellip;th&igrave; ","note":null,"examples":["93020c54469e582d6fdb16f7baa233c2","93020c54469e582d6fdb16f7baa23588","93020c54469e582d6fdb16f7baa24115","93020c54469e582d6fdb16f7baa246ed","93020c54469e582d6fdb16f7baa25550","93020c54469e582d6fdb16f7baa26412"]}]}},{"id":"93020c54469e582d6fdb16f7baa2a1e1","key":"N1","value":{"_id":"93020c54469e582d6fdb16f7baa2a1e1","_rev":"1-262764c31e070cd0b03e68a99788fe3c","type":"grammar","lang":["vi"],"label":"ja_vi","level":"N1","title":"～ぶんには（～分には）     =>Nếu chỉ…thì","usages":[{"synopsis":"  Vる ＋ 分には  ","explain":"  Mang &yacute; nghĩa 「その限りでは」(trong chừng mực đ&oacute; th&igrave;), nếu chỉ trong phạm vi th&igrave;. ","mean":" ： Nếu chỉ&hellip;th&igrave; ","note":null,"examples":["93020c54469e582d6fdb16f7baa27047","93020c54469e582d6fdb16f7baa27c4e","93020c54469e582d6fdb16f7baa28783","93020c54469e582d6fdb16f7baa29378","93020c54469e582d6fdb16f7baa299b9"]}]}},{"id":"93020c54469e582d6fdb16f7baa2d643","key":"N1","value":{"_id":"93020c54469e582d6fdb16f7baa2d643","_rev":"1-c4d7d342ceca4ea2b0514f1ecce390df","type":"grammar","lang":["vi"],"label":"ja_vi","level":"N1","title":"～べからず／べからざる     =>Không thể, không được","usages":[{"synopsis":"  Vる ＋ べからず／べからざる  ","explain":"  Một h&agrave;nh v&igrave; hoặc một t&igrave;nh trạng chắc chắn kh&ocirc;ng thể xảy ra, hoặc kh&ocirc;ng được ph&eacute;p xảy ra. ","mean":" ： Kh&ocirc;ng thể, kh&ocirc;ng được ","note":null,"examples":["93020c54469e582d6fdb16f7baa2b09e","93020c54469e582d6fdb16f7baa2b717","93020c54469e582d6fdb16f7baa2c037","93020c54469e582d6fdb16f7baa2c521","93020c54469e582d6fdb16f7baa2c7d0"]}]}},{"id":"93020c54469e582d6fdb16f7baa2e4a1","key":"N1","value":{"_id":"93020c54469e582d6fdb16f7baa2e4a1","_rev":"2-233820d60e2257b7b77d19218c2bab44","type":"grammar","lang":["vi"],"label":"ja_vi","level":"N1","title":"～べく&nbsp;&nbsp;&nbsp;&nbsp;&nbsp;=&gt;L&agrave;m...để...","usages":[{"synopsis":"Vる ＋ べく","explain":"C&oacute; &yacute; nghĩa「&hellip;をするために」(để c&oacute; thể l&agrave;m được)","mean":"L&agrave;m...để...","note":"☞C&aacute;ch n&oacute;i trang trọng, sử dụng trong văn viết.\r\n☞Động từ 「する」c&oacute; 2 h&igrave;nh thức「するべく」「すべく」\r\n\r\n速やかに解決すべく努力いたします。 \r\nすみやかにかいけつすべくどりょくいたします。 \r\nT&ocirc;i sẽ cố gắng để giải quyết nhanh.","examples":["93020c54469e582d6fdb16f7baa2e404"]}]}},{"id":"93020c54469e582d6fdb16f7baa2f375","key":"N1","value":{"_id":"93020c54469e582d6fdb16f7baa2f375","_rev":"1-3cc6b260b4becc0751dbca5176e3f450","type":"grammar","lang":["vi"],"label":"ja_vi","level":"N1","title":"～べくもない     =>Làm sao có thể, không thể","usages":[{"synopsis":"  Vる ＋ べくもない  ","explain":"  C&oacute; nghĩa l&agrave;「&hellip;することは、とてもできない」(việc&hellip;l&agrave; kh&ocirc;ng thể l&agrave;m được) ","mean":" ： L&agrave;m sao c&oacute; thể, kh&ocirc;ng thể ","note":" ： L&agrave; c&aacute;ch n&oacute;i trang trọng, c&oacute; t&iacute;nh văn cổ, ng&agrave;y nay kh&ocirc;ng được sử dụng nhiều lắm. ","examples":["93020c54469e582d6fdb16f7baa2ed2b"]}]}},{"id":"93020c54469e582d6fdb16f7baa2fd91","key":"N1","value":{"_id":"93020c54469e582d6fdb16f7baa2fd91","_rev":"1-ccb6888e5303cf3ca90228d8fe5c8bd3","type":"grammar","lang":["vi"],"label":"ja_vi","level":"N1","title":"～まじき     =>Không được phép~","usages":[{"synopsis":"  Vる ＋ まじき ＋ N  ","explain":"  ☞D&ugrave;ng sau một danh từ chỉ nghề nghiệp hoặc cương vị, để biểu thị &yacute; nghĩa: &ldquo;Đ&atilde; ở v&agrave;o cương vị ấy, hoặc đ&atilde; l&agrave;m nghề ấy, th&igrave; kh&ocirc;ng được ph&eacute;p&hellip;&rdquo;. Theo sau l&agrave; một danh từ chỉ sự việc, h&agrave;nh vi, ph&aacute;t ng&ocirc;n, th&aacute;i độ. ☞D&ugrave;ng để ph&ecirc; ph&aacute;n một người n&agrave;o đ&oacute; đ&atilde; c&oacute; một việc l&agrave;m, một h&agrave;nh vi, hoặc một th&aacute;i độ kh&ocirc;ng th&iacute;ch hợp với tư c&aacute;ch, cương vị, hoặc lập trường của m&igrave;nh. ","mean":" ： Kh&ocirc;ng được ph&eacute;p~ ","note":" ： Lối n&oacute;i trang trọng d&ugrave;ng cho văn viết. ","examples":["93020c54469e582d6fdb16f7baa2f9b9"]}]}},{"id":"93020c54469e582d6fdb16f7baa31929","key":"N1","value":{"_id":"93020c54469e582d6fdb16f7baa31929","_rev":"1-dd6d1069b8ed5ef51aa10ce98c19540e","type":"grammar","lang":["vi"],"label":"ja_vi","level":"N1","title":"～までもない     =>Không cần ~","usages":[{"synopsis":"  Vる ＋ までもない  ","explain":"  Chưa tới mức phải, kh&ocirc;ng cần phải~ ","mean":" ： Kh&ocirc;ng cần ~ ","note":null,"examples":["93020c54469e582d6fdb16f7baa2ffbc","93020c54469e582d6fdb16f7baa3088e","93020c54469e582d6fdb16f7baa3177f"]}]}},{"id":"93020c54469e582d6fdb16f7baa342f1","key":"N1","value":{"_id":"93020c54469e582d6fdb16f7baa342f1","_rev":"1-6188617f99c08acca0c9f4f04f58c443","type":"grammar","lang":["vi"],"label":"ja_vi","level":"N1","title":"～まみれ     =>Mình đầy ~","usages":[{"synopsis":"  N ＋ まみれ～  ","explain":"  Diễn tả sự dơ bẩn b&aacute;m đầy bề mặt. ","mean":" ： M&igrave;nh đầy ~ ","note":null,"examples":["93020c54469e582d6fdb16f7baa31e85","93020c54469e582d6fdb16f7baa329fa","93020c54469e582d6fdb16f7baa33152","93020c54469e582d6fdb16f7baa333f9"]}]}},{"id":"93020c54469e582d6fdb16f7baa36633","key":"N1","value":{"_id":"93020c54469e582d6fdb16f7baa36633","_rev":"1-91b19cee0c865a531c9a0e4f5870d4a7","type":"grammar","lang":["vi"],"label":"ja_vi","level":"N1","title":"～むきがある（～向きがある）     =>Có khuynh hướng ~","usages":[{"synopsis":"  Vる・Vない・Nの ＋ むきがある  ","explain":"  Diễn tả khuynh hướng, th&oacute;i quen, t&iacute;nh chất. ","mean":" ： C&oacute; khuynh hướng ~ ","note":null,"examples":["93020c54469e582d6fdb16f7baa34326","93020c54469e582d6fdb16f7baa35191","93020c54469e582d6fdb16f7baa35863","93020c54469e582d6fdb16f7baa36364"]}]}},{"id":"93020c54469e582d6fdb16f7baa399b1","key":"N1","value":{"_id":"93020c54469e582d6fdb16f7baa399b1","_rev":"1-3cce37fdea99318ee7b5f3563bcf25a0","type":"grammar","lang":["vi"],"label":"ja_vi","level":"N1","title":"～もさることながら     =>Đã đành ~, không những ~ mà cả~","usages":[{"synopsis":"  N ＋ もさることながら  ","explain":"  Diễn tả &yacute; &ldquo;A th&igrave; hẳn nhi&ecirc;n rồi, kh&ocirc;ng chỉ thế B~&rdquo;. Thường sửdụng cho những việc được đ&aacute;nh gi&aacute; tốt. ","mean":" ： Đ&atilde; đ&agrave;nh ~, kh&ocirc;ng những ~ m&agrave; cả~ ","note":null,"examples":["93020c54469e582d6fdb16f7baa3753c","93020c54469e582d6fdb16f7baa37d74","93020c54469e582d6fdb16f7baa384df","93020c54469e582d6fdb16f7baa390de"]}]}},{"id":"93020c54469e582d6fdb16f7baa3e2b1","key":"N1","value":{"_id":"93020c54469e582d6fdb16f7baa3e2b1","_rev":"1-360f5e0835be734e52dbc540b87e0e28","type":"grammar","lang":["vi"],"label":"ja_vi","level":"N1","title":"～もそこそこに     =>Làm ~vội","usages":[{"synopsis":"  N・Vの ＋ もそこそこに ","explain":"  Diễn tả việc l&agrave;m qua loa, đại kh&aacute;i v&igrave; kh&ocirc;ng đủ thời gian. ","mean":" ： L&agrave;m ~vội ","note":null,"examples":["93020c54469e582d6fdb16f7baa3a2b0","93020c54469e582d6fdb16f7baa3aff8","93020c54469e582d6fdb16f7baa3bbea","93020c54469e582d6fdb16f7baa3c3a6","93020c54469e582d6fdb16f7baa3c748","93020c54469e582d6fdb16f7baa3ce44","93020c54469e582d6fdb16f7baa3d376"]}]}},{"id":"93020c54469e582d6fdb16f7baa413ae","key":"N1","value":{"_id":"93020c54469e582d6fdb16f7baa413ae","_rev":"1-93ed7105fff84aa24ada1048b3c7117b","type":"grammar","lang":["vi"],"label":"ja_vi","level":"N1","title":"～もどうぜんだ（～も同然だ）     =>Gần như là ~","usages":[{"synopsis":"  N ＋ も同然だ  ","explain":"  Nghĩa l&agrave; d&ugrave; sự thật kh&ocirc;ng phải,nhưng trạng th&aacute;i gần như thế.Mang t&iacute;nh diễn cảm, chủ quan. ","mean":" ： Gần như l&agrave; ~ ","note":null,"examples":["93020c54469e582d6fdb16f7baa3f28a","93020c54469e582d6fdb16f7baa3f914","93020c54469e582d6fdb16f7baa3fa7d","93020c54469e582d6fdb16f7baa407e5"]}]}},{"id":"93020c54469e582d6fdb16f7baa44023","key":"N1","value":{"_id":"93020c54469e582d6fdb16f7baa44023","_rev":"1-927ef97bb252be7332f0418a9a847a7c","type":"grammar","lang":["vi"],"label":"ja_vi","level":"N1","title":"～もなにも（～も何も）     =>Và mọi thứ","usages":[{"synopsis":"  普通形 ＋ も何も  ","explain":"  ☞Biểu thị một sự việc v&agrave; những thứ đồng loại với n&oacute;. ☞D&ugrave;ng để phủ nhận mạnh hoặc nhấn mạnh rằng c&ograve;n hơn cả điều đối phương nghĩ. ","mean":" ： V&agrave; mọi thứ ","note":null,"examples":["93020c54469e582d6fdb16f7baa421b1","93020c54469e582d6fdb16f7baa427dc","93020c54469e582d6fdb16f7baa42913","93020c54469e582d6fdb16f7baa430d8"]}]}},{"id":"93020c54469e582d6fdb16f7baa45b50","key":"N1","value":{"_id":"93020c54469e582d6fdb16f7baa45b50","_rev":"1-5ab1f9a5fd7f6fed8cf4c000a5311468","type":"grammar","lang":["vi"],"label":"ja_vi","level":"N1","title":"～ものやら     =>~Vậy nhỉ, ~ Không biết","usages":[{"synopsis":"  普通形[Nな] ＋ ものやら  ","explain":"  Diễn đạt sự việc m&agrave; bản th&acirc;n người n&oacute;i kh&ocirc;ng biết r&otilde;. ","mean":" ： ~Vậy nhỉ, ~ Kh&ocirc;ng biết ","note":null,"examples":["93020c54469e582d6fdb16f7baa44372","93020c54469e582d6fdb16f7baa44ffb","93020c54469e582d6fdb16f7baa450c1"]}]}},{"id":"93020c54469e582d6fdb16f7baa47f6c","key":"N1","value":{"_id":"93020c54469e582d6fdb16f7baa47f6c","_rev":"1-f9be8ad3f2de75dd3ca3420907f3a46a","type":"grammar","lang":["vi"],"label":"ja_vi","level":"N1","title":"～ものを     =>Vậy mà ~","usages":[{"synopsis":"  普通形[Nな] ＋ ものを  ","explain":"  Diễn tả t&acirc;m trạng bất m&atilde;n, ngạc nhi&ecirc;n với những kết quả ph&aacute;t sinh kh&ocirc;ng như mong đợi. ","mean":" ： Vậy m&agrave; ~ ","note":null,"examples":["93020c54469e582d6fdb16f7baa46047","93020c54469e582d6fdb16f7baa46b43","93020c54469e582d6fdb16f7baa470d1"]}]}},{"id":"93020c54469e582d6fdb16f7baa4863f","key":"N1","value":{"_id":"93020c54469e582d6fdb16f7baa4863f","_rev":"1-2bed9161adb2ffe693b7b9ad0bb15741","type":"grammar","lang":["vi"],"label":"ja_vi","level":"N1","title":"～もようだ（～模様だ）     =>Có vẻ ~","usages":[{"synopsis":"  普通形 ＋ 模様だ  ","explain":"  N&ecirc;u l&ecirc;n &yacute; rằng &ldquo;c&oacute; khả năng, c&oacute; lẽ&rdquo;. Hay d&ugrave;ng để b&aacute;o c&aacute;o tin tức. ","mean":" ： C&oacute; vẻ ~ ","note":null,"examples":["93020c54469e582d6fdb16f7baa48243","93020c54469e582d6fdb16f7baa4826b","93020c54469e582d6fdb16f7baa4856b"]}]}},{"id":"93020c54469e582d6fdb16f7baa4be7c","key":"N1","value":{"_id":"93020c54469e582d6fdb16f7baa4be7c","_rev":"1-2364f48976d8f6edcdada3677b164c9e","type":"grammar","lang":["vi"],"label":"ja_vi","level":"N1","title":"～やいなや／～や（～や否や／～や）     =>Vừa~ngay lập tức~","usages":[{"synopsis":"  Vる ＋ や否や／や  ","explain":"  D&ugrave;ng chỉ t&igrave;nh trạng h&agrave;nh động n&agrave;o đ&oacute; xảy ra ngay lập tức hoặc chỉ xảy ra trong một thời gian ngắn tiếp sau một h&agrave;nh động. ","mean":" ： Vừa~ngay lập tức~ ","note":null,"examples":["93020c54469e582d6fdb16f7baa48ca7","93020c54469e582d6fdb16f7baa49839","93020c54469e582d6fdb16f7baa4a453","93020c54469e582d6fdb16f7baa4a70a","93020c54469e582d6fdb16f7baa4b63f"]}]}},{"id":"93020c54469e582d6fdb16f7baa4e8b5","key":"N1","value":{"_id":"93020c54469e582d6fdb16f7baa4e8b5","_rev":"1-c598dce53937ef269b9e283390c9e21d","type":"grammar","lang":["vi"],"label":"ja_vi","level":"N1","title":"～ゆえに     =>Là lý do, nguyên nhân~, Vì ~","usages":[{"synopsis":"  N ＋ のゆえに  ","explain":"  N&ecirc;u l&yacute; do hay nguy&ecirc;n nh&acirc;n của vấn đề/ t&igrave;nh trạng dẫn đến kết quả sau đ&oacute;... ","mean":" ： L&agrave; l&yacute; do, nguy&ecirc;n nh&acirc;n~, V&igrave; ~ ","note":" ： ☞Ngo&agrave;i h&igrave;nh thức 「Nのゆえに」ta c&ograve;n bắt gặp 3 h&igrave;nh thức thường gặp kh&aacute;c của 「ゆえ」 ☞&diams;「ゆえ」đứng một m&igrave;nh, chỉ l&yacute; do, thường l&agrave; 「ゆえあって」,「ゆえなく」,「ゆえなりげ」 ゆえあって故郷を捨て、このの地に参りました。 ゆえあってこきょうをすて、このごっかんのちにまいりました。 C&oacute; l&yacute; do n&ecirc;n t&ocirc;i đ&atilde; rời bỏ qu&ecirc; hương, đến sống ở v&ugrave;ng lạnh lẽo n&agrave;y. 若い女がゆえありげな様子で門の側にたたずんでいた。わかいおんながゆえありげなようすでもんのそばにたたずんでいた。 C&ocirc; g&aacute;i trẻ đ&atilde; đứng quanh quẩn b&ecirc;n c&aacute;nh cổng trong bộ dạng c&oacute; l&yacute; do g&igrave; đ&oacute;. ☞ &diams;「N/普通形がゆえ（に/の）」：~ trở th&agrave;nh l&yacute; do, nguy&ecirc;n nh&acirc;n cho~, với l&yacute; do l&agrave; 結果にこだわりすぎるがゆえに、小さなことに心を奪われることになる。けっかにこだわりすぎるがゆえに、ちいさなことにこころをうばわれることになる。 V&igrave; qu&aacute; xem trọng kết quả, n&ecirc;n đ&atilde; bị cuốn h&uacute;t v&agrave;o những điều nhỏ nhặt. 若さ（が）ゆえの過ちもあるんだ。わかさ（が）ゆえのあやまちもあるんだ。 Cũng c&oacute; những lầm lỗi của tuổi trẻ. ☞&diams;「～のはNゆえである」Thuật lại l&yacute; do thực hiện h&agrave;nh động n&agrave;o đ&oacute; trong t&igrave;nh huống kh&oacute; khăn&hellip; 冬山登山は確かに死と隣りあわせだ。だがそれでも行くのは冬山の魅力ゆえである。ふゆやまとざんはたしかにしととなりあわせだ。だがそれでもいくのはふゆやまのみりょくゆえである。 Việc leo n&uacute;i m&ugrave;a đ&ocirc;ng r&otilde; r&agrave;ng l&agrave; việc cận kề với c&aacute;i chết. Cho d&ugrave; thế, nhưng người ta vẫn cứ leo l&agrave; bởi n&eacute;t hấp dẫn kh&ocirc;ng thể cưỡng lại của n&uacute;i v&agrave;o m&ugrave;a đ&ocirc;ng ","examples":["93020c54469e582d6fdb16f7baa4c920","93020c54469e582d6fdb16f7baa4c9d6","93020c54469e582d6fdb16f7baa4d276","93020c54469e582d6fdb16f7baa4d934"]}]}},{"id":"93020c54469e582d6fdb16f7baa50af1","key":"N1","value":{"_id":"93020c54469e582d6fdb16f7baa50af1","_rev":"1-192591f194ea6461b7115bec90e8237c","type":"grammar","lang":["vi"],"label":"ja_vi","level":"N1","title":"～ようによっては     =>Tuỳ cách ~ (của mỗi người)","usages":[{"synopsis":"  Vます ＋ ようによっては  ","explain":"  D&ugrave;ng với &yacute; chỉ tuỳ phương ph&aacute;p, quan điểm sẽ cho ra những kết quả kh&aacute;c nhau. ","mean":" ： Tuỳ c&aacute;ch ~ (của mỗi người) ","note":null,"examples":["93020c54469e582d6fdb16f7baa4f7d3","93020c54469e582d6fdb16f7baa50245","93020c54469e582d6fdb16f7baa507a2"]}]}},{"id":"93020c54469e582d6fdb16f7baa5281b","key":"N1","value":{"_id":"93020c54469e582d6fdb16f7baa5281b","_rev":"1-ea459d5cfa9e245bde8525918afc4936","type":"grammar","lang":["vi"],"label":"ja_vi","level":"N1","title":"～をおいて～ない     =>Ngoại trừ, loại trừ","usages":[{"synopsis":"  N をおいて～ない  ","explain":"  D&ugrave;ng với nghĩa N l&agrave; duy nhất cho h&agrave;nh động/ việc g&igrave; đ&oacute;.Ri&ecirc;ng cụm 「なにをおいても」lại mang nghĩa l&agrave; [cho d&ugrave; t&igrave;nh trạng/t&igrave;nh huống c&oacute; như thế n&agrave;o] ","mean":" ： Ngoại trừ, loại trừ ","note":null,"examples":["93020c54469e582d6fdb16f7baa50e2c","93020c54469e582d6fdb16f7baa50ea0","93020c54469e582d6fdb16f7baa51e09"]}]}},{"id":"93020c54469e582d6fdb16f7baa53be0","key":"N1","value":{"_id":"93020c54469e582d6fdb16f7baa53be0","_rev":"1-e78cc37e101237925a466ff27a17bfd3","type":"grammar","lang":["vi"],"label":"ja_vi","level":"N1","title":"～をかぎりに（～を限りに）     =>Hạn chót là ~, Thời gian sau cùng là~","usages":[{"synopsis":"  N を限りに  ","explain":"  D&ugrave;ng với &yacute; N l&agrave; thời gian cuối c&ugrave;ng cho việc g&igrave; đ&oacute;. N ở đ&acirc;y l&agrave; N thời gian như 「今日」、「今回」など&hellip; ","mean":" ： Hạn ch&oacute;t l&agrave; ~, Thời gian sau c&ugrave;ng l&agrave;~ ","note":null,"examples":["93020c54469e582d6fdb16f7baa52e76","93020c54469e582d6fdb16f7baa53256","93020c54469e582d6fdb16f7baa53b54"]}]}},{"id":"93020c54469e582d6fdb16f7baa55449","key":"N1","value":{"_id":"93020c54469e582d6fdb16f7baa55449","_rev":"1-b5222abfa717e309e09727efdf14395a","type":"grammar","lang":["vi"],"label":"ja_vi","level":"N1","title":"～をかわきりに（～を皮切りに）     =>Xuất phát điểm là~;  khởi điểm là ~, mở đầu~","usages":[{"synopsis":"  N を皮切りに  ","explain":"  D&ugrave;ng &yacute; chỉ t&igrave;nh trạng n&agrave;o đ&oacute; tiến triển một c&aacute;ch t&iacute;ch cực v&agrave; vượt bậc chỉ sau một xuất ph&aacute;t điểm hay yếu tố g&igrave; đ&oacute;. ","mean":" ： Xuất ph&aacute;t điểm l&agrave;~; khởi điểm l&agrave; ~, mở đầu~ ","note":null,"examples":["93020c54469e582d6fdb16f7baa541f8","93020c54469e582d6fdb16f7baa546c5","93020c54469e582d6fdb16f7baa553b4"]}]}},{"id":"93020c54469e582d6fdb16f7baa57796","key":"N1","value":{"_id":"93020c54469e582d6fdb16f7baa57796","_rev":"1-4826e0351e840157894d65a8b3022c84","type":"grammar","lang":["vi"],"label":"ja_vi","level":"N1","title":"～をきんじえない（～を禁じ得ない）     =>Không kiềm nén ~/không khỏi~","usages":[{"synopsis":"  N を禁じ得ない  ","explain":"  D&ugrave;ng chỉ việc kh&ocirc;ng kiềm chế được t&acirc;m trạng đồng cảm hay nổi giận (thi&ecirc;n về mặt cảm x&uacute;c của con người) ...trước t&igrave;nh huống hay ho&agrave;n cảnh kh&aacute;ch quan n&agrave;o đ&oacute;. ","mean":" ： Kh&ocirc;ng kiềm n&eacute;n ~/kh&ocirc;ng khỏi~ ","note":null,"examples":["93020c54469e582d6fdb16f7baa55bd4","93020c54469e582d6fdb16f7baa55d44","93020c54469e582d6fdb16f7baa56cf3"]}]}},{"id":"93020c54469e582d6fdb16f7baa59e20","key":"N1","value":{"_id":"93020c54469e582d6fdb16f7baa59e20","_rev":"1-f110b0cea292787948f8117e9a7d6285","type":"grammar","lang":["vi"],"label":"ja_vi","level":"N1","title":"～をふまえて（～を踏まえて）     =>Dựa trên,  xem xét đến...","usages":[{"synopsis":"  N をふまえて  ","explain":"  D&ugrave;ng chỉ việc xem x&eacute;t vấn đề g&igrave; đều dựa tr&ecirc;n căn cứ ph&aacute;n đo&aacute;n hay tiền đề g&igrave; đ&oacute;. ","mean":" ： Dựa tr&ecirc;n, xem x&eacute;t đến... ","note":null,"examples":["93020c54469e582d6fdb16f7baa58659","93020c54469e582d6fdb16f7baa588c3","93020c54469e582d6fdb16f7baa5907d"]}]}},{"id":"93020c54469e582d6fdb16f7baa5d55f","key":"N1","value":{"_id":"93020c54469e582d6fdb16f7baa5d55f","_rev":"1-5c077fe46d9a3e3e134ebbd8e09cb0f4","type":"grammar","lang":["vi"],"label":"ja_vi","level":"N1","title":"～をもって(を以って)     =>Tại thời điểm~","usages":[{"synopsis":"   N をもって  ","explain":"  ☞N thời gianをもって: tại điểm thời gian hay khoảnh khắc n&agrave;o đ&oacute; (bằng nghĩa với at trong tiếng Anh) ☞ Nをもって: bằng phương tiện/c&aacute;ch thức hay qua một c&aacute;ch n&agrave;o đ&oacute; m&agrave; c&oacute; thể đat được th&agrave;nh quả. ","mean":" ： Tại thời điểm~ ","note":null,"examples":["93020c54469e582d6fdb16f7baa5aa5a","93020c54469e582d6fdb16f7baa5aabc","93020c54469e582d6fdb16f7baa5ac37","93020c54469e582d6fdb16f7baa5b8ab","93020c54469e582d6fdb16f7baa5c598","93020c54469e582d6fdb16f7baa5cf4d"]}]}},{"id":"93020c54469e582d6fdb16f7baa6018c","key":"N1","value":{"_id":"93020c54469e582d6fdb16f7baa6018c","_rev":"1-3b6a88e134023f5163364e96662b93d4","type":"grammar","lang":["vi"],"label":"ja_vi","level":"N1","title":"～をものともせず     =>Bất chấp/ mặc kệ","usages":[{"synopsis":"  N をものともせず  ","explain":"  D&ugrave;ng với &yacute; l&agrave; thực hiện việc g&igrave; đ&oacute; một c&aacute;ch can đảm, kh&ocirc;ng sợ h&atilde;i bất chấp đối mặt với điều kiện khắt khehay kh&oacute; khăn. ","mean":" ： Bất chấp/ mặc kệ ","note":null,"examples":["93020c54469e582d6fdb16f7baa5e284","93020c54469e582d6fdb16f7baa5f0d3","93020c54469e582d6fdb16f7baa5f569"]}]}},{"id":"93020c54469e582d6fdb16f7baa63601","key":"N1","value":{"_id":"93020c54469e582d6fdb16f7baa63601","_rev":"2-b94bcf6c4d0c632980dd2c87a81bebf2","type":"grammar","lang":["vi"],"label":"ja_vi","level":"N1","title":"～んがため（に）／～んがための&nbsp;&nbsp;&nbsp;&nbsp;&nbsp;=&gt;Với mục đ&iacute;ch để~","usages":[{"synopsis":"Vない ＋ んがため","explain":"Diễn tả &yacute; nghĩa với mục đ&iacute;ch định l&agrave;m g&igrave; đ&oacute;. Thể hiện c&acirc;u văn cứng.","mean":"Với mục đ&iacute;ch để~","note":"","examples":["93020c54469e582d6fdb16f7baa6023b","93020c54469e582d6fdb16f7baa60e8a","93020c54469e582d6fdb16f7baa61c1f","93020c54469e582d6fdb16f7baa62a14"]}]}}]}