{"status":200,"message":"","results":[{"id":"93020c54469e582d6fdb16f7baa660a7","key":"N1","value":{"_id":"93020c54469e582d6fdb16f7baa660a7","_rev":"2-938df8a1b1f5ead0b3059f9616432eb3","type":"grammar","lang":["vi"],"label":"ja_vi","level":"N1","title":"～んばかりだ／に／の&nbsp;&nbsp;&nbsp;&nbsp;&nbsp;=&gt;Giống như l&agrave;~","usages":[{"synopsis":"Vない ＋ んばかりだ／に／の","explain":"C&aacute;ch n&oacute;i diễn tả t&igrave;nh trạng thực tế kh&ocirc;ng phải đến mức độ đ&oacute; m&agrave; gần đến như thế, x&eacute;t về tổng thể th&igrave; mức độ kh&ocirc;ng phải l&agrave; b&igrave;nh thường.","mean":"Giống như l&agrave;~","note":"","examples":["93020c54469e582d6fdb16f7baa6400b","93020c54469e582d6fdb16f7baa6474b","93020c54469e582d6fdb16f7baa64a3e","93020c54469e582d6fdb16f7baa659e5","93020c54469e582d6fdb16f7baa65a1f"]}]}}]}