{"status":200,"message":"","results":[{"id":"93020c54469e582d6fdb16f7ba80d829","key":"N2","value":{"_id":"93020c54469e582d6fdb16f7ba80d829","_rev":"1-c5b98faee4d42b6163170d0653e36885","type":"grammar","lang":["vi"],"label":"ja_vi","level":"N2","title":"ことにする     =>Quyết định làm (không làm) gì","usages":[{"synopsis":"  Vる・Vない ＋ ことにする  ","explain":"  D&ugrave;ng thể hiện &yacute; chủ động quyết định sẽ l&agrave;m/kh&ocirc;ng l&agrave;m h&agrave;nh động g&igrave; của người n&oacute;i. ","mean":" : Quyết định l&agrave;m (kh&ocirc;ng l&agrave;m) g&igrave; ","note":"  ☞Mẫu n&agrave;y thể hiện &yacute; chủ động của người n&oacute;i n&ecirc;n kh&ocirc;ng thể d&ugrave;ng những động từ thể khả năng hoặc tự động từ &yacute; khả năng. ☞Ngo&agrave;i ra, khi quyết định chọn một sự vật g&igrave; cũng c&oacute; thể d&ugrave;ng như sau: Ｎだ＋にする このレストランにした。料理すごくおいしいから。 このレストランにした。りょうりすごくおいしいから。 T&ocirc;i đ&atilde; chọn nh&agrave; h&agrave;ng n&agrave;y. V&igrave; thức ăn rất l&agrave; ngon. ","examples":["93020c54469e582d6fdb16f7ba80bfaa","93020c54469e582d6fdb16f7ba80ca60","93020c54469e582d6fdb16f7ba80ca65","93020c54469e582d6fdb16f7ba80ccaa","93020c54469e582d6fdb16f7ba80ccb0"]}]}},{"id":"93020c54469e582d6fdb16f7ba80fb30","key":"N2","value":{"_id":"93020c54469e582d6fdb16f7ba80fb30","_rev":"1-704d3f8ccb580b4beb36b09d5bd27145","type":"grammar","lang":["vi"],"label":"ja_vi","level":"N2","title":"〜ばいいのに     =>Giá mà, ước chi, đáng lẽ nên,","usages":[{"synopsis":"  （条件形）ばいいのに、  ","explain":"  D&ugrave;ng khi biểu hiện cảm x&uacute;c mong muốn, tiếc nuối hoặc khuy&ecirc;n nhủ (ngược lại với h&agrave;nh động người kh&aacute;c đang l&agrave;m). ","mean":" : Gi&aacute; m&agrave;, ước chi, đ&aacute;ng lẽ n&ecirc;n, ","note":null,"examples":["93020c54469e582d6fdb16f7ba80e12c","93020c54469e582d6fdb16f7ba80e522","93020c54469e582d6fdb16f7ba80f16b","93020c54469e582d6fdb16f7ba80f34b"]}]}},{"id":"93020c54469e582d6fdb16f7ba8120e7","key":"N2","value":{"_id":"93020c54469e582d6fdb16f7ba8120e7","_rev":"1-92f33c1d2f3a0a0df3b0131a8119af67","type":"grammar","lang":["vi"],"label":"ja_vi","level":"N2","title":"〜なかなか〜ない     =>Khó mà làm gì, không (như thế nào)","usages":[{"synopsis":"  〜 なかなか 〜 Ｖない  ","explain":"  D&ugrave;ng khi thể hiện h&agrave;nh động m&agrave; chủ thể kh&oacute; thực hiện được, thực hiện một c&aacute;ch vất vả. D&ugrave;ng trong trường hợp kh&ocirc;ng như thế n&agrave;o (trường hợp tự động từ) để biểu hiện t&igrave;nh h&igrave;nh kh&ocirc;ng tốt l&ecirc;n. ","mean":" : Kh&oacute; m&agrave; l&agrave;m g&igrave;, kh&ocirc;ng (như thế n&agrave;o) ","note":"  D&ugrave; động từ kh&ocirc;ng chia ở thể khả năng th&igrave; khi d&ugrave;ng trong mẫu c&acirc;u n&agrave;y vẫn c&oacute; thể mang nghĩa l&agrave; &ldquo;kh&ocirc;ng dễ m&agrave; l&agrave;m được&rdquo; &ldquo;kh&oacute; c&oacute; thể l&agrave;m được&rdquo;. 私には漢字がなかなか読まない。 わたしにはかんじがなかなかよまない。 T&ocirc;i kh&ocirc;ng thể đọc được kanji/ t&ocirc;i kh&oacute; m&agrave; đọc được Kanji. ","examples":["93020c54469e582d6fdb16f7ba810612","93020c54469e582d6fdb16f7ba811450","93020c54469e582d6fdb16f7ba8114ec"]}]}},{"id":"93020c54469e582d6fdb16f7ba81449b","key":"N2","value":{"_id":"93020c54469e582d6fdb16f7ba81449b","_rev":"1-48166271ccef99b879db4b99628e48c7","type":"grammar","lang":["vi"],"label":"ja_vi","level":"N2","title":"〜しか〜ない     =>Chỉ có cách là, đành phải, Chỉ làm gì, chỉ có","usages":[{"synopsis":"  Ｖる ＋ しかない  〜しか 〜 Ｖない  ","explain":"  D&ugrave;ng khi thể hiện nhận thức rằng kh&ocirc;ng c&ograve;n lựa chọn n&agrave;o kh&aacute;c, kh&ocirc;ng c&ograve;n phương ph&aacute;p n&agrave;o kh&aacute;c ngo&agrave;i c&aacute;ch đ&oacute;. D&ugrave;ng khi n&oacute;i đến việc một chủ thể chỉ l&agrave;m một h&agrave;nh động n&agrave;o đ&oacute;, ngo&agrave;i ra kh&ocirc;ng l&agrave;m h&agrave;nh động n&agrave;o kh&aacute;c, hoặc chỉ c&oacute; một trạng th&aacute;i/t&iacute;nh chất n&agrave;o đ&oacute;. ","mean":" : Chỉ c&oacute; c&aacute;ch l&agrave;, đ&agrave;nh phải Chỉ l&agrave;m g&igrave;, chỉ c&oacute; ","note":null,"examples":["93020c54469e582d6fdb16f7ba8128a7","93020c54469e582d6fdb16f7ba812d86","93020c54469e582d6fdb16f7ba81339a","93020c54469e582d6fdb16f7ba8137b5"]}]}},{"id":"93020c54469e582d6fdb16f7ba81644c","key":"N2","value":{"_id":"93020c54469e582d6fdb16f7ba81644c","_rev":"1-7e8a8d3af0e3a6656443de016092c134","type":"grammar","lang":["vi"],"label":"ja_vi","level":"N2","title":"わけです     =>Đương nhiên là, tức là, cuối cùng cũng là, là","usages":[{"synopsis":"  [Ｖ／Ａい／Ａな] N修飾型 ＋ わけだ  ","explain":"  D&ugrave;ng trong trường hợp biểu thị &yacute; muốn n&oacute;i một việc trở n&ecirc;n như thế l&agrave; đương nhi&ecirc;n v&igrave; đ&atilde; c&oacute; nguy&ecirc;n nh&acirc;n, l&yacute; do trước đ&oacute;. D&ugrave;ng trong trường hợp khi muốn n&oacute;i rằng đương nhi&ecirc;n sẽ c&oacute; kết quả như thế v&igrave; đi theo tr&igrave;nh tự, hướng đi, sự thật, t&igrave;nh huống n&agrave;o đ&oacute;. ","mean":" : Đương nhi&ecirc;n l&agrave;, tức l&agrave;, cuối c&ugrave;ng cũng l&agrave;, l&agrave; ","note":"  Trước hay sau &ldquo;わけだ&rdquo;thường lu&ocirc;n c&oacute; một vế biểu thị l&yacute; do, nguy&ecirc;n nh&acirc;n hoặc tr&igrave;nh tự ","examples":["93020c54469e582d6fdb16f7ba814538","93020c54469e582d6fdb16f7ba8145c3","93020c54469e582d6fdb16f7ba8153a2","93020c54469e582d6fdb16f7ba81635a"]}]}},{"id":"93020c54469e582d6fdb16f7ba818d25","key":"N2","value":{"_id":"93020c54469e582d6fdb16f7ba818d25","_rev":"1-340cfe5ca45d12d18448d4857005d0d7","type":"grammar","lang":["vi"],"label":"ja_vi","level":"N2","title":"にあたる（に当たる）     =>Tương ứng với, tức là, trùng với,Trong, tại","usages":[{"synopsis":" Ｎ に あたる  Ｎ に あたり／にあって  ","explain":"  D&ugrave;ng khi thể hiện một sự vật/sự việc tương ứng, giống với, tương đương hoặc tr&ugrave;ng với một sự vật/sự việc kh&aacute;c. D&ugrave;ng thể hiện một c&aacute;ch nghi&ecirc;m trang một t&igrave;nh huống, dịp, thời điểm đặc biệt n&agrave;o đ&oacute;. ","mean":" : Tương ứng với, tức l&agrave;, tr&ugrave;ng với,Trong, tại ","note":"  Thường d&ugrave;ng trong trường hợp định nghĩa, giải th&iacute;ch. ","examples":["93020c54469e582d6fdb16f7ba816839","93020c54469e582d6fdb16f7ba817520","93020c54469e582d6fdb16f7ba8180dc","93020c54469e582d6fdb16f7ba818a06"]}]}},{"id":"93020c54469e582d6fdb16f7ba81b282","key":"N2","value":{"_id":"93020c54469e582d6fdb16f7ba81b282","_rev":"1-214cbf3e20c86d72841130861263e152","type":"grammar","lang":["vi"],"label":"ja_vi","level":"N2","title":"～いがいの（～以外の）     =>Ngoài ~ ra thì, khác","usages":[{"synopsis":"  普通形 ＋ 以外の  ","explain":"  ☞D&ugrave;ng đểdiễnđạtngo&agrave;i &yacute; đang n&oacute;i đến th&igrave; c&ograve;n tồn tại những c&aacute;i kh&aacute;c nữa. ☞D&ugrave;ng để biểu thị một điều, việc kh&aacute;c. ","mean":" : Ngo&agrave;i ~ ra th&igrave;, kh&aacute;c ","note":null,"examples":["93020c54469e582d6fdb16f7ba81968e","93020c54469e582d6fdb16f7ba81a123","93020c54469e582d6fdb16f7ba81a883","93020c54469e582d6fdb16f7ba81b06c"]}]}},{"id":"93020c54469e582d6fdb16f7ba81e959","key":"N2","value":{"_id":"93020c54469e582d6fdb16f7ba81e959","_rev":"1-39d3dca3d50e04eb1989e27d5f912c5c","type":"grammar","lang":["vi"],"label":"ja_vi","level":"N2","title":"～というわけではない     =>Không có nghĩa là ~","usages":[{"synopsis":"  普通形 ＋ というわけではない  ","explain":null,"mean":" : Kh&ocirc;ng c&oacute; nghĩa l&agrave; ~ ","note":null,"examples":["93020c54469e582d6fdb16f7ba81bad0","93020c54469e582d6fdb16f7ba81c022","93020c54469e582d6fdb16f7ba81c703","93020c54469e582d6fdb16f7ba81d3ea","93020c54469e582d6fdb16f7ba81deb1","93020c54469e582d6fdb16f7ba81e73b"]}]}},{"id":"93020c54469e582d6fdb16f7ba8210a5","key":"N2","value":{"_id":"93020c54469e582d6fdb16f7ba8210a5","_rev":"1-3cd02061e3b6d90ba6c7a5f3a65c75ca","type":"grammar","lang":["vi"],"label":"ja_vi","level":"N2","title":"～なるべく     =>Cố gắng, cố sức ~","usages":[{"synopsis":"  普通形 ＋ なるべく  ","explain":null,"mean":" : Cố gắng, cố sức ~ ","note":null,"examples":["93020c54469e582d6fdb16f7ba81f18c","93020c54469e582d6fdb16f7ba81fbe4","93020c54469e582d6fdb16f7ba82053a","93020c54469e582d6fdb16f7ba82078f","93020c54469e582d6fdb16f7ba820d3e"]}]}},{"id":"93020c54469e582d6fdb16f7ba822db4","key":"N2","value":{"_id":"93020c54469e582d6fdb16f7ba822db4","_rev":"1-487850ac99927d689a4da78e96c9fc50","type":"grammar","lang":["vi"],"label":"ja_vi","level":"N2","title":"～べつに～ない（～別に～ない）     =>Không hề ~","usages":[{"synopsis":"  普通形 ＋ 別に～ない  ","explain":null,"mean":" : Kh&ocirc;ng hề ~ ","note":null,"examples":["93020c54469e582d6fdb16f7ba82114f","93020c54469e582d6fdb16f7ba8214e8","93020c54469e582d6fdb16f7ba821b23","93020c54469e582d6fdb16f7ba8228a8"]}]}},{"id":"93020c54469e582d6fdb16f7ba8277d2","key":"N2","value":{"_id":"93020c54469e582d6fdb16f7ba8277d2","_rev":"1-2f7bab845c4809980fe474e726c0ce56","type":"grammar","lang":["vi"],"label":"ja_vi","level":"N2","title":"～たしか（～確か）     =>Chắc chắn là ~","usages":[{"synopsis":"  普通形 ＋ たしか  ","explain":null,"mean":" : Chắc chắn l&agrave; ~ ","note":null,"examples":["93020c54469e582d6fdb16f7ba823cda","93020c54469e582d6fdb16f7ba824cb6","93020c54469e582d6fdb16f7ba825c63","93020c54469e582d6fdb16f7ba8267f4","93020c54469e582d6fdb16f7ba826a87"]}]}},{"id":"93020c54469e582d6fdb16f7ba82aab4","key":"N2","value":{"_id":"93020c54469e582d6fdb16f7ba82aab4","_rev":"1-6537bddf0c6ce1571f447f2f780e47a4","type":"grammar","lang":["vi"],"label":"ja_vi","level":"N2","title":"なんといっても（何といっても）     =>Dù thế nào thì ~","usages":[{"synopsis":"  普通形 ＋ 何といっても  ","explain":null,"mean":" : D&ugrave; thế n&agrave;o th&igrave; ~ ","note":null,"examples":["93020c54469e582d6fdb16f7ba8286b1","93020c54469e582d6fdb16f7ba828b77","93020c54469e582d6fdb16f7ba8297db","93020c54469e582d6fdb16f7ba82a202"]}]}},{"id":"93020c54469e582d6fdb16f7ba82e02e","key":"N2","value":{"_id":"93020c54469e582d6fdb16f7ba82e02e","_rev":"1-168aec1e47adf0536b6ceaeebb1e9329","type":"grammar","lang":["vi"],"label":"ja_vi","level":"N2","title":"～といっても（～と言っても）     =>Nói như thế nhưng mà~","usages":[{"synopsis":"  ～と言っても  ","explain":"  Từ những việc được kỳ vọng như tr&igrave;nh b&agrave;y vế trước nhưng thực tế kh&ocirc;ng ở mức độ như thế, &hellip;. ","mean":" : N&oacute;i như thế nhưng m&agrave;~ ","note":null,"examples":["93020c54469e582d6fdb16f7ba82b819","93020c54469e582d6fdb16f7ba82c6ff","93020c54469e582d6fdb16f7ba82d11c","93020c54469e582d6fdb16f7ba82d90d","93020c54469e582d6fdb16f7ba82db24"]}]}},{"id":"93020c54469e582d6fdb16f7ba830734","key":"N2","value":{"_id":"93020c54469e582d6fdb16f7ba830734","_rev":"1-483d35cbd35c95b17c65a6c102fae852","type":"grammar","lang":["vi"],"label":"ja_vi","level":"N2","title":"～は～にかぎる（～は～に限る）     =>Chỉ có…là được, chỉ giới hạn ở...là được","usages":[{"synopsis":"  ～は～に限る  ","explain":null,"mean":" : Chỉ c&oacute;&hellip;l&agrave; được, chỉ giới hạn ở...l&agrave; được ","note":null,"examples":["93020c54469e582d6fdb16f7ba82e927","93020c54469e582d6fdb16f7ba82f063","93020c54469e582d6fdb16f7ba82fed6","93020c54469e582d6fdb16f7ba8302ac"]}]}},{"id":"93020c54469e582d6fdb16f7ba832cb1","key":"N2","value":{"_id":"93020c54469e582d6fdb16f7ba832cb1","_rev":"1-5e59bc1e3204ce7e68631f9b4c1c4242","type":"grammar","lang":["vi"],"label":"ja_vi","level":"N2","title":"～きをつける（～に気をつける）     =>Cẩn thận, thận trọng, để ý~","usages":[{"synopsis":"  ～に気をつける  ","explain":null,"mean":" : Cẩn thận, thận trọng, để &yacute;~ ","note":null,"examples":["93020c54469e582d6fdb16f7ba831375","93020c54469e582d6fdb16f7ba8316b3","93020c54469e582d6fdb16f7ba831f17","93020c54469e582d6fdb16f7ba831fd4"]}]}},{"id":"93020c54469e582d6fdb16f7ba8346a9","key":"N2","value":{"_id":"93020c54469e582d6fdb16f7ba8346a9","_rev":"1-9fe0bc9780a2aa65a2c92987557ed794","type":"grammar","lang":["vi"],"label":"ja_vi","level":"N2","title":"～せいか     =>Có lẽ vì~","usages":[{"synopsis":"  V／Aい／Aな／NのN修飾形 ＋ せいか  ","explain":"  Diễn tả t&igrave;nh trạng kh&ocirc;ng thể n&oacute;i r&otilde; nhưng c&oacute; thể l&agrave; nguy&ecirc;n nh&acirc;n của việc ph&aacute;t sinh đ&oacute;. ","mean":" : C&oacute; lẽ v&igrave;~ ","note":null,"examples":["93020c54469e582d6fdb16f7ba8332f3","93020c54469e582d6fdb16f7ba833bc3","93020c54469e582d6fdb16f7ba83430f"]}]}},{"id":"93020c54469e582d6fdb16f7ba8353e4","key":"N2","value":{"_id":"93020c54469e582d6fdb16f7ba8353e4","_rev":"1-3d109417ef088df8369397ac803f4327","type":"grammar","lang":["vi"],"label":"ja_vi","level":"N2","title":"～にこしたことはない（～に越したことはない）     =>Nên phải, tốt hơn~","usages":[{"synopsis":"  Vる・Aい  N・Aナ(である)  ＋ に越したことはない ","explain":"  Diễn tả &yacute; nghĩa chuyện xảy ra l&agrave; đương nhi&ecirc;n, mang t&iacute;nh b&igrave;nh thường. ","mean":" : N&ecirc;n phải, tốt hơn~ ","note":null,"examples":["93020c54469e582d6fdb16f7ba834811","93020c54469e582d6fdb16f7ba834eea","93020c54469e582d6fdb16f7ba834ff4"]}]}},{"id":"93020c54469e582d6fdb16f7ba8373ff","key":"N2","value":{"_id":"93020c54469e582d6fdb16f7ba8373ff","_rev":"1-44b37dfeffce9b95f483783e662d593c","type":"grammar","lang":["vi"],"label":"ja_vi","level":"N2","title":"～くせに     =>Mặc dù…vậy mà","usages":[{"synopsis":"  N修飾型 ＋ くせに  ","explain":"  Diễn tả t&acirc;m trạng khinh miệt, quở tr&aacute;ch. ","mean":" : Mặc d&ugrave;&hellip;vậy m&agrave; ","note":"  &Iacute;t d&ugrave;ng khi n&oacute;i trang trọng. ","examples":["93020c54469e582d6fdb16f7ba83566d","93020c54469e582d6fdb16f7ba8356c1","93020c54469e582d6fdb16f7ba83655d","93020c54469e582d6fdb16f7ba83676b","93020c54469e582d6fdb16f7ba8367f6"]}]}},{"id":"93020c54469e582d6fdb16f7ba83afb6","key":"N2","value":{"_id":"93020c54469e582d6fdb16f7ba83afb6","_rev":"1-b932f4a4dae1ffe74d536a16f15ae916","type":"grammar","lang":["vi"],"label":"ja_vi","level":"N2","title":"～ゆえに／がゆえ（に）     =>Vì~","usages":[{"synopsis":"  V普通形／N(の)／Aイさ／Aな ＋ ゆえに  ","explain":"   Thể hiện l&yacute; do v&igrave; một chuyện g&igrave; đ&oacute; n&ecirc;n~ ","mean":" : V&igrave;~ ","note":"  Đ&acirc;y l&agrave; c&aacute;ch n&oacute;i cứng. ","examples":["93020c54469e582d6fdb16f7ba837f80","93020c54469e582d6fdb16f7ba838b40","93020c54469e582d6fdb16f7ba838eae","93020c54469e582d6fdb16f7ba839814","93020c54469e582d6fdb16f7ba839f07","93020c54469e582d6fdb16f7ba83ac02"]}]}},{"id":"93020c54469e582d6fdb16f7ba83d48a","key":"N2","value":{"_id":"93020c54469e582d6fdb16f7ba83d48a","_rev":"1-08cb25751d73f966a7c9bf6072ff2ff4","type":"grammar","lang":["vi"],"label":"ja_vi","level":"N2","title":"～および（～及び）     =>Và~","usages":[{"synopsis":"  ～および  ","explain":"  Đ&acirc;y l&agrave; một từ tiếp ngữ d&ugrave;ng khi n&ecirc;u ra nhiều sự vật, sự việc để tiếp dẫn sự việc giống nhau. ","mean":" : V&agrave;~ ","note":null,"examples":["93020c54469e582d6fdb16f7ba83b430","93020c54469e582d6fdb16f7ba83b822","93020c54469e582d6fdb16f7ba83bbb7","93020c54469e582d6fdb16f7ba83c549"]}]}},{"id":"93020c54469e582d6fdb16f7ba83f766","key":"N2","value":{"_id":"93020c54469e582d6fdb16f7ba83f766","_rev":"1-80683f0704f23d68113406b7e240dab5","type":"grammar","lang":["vi"],"label":"ja_vi","level":"N2","title":"～まんいち（万一）     =>Nếu lỡ trong trường hợp~","usages":[{"synopsis":"  ～まんいち（万一）  ","explain":"  Thường được sử dụng với &yacute; nghĩa xấu. ","mean":" : Nếu lỡ trong trường hợp~ ","note":null,"examples":["93020c54469e582d6fdb16f7ba83daab","93020c54469e582d6fdb16f7ba83dea4","93020c54469e582d6fdb16f7ba83e1c5","93020c54469e582d6fdb16f7ba83e5f1","93020c54469e582d6fdb16f7ba83f0ac"]}]}},{"id":"93020c54469e582d6fdb16f7ba840f55","key":"N2","value":{"_id":"93020c54469e582d6fdb16f7ba840f55","_rev":"1-0df394853d697e511784bc5d5aa7f0d7","type":"grammar","lang":["vi"],"label":"ja_vi","level":"N2","title":"～あえて     =>Dám~","usages":[{"synopsis":"  ～あえて  ","explain":null,"mean":" : D&aacute;m~ ","note":null,"examples":["93020c54469e582d6fdb16f7ba83fbbb","93020c54469e582d6fdb16f7ba840add","93020c54469e582d6fdb16f7ba840c6c"]}]}},{"id":"93020c54469e582d6fdb16f7ba8433ab","key":"N2","value":{"_id":"93020c54469e582d6fdb16f7ba8433ab","_rev":"1-8439397495a442a4dc2ff9c2c75bb12d","type":"grammar","lang":["vi"],"label":"ja_vi","level":"N2","title":"～がてら     =>Nhân tiện~","usages":[{"synopsis":"  Vます・N ＋ がてら ","explain":"  Diễn tả t&igrave;nh trạng nh&acirc;n l&uacute;c l&agrave;m g&igrave; đ&oacute; th&igrave; c&ugrave;ng l&agrave;m&hellip; ","mean":" : Nh&acirc;n tiện~ ","note":null,"examples":["93020c54469e582d6fdb16f7ba8414a0","93020c54469e582d6fdb16f7ba8415dd","93020c54469e582d6fdb16f7ba841ff4","93020c54469e582d6fdb16f7ba842f3d"]}]}},{"id":"93020c54469e582d6fdb16f7ba846f01","key":"N2","value":{"_id":"93020c54469e582d6fdb16f7ba846f01","_rev":"1-10b4abe19e60ebfec48ba8917788c223","type":"grammar","lang":["vi"],"label":"ja_vi","level":"N2","title":"～にかけては／～にかけても     =>Về, nếu nói về, dù nói về~","usages":[{"synopsis":"  N ＋ にかけては／にかけても  ","explain":"  D&ugrave;ng để đ&aacute;nh gi&aacute; cao năng lực, khả năng của người n&agrave;o đ&oacute;. Đi theo sau thường l&agrave; một đ&aacute;nh gi&aacute;. ","mean":" : Về, nếu n&oacute;i về, d&ugrave; n&oacute;i về~ ","note":null,"examples":["93020c54469e582d6fdb16f7ba8439eb","93020c54469e582d6fdb16f7ba84437c","93020c54469e582d6fdb16f7ba845352","93020c54469e582d6fdb16f7ba845f2e","93020c54469e582d6fdb16f7ba846a0a","93020c54469e582d6fdb16f7ba846d62"]}]}},{"id":"93020c54469e582d6fdb16f7ba84906e","key":"N2","value":{"_id":"93020c54469e582d6fdb16f7ba84906e","_rev":"1-ae4d6c6366878ffd001e90bc78d1de1e","type":"grammar","lang":["vi"],"label":"ja_vi","level":"N2","title":"～かねない     =>Có lẽ ~","usages":[{"synopsis":"  Vます ＋ かねない  ","explain":null,"mean":" : C&oacute; lẽ ~ ","note":"  ☞&Yacute; nghĩa giống với ～おそれがある, chỉ kh&aacute;c c&ocirc;ng thức. ☞D&ugrave;ng khi c&oacute; khả năng đem lại kết quả xấu. ","examples":["93020c54469e582d6fdb16f7ba8475b8","93020c54469e582d6fdb16f7ba84776c","93020c54469e582d6fdb16f7ba847c46","93020c54469e582d6fdb16f7ba848259","93020c54469e582d6fdb16f7ba848ad3"]}]}},{"id":"93020c54469e582d6fdb16f7ba84bbb3","key":"N2","value":{"_id":"93020c54469e582d6fdb16f7ba84bbb3","_rev":"1-0cd66a4e5c21946d6062e59be3973fea","type":"grammar","lang":["vi"],"label":"ja_vi","level":"N2","title":"～からなる(成る)     =>Tạo thành từ, hình thành từ~","usages":[{"synopsis":"  N ＋ から成る  ","explain":null,"mean":" : Tạo th&agrave;nh từ, h&igrave;nh th&agrave;nh từ~ ","note":null,"examples":["93020c54469e582d6fdb16f7ba849bf1","93020c54469e582d6fdb16f7ba84a5fe","93020c54469e582d6fdb16f7ba84aeef","93020c54469e582d6fdb16f7ba84bb7d"]}]}},{"id":"93020c54469e582d6fdb16f7ba84e8c2","key":"N2","value":{"_id":"93020c54469e582d6fdb16f7ba84e8c2","_rev":"1-2a54f37778fcb7613b3837c22bdfdcd1","type":"grammar","lang":["vi"],"label":"ja_vi","level":"N2","title":"～ないですむ（～ないで済む）     =>Xong rồi…không, đủ rồi…không","usages":[{"synopsis":"  Vないで・Vずに ＋ 済む  ","explain":"  Thể hiện &yacute; nghĩa cho d&ugrave; kh&ocirc;ng cần l&agrave;m dự định, kế hoạch th&igrave; cũng c&oacute; kết quả tốt. Tr&aacute;nh những chuyện dự đo&aacute;n. ","mean":" : Xong rồi&hellip;kh&ocirc;ng, đủ rồi&hellip;kh&ocirc;ng ","note":null,"examples":["93020c54469e582d6fdb16f7ba84c569","93020c54469e582d6fdb16f7ba84cf05","93020c54469e582d6fdb16f7ba84dacc","93020c54469e582d6fdb16f7ba84e579"]}]}},{"id":"93020c54469e582d6fdb16f7ba84f4a3","key":"N2","value":{"_id":"93020c54469e582d6fdb16f7ba84f4a3","_rev":"1-8fda67c24a77c44413b15950c3930e51","type":"grammar","lang":["vi"],"label":"ja_vi","level":"N2","title":"～わけにはいかない     =>Không thể, không thể nhưng~","usages":[{"synopsis":"  Vる／Vている ＋ わけにはいかない  ","explain":"  Diễn tả t&igrave;nh trạng v&igrave; c&oacute; một l&yacute; do n&agrave;o đ&oacute; n&ecirc;n kh&ocirc;ng thể được. ","mean":" : Kh&ocirc;ng thể, kh&ocirc;ng thể nhưng~ ","note":null,"examples":["93020c54469e582d6fdb16f7ba84e9b6","93020c54469e582d6fdb16f7ba84ea5d","93020c54469e582d6fdb16f7ba84eb0f","93020c54469e582d6fdb16f7ba84eb15","93020c54469e582d6fdb16f7ba84f145"]}]}},{"id":"93020c54469e582d6fdb16f7ba8515b6","key":"N2","value":{"_id":"93020c54469e582d6fdb16f7ba8515b6","_rev":"1-28316e316d8de83898f31fe84339fec2","type":"grammar","lang":["vi"],"label":"ja_vi","level":"N2","title":"～ないわけにはいかない     =>Có thể, phải~","usages":[{"synopsis":"  Vない ＋ ないわけにはいかない  ","explain":null,"mean":" : C&oacute; thể, phải~ ","note":"  ～ないわけにはいかない tương đương mẫu c&acirc;u ～なければならない。 ","examples":["93020c54469e582d6fdb16f7ba8503e1","93020c54469e582d6fdb16f7ba850e47","93020c54469e582d6fdb16f7ba85144b"]}]}},{"id":"93020c54469e582d6fdb16f7ba8548d2","key":"N2","value":{"_id":"93020c54469e582d6fdb16f7ba8548d2","_rev":"1-f5f38b18b22b11f2b2586aa35a43d8d3","type":"grammar","lang":["vi"],"label":"ja_vi","level":"N2","title":"～たうえで（～た上で）     =>Xong…rồi, về mặt…","usages":[{"synopsis":"  Vた・Nの ＋ 上（で）  ","explain":"  Xong&hellip;rồi&hellip;C&aacute;ch thể hiện khi muốn diễn đạt một việc g&igrave; đ&oacute; trước v&agrave; kết quả của việc đ&oacute; dẫn đến việc tiếp theo. Chủ thể của vế trước v&agrave; vế sau của c&acirc;u l&agrave; một người. Vế sau thể hiện h&agrave;nh động &yacute; ch&iacute;. Về mặt, phương diện, phạm vi&hellip;D&ugrave;ng khi muốn n&oacute;i l&agrave; dựa theo điều kiện, th&ocirc;ng tin n&agrave;o đ&oacute;. ","mean":" : Xong&hellip;rồi, về mặt&hellip; ","note":null,"examples":["93020c54469e582d6fdb16f7ba852445","93020c54469e582d6fdb16f7ba852a41","93020c54469e582d6fdb16f7ba852f63","93020c54469e582d6fdb16f7ba853e7d","93020c54469e582d6fdb16f7ba85432c","93020c54469e582d6fdb16f7ba8543a7"]}]}}]}