{"status":200,"message":"","results":[{"id":"93020c54469e582d6fdb16f7ba859442","key":"N2","value":{"_id":"93020c54469e582d6fdb16f7ba859442","_rev":"1-b131a021cf7f517ac8d9851a24fe5bb2","type":"grammar","lang":["vi"],"label":"ja_vi","level":"N2","title":"～ようなきがする（～ような気がする）     =>Có cảm giác là~, dường như là~","usages":[{"synopsis":"  V普通形 ＋ ような気がする ","explain":null,"mean":" : C&oacute; cảm gi&aacute;c l&agrave;~, dường như l&agrave;~ ","note":null,"examples":["93020c54469e582d6fdb16f7ba855110","93020c54469e582d6fdb16f7ba85606a","93020c54469e582d6fdb16f7ba856918","93020c54469e582d6fdb16f7ba856ed9","93020c54469e582d6fdb16f7ba857c49","93020c54469e582d6fdb16f7ba858535","93020c54469e582d6fdb16f7ba85855f"]}]}},{"id":"93020c54469e582d6fdb16f7ba85c062","key":"N2","value":{"_id":"93020c54469e582d6fdb16f7ba85c062","_rev":"1-f8adb834c156eebee01a25def46da562","type":"grammar","lang":["vi"],"label":"ja_vi","level":"N2","title":"～いったん～ば／と／たら     =>Một khi~","usages":[{"synopsis":"  ～いったん～ば／と／たら  ","explain":"  Khi bắt đầu c&oacute; chuyện thay đổi một t&igrave;nh trạng n&agrave;o đ&oacute; th&igrave; t&igrave;nh trạng sẽ kh&ocirc;ng trở lại như trước đ&oacute;. ","mean":" : Một khi~ ","note":null,"examples":["93020c54469e582d6fdb16f7ba85a2d9","93020c54469e582d6fdb16f7ba85aea2","93020c54469e582d6fdb16f7ba85b969"]}]}},{"id":"93020c54469e582d6fdb16f7ba85eb9d","key":"N2","value":{"_id":"93020c54469e582d6fdb16f7ba85eb9d","_rev":"1-9398fcf8ceb684cdbcc78ff35cc4933e","type":"grammar","lang":["vi"],"label":"ja_vi","level":"N2","title":"～でいいです     =>Là được, là đủ~","usages":[{"synopsis":"  N ＋ でいいです  ","explain":"  Thường sử dụng nhất l&agrave; trong c&acirc;u khẳng định, sử dụng chọn lựa mang t&iacute;nh ti&ecirc;u cực. ","mean":" : L&agrave; được, l&agrave; đủ~ ","note":"  Giống mẫu c&acirc;u 「～で結構です」 ","examples":["93020c54469e582d6fdb16f7ba85caea","93020c54469e582d6fdb16f7ba85d91b","93020c54469e582d6fdb16f7ba85e4e7"]}]}},{"id":"93020c54469e582d6fdb16f7ba861ba3","key":"N2","value":{"_id":"93020c54469e582d6fdb16f7ba861ba3","_rev":"1-6bd7710f65208a835accbe8ed10f1356","type":"grammar","lang":["vi"],"label":"ja_vi","level":"N2","title":"～やむをえず（～やむを得ず）     =>Không thể tránh khỏi, miễn cưỡng, bất đắc dĩ","usages":[{"synopsis":"  ～やむをえず  ","explain":null,"mean":" : Kh&ocirc;ng thể tr&aacute;nh khỏi, miễn cưỡng, bất đắc dĩ ","note":null,"examples":["93020c54469e582d6fdb16f7ba85f572","93020c54469e582d6fdb16f7ba8602a2","93020c54469e582d6fdb16f7ba86111d","93020c54469e582d6fdb16f7ba861b53"]}]}},{"id":"93020c54469e582d6fdb16f7ba8651cd","key":"N2","value":{"_id":"93020c54469e582d6fdb16f7ba8651cd","_rev":"1-b9ba33fc420515fb9f804d1bdcbd8ae3","type":"grammar","lang":["vi"],"label":"ja_vi","level":"N2","title":"～ではないだろうか     =>Có lẽ sẽ…chăng?","usages":[{"synopsis":"  Vの・ N・Aな ＋ ではないだろうか  ","explain":"  D&ugrave;ng để diễn tả suy đo&aacute;n về sự việc n&agrave;o đ&oacute; c&oacute; xảy ra hay kh&ocirc;ng. ","mean":" : C&oacute; lẽ sẽ&hellip;chăng? ","note":null,"examples":["93020c54469e582d6fdb16f7ba86249a","93020c54469e582d6fdb16f7ba8633f3","93020c54469e582d6fdb16f7ba8640ec","93020c54469e582d6fdb16f7ba864b23"]}]}},{"id":"93020c54469e582d6fdb16f7ba865a25","key":"N2","value":{"_id":"93020c54469e582d6fdb16f7ba865a25","_rev":"1-6bc7bd344fced2cd35f5951384b2279e","type":"grammar","lang":["vi"],"label":"ja_vi","level":"N2","title":"～ろくに～ない（碌に～ない）     =>Không…một chút gì","usages":[{"synopsis":"  ～ろくに～ない  ","explain":"  Diễn tả sự phủ định ho&agrave;n to&agrave;n. ","mean":" : Kh&ocirc;ng&hellip;một ch&uacute;t g&igrave; ","note":null,"examples":["93020c54469e582d6fdb16f7ba8653dd","93020c54469e582d6fdb16f7ba86546b","93020c54469e582d6fdb16f7ba865691"]}]}},{"id":"93020c54469e582d6fdb16f7ba86849d","key":"N2","value":{"_id":"93020c54469e582d6fdb16f7ba86849d","_rev":"1-7059070dc1a3bd41dc3f85aa73d4f88f","type":"grammar","lang":["vi"],"label":"ja_vi","level":"N2","title":"～よりしかたがない（～より仕方がない）     =>Không còn cách nào, hết cách~","usages":[{"synopsis":"  Vる ＋ より仕方がない  ","explain":"  Biểu thị &yacute; nghĩa v&igrave; l&yacute; do n&ecirc;n kh&ocirc;ng c&ograve;n sự lựa chọn n&agrave;o kh&aacute;c. ","mean":" : Kh&ocirc;ng c&ograve;n c&aacute;ch n&agrave;o, hết c&aacute;ch~ ","note":null,"examples":["93020c54469e582d6fdb16f7ba8667ec","93020c54469e582d6fdb16f7ba8670b3","93020c54469e582d6fdb16f7ba8675f6","93020c54469e582d6fdb16f7ba86809d","93020c54469e582d6fdb16f7ba868180"]}]}},{"id":"93020c54469e582d6fdb16f7ba86b697","key":"N2","value":{"_id":"93020c54469e582d6fdb16f7ba86b697","_rev":"1-8d92ccdc9f5e7d1bd84856738c946b34","type":"grammar","lang":["vi"],"label":"ja_vi","level":"N2","title":"～せめて     =>Dù chỉ …cũng muốn…","usages":[{"synopsis":"  せめて ＋ Vたい  ","explain":"  ☞D&ugrave;ng để thể hiện mong muốn tha thiết của người n&oacute;i để được đ&aacute;p ứng nguyện vọng của m&igrave;nh, d&ugrave; l&agrave; ở mức độ tối thiểu nhất. ☞ せめて＝少なくとも (&iacute;t nhất) ","mean":" : D&ugrave; chỉ &hellip;cũng muốn&hellip; ","note":null,"examples":["93020c54469e582d6fdb16f7ba868ebf","93020c54469e582d6fdb16f7ba869dc5","93020c54469e582d6fdb16f7ba86a83d","93020c54469e582d6fdb16f7ba86a9a8","93020c54469e582d6fdb16f7ba86b3bd"]}]}},{"id":"93020c54469e582d6fdb16f7ba86f311","key":"N2","value":{"_id":"93020c54469e582d6fdb16f7ba86f311","_rev":"1-5ab34f20a4f0c55034a079f98267157c","type":"grammar","lang":["vi"],"label":"ja_vi","level":"N2","title":"～ものですから／～ものだから     =>Vì~","usages":[{"synopsis":"  V・Aい・Aな・Nの修飾型 ＋ ものですから  ","explain":"  D&ugrave;ng để khi giải th&iacute;ch l&yacute; do, ph&acirc;n trần, biện bạch. ","mean":" : V&igrave;~ ","note":null,"examples":["93020c54469e582d6fdb16f7ba86c62b","93020c54469e582d6fdb16f7ba86d619","93020c54469e582d6fdb16f7ba86e2a4","93020c54469e582d6fdb16f7ba86e94f"]}]}},{"id":"93020c54469e582d6fdb16f7ba87178b","key":"N2","value":{"_id":"93020c54469e582d6fdb16f7ba87178b","_rev":"1-dca423328ecbf5705efe98d751db9362","type":"grammar","lang":["vi"],"label":"ja_vi","level":"N2","title":"～がきになる（～が気になる）     =>Lo lắng, băn khoăn, lo ngại~","usages":[{"synopsis":"  ～が気になる  ","explain":null,"mean":" : Lo lắng, băn khoăn, lo ngại~ ","note":null,"examples":["93020c54469e582d6fdb16f7ba86f7bf","93020c54469e582d6fdb16f7ba87016c","93020c54469e582d6fdb16f7ba870deb"]}]}},{"id":"93020c54469e582d6fdb16f7ba872ad4","key":"N2","value":{"_id":"93020c54469e582d6fdb16f7ba872ad4","_rev":"1-790d18180bebd3f58ba2e061282a4ce4","type":"grammar","lang":["vi"],"label":"ja_vi","level":"N2","title":"～おもうように（～思うように）     =>Như đã nghĩ~","usages":[{"synopsis":"  ～思うように  ","explain":"  Thường sử dụng thể ở phủ định. ","mean":" : Như đ&atilde; nghĩ~ ","note":null,"examples":["93020c54469e582d6fdb16f7ba87239b","93020c54469e582d6fdb16f7ba8728e5","93020c54469e582d6fdb16f7ba872a36"]}]}},{"id":"93020c54469e582d6fdb16f7ba874103","key":"N2","value":{"_id":"93020c54469e582d6fdb16f7ba874103","_rev":"1-9acbd0023f427abef50d7c35de462509","type":"grammar","lang":["vi"],"label":"ja_vi","level":"N2","title":"～さすが（に）     =>Quả là~","usages":[{"synopsis":"  ～さすが（に）  ","explain":null,"mean":" : Quả l&agrave;~ ","note":"  Khi đi với mẫu c&acirc;u さすがは～だけあってc&oacute; nghĩa l&agrave; như l&agrave; mong muốn, như l&agrave; さすがに天文学の権威だけあって、彼は天体のことには詳しい。さすがにてんもんがくのけんいだけあって、かれはてんたいのことにはくわしい  Như mọi người tr&ocirc;ng đợi, l&agrave; chuy&ecirc;n gia trong thi&ecirc;n văn học, anh ta sẽ hiểu tường tận về c&aacute;c thi&ecirc;n thể. ","examples":["93020c54469e582d6fdb16f7ba87324e","93020c54469e582d6fdb16f7ba873cb7","93020c54469e582d6fdb16f7ba8740d6"]}]}},{"id":"93020c54469e582d6fdb16f7ba876a0d","key":"N2","value":{"_id":"93020c54469e582d6fdb16f7ba876a0d","_rev":"1-ccb3f7a2b5deb4da381364cc812f91f3","type":"grammar","lang":["vi"],"label":"ja_vi","level":"N2","title":"～ものの     =>Mặc dù…nhưng mà","usages":[{"synopsis":"  V普通形・Aい・Aな ＋ ものの  ","explain":"  D&ugrave;ng để diễn tả cho sự việc bất ngờ, sự việc ngoại lệ thường xảy ra. ","mean":" : Mặc d&ugrave;&hellip;nhưng m&agrave; ","note":"  ☞Mẫu c&acirc;u n&agrave;y tương tự như にもかかわらずnhưng người n&oacute;i n&ecirc;u ra sự thật vấn đề, n&oacute;i r&otilde; &yacute; kiến hơn. ☞Mẫu c&acirc;u n&agrave;y kh&aacute;c với thể くせにbởi v&igrave; khi d&ugrave;ng もののth&igrave; bạn kh&ocirc;ng chỉ tr&iacute;ch hay ph&agrave;n n&agrave;n về mọi thứ. ","examples":["93020c54469e582d6fdb16f7ba874bcb","93020c54469e582d6fdb16f7ba874fad","93020c54469e582d6fdb16f7ba8752ef","93020c54469e582d6fdb16f7ba875d5e"]}]}},{"id":"93020c54469e582d6fdb16f7ba87a6e4","key":"N2","value":{"_id":"93020c54469e582d6fdb16f7ba87a6e4","_rev":"1-97c2bf629ea53ff8bb6eefd130d33a5a","type":"grammar","lang":["vi"],"label":"ja_vi","level":"N2","title":"～いっぽう、～いっぽうで（～一方、～一方で（は））     =>Mặt khác, trái lại ~","usages":[{"synopsis":"  「V・Aい・Aな・N」のN修飾型 ＋ 一方  ","explain":"  ☞D&ugrave;ng để diễn tả sự so s&aacute;nh. ☞ Đối với danh từ v&agrave; t&iacute;nh từ なđược sử dụng 「名-である」「な形-である」 ","mean":" : Mặt kh&aacute;c, tr&aacute;i lại ~ ","note":null,"examples":["93020c54469e582d6fdb16f7ba8778ca","93020c54469e582d6fdb16f7ba878378","93020c54469e582d6fdb16f7ba8788c1","93020c54469e582d6fdb16f7ba8793e0","93020c54469e582d6fdb16f7ba87a03f"]}]}},{"id":"93020c54469e582d6fdb16f7ba87b549","key":"N2","value":{"_id":"93020c54469e582d6fdb16f7ba87b549","_rev":"1-2d7bfd66c1cb982f51294facd13fd3bd","type":"grammar","lang":["vi"],"label":"ja_vi","level":"N2","title":"～それにしても     =>Dù sao đi nữa, tuy nhiên, tuy vậy","usages":[{"synopsis":"  ～それにしても  ","explain":"  Diễn tả tr&igrave;nh trạng trong bất cừ trường hợp n&agrave;o th&igrave;&hellip; ","mean":" : D&ugrave; sao đi nữa, tuy nhi&ecirc;n, tuy vậy ","note":null,"examples":["93020c54469e582d6fdb16f7ba87ad2d","93020c54469e582d6fdb16f7ba87adbe"]}]}},{"id":"93020c54469e582d6fdb16f7ba87e099","key":"N2","value":{"_id":"93020c54469e582d6fdb16f7ba87e099","_rev":"1-f34300dbf337cd9b05d7af9b4e521ebb","type":"grammar","lang":["vi"],"label":"ja_vi","level":"N2","title":"～を～にまかせる     =>Phó thác~","usages":[{"synopsis":"  ～を～にまかせる  ","explain":null,"mean":" : Ph&oacute; th&aacute;c~ ","note":null,"examples":["93020c54469e582d6fdb16f7ba87c0e1","93020c54469e582d6fdb16f7ba87c820","93020c54469e582d6fdb16f7ba87cf1c","93020c54469e582d6fdb16f7ba87d119","93020c54469e582d6fdb16f7ba87daa4"]}]}},{"id":"93020c54469e582d6fdb16f7ba880f9d","key":"N2","value":{"_id":"93020c54469e582d6fdb16f7ba880f9d","_rev":"1-8c8e78f044e6498c5eb86813bf9ddef3","type":"grammar","lang":["vi"],"label":"ja_vi","level":"N2","title":"～にいたるまで（至るまで）     =>Từ…đến","usages":[{"synopsis":"  ～から～に至るまで  ","explain":null,"mean":" : Từ&hellip;đến ","note":null,"examples":["93020c54469e582d6fdb16f7ba87e649","93020c54469e582d6fdb16f7ba87f3df","93020c54469e582d6fdb16f7ba880272","93020c54469e582d6fdb16f7ba880816"]}]}},{"id":"93020c54469e582d6fdb16f7ba884143","key":"N2","value":{"_id":"93020c54469e582d6fdb16f7ba884143","_rev":"1-154bec6a1e5cc1ef191f036532d813b4","type":"grammar","lang":["vi"],"label":"ja_vi","level":"N2","title":"～かねる     =>Không thể, khó mà có thể","usages":[{"synopsis":"  Vます ＋ かねる  ","explain":null,"mean":" : Kh&ocirc;ng thể, kh&oacute; m&agrave; c&oacute; thể ","note":"  H&igrave;nh thức mẫu c&acirc;u l&agrave; khẳng định nhưng mang &yacute; nghĩa phủ định. ","examples":["93020c54469e582d6fdb16f7ba881bc1","93020c54469e582d6fdb16f7ba8829c1","93020c54469e582d6fdb16f7ba88357d","93020c54469e582d6fdb16f7ba8837e2"]}]}},{"id":"93020c54469e582d6fdb16f7ba8866ea","key":"N2","value":{"_id":"93020c54469e582d6fdb16f7ba8866ea","_rev":"1-38e549db1d92c75412f70f2b9af4ac20","type":"grammar","lang":["vi"],"label":"ja_vi","level":"N2","title":"～さしつかえない     =>Không có vấn đề, không gây chướng ngại,","usages":[{"synopsis":"  ～さしつかえない  ","explain":null,"mean":" : Kh&ocirc;ng c&oacute; vấn đề, kh&ocirc;ng g&acirc;y chướng ngại, kh&ocirc;ng g&acirc;y cản trở. ","note":null,"examples":["93020c54469e582d6fdb16f7ba884740","93020c54469e582d6fdb16f7ba884958","93020c54469e582d6fdb16f7ba88557a","93020c54469e582d6fdb16f7ba886497"]}]}},{"id":"93020c54469e582d6fdb16f7ba888d03","key":"N2","value":{"_id":"93020c54469e582d6fdb16f7ba888d03","_rev":"1-96b093b8ae8af5cb41c69967d849316b","type":"grammar","lang":["vi"],"label":"ja_vi","level":"N2","title":"～たちまち     =>Ngay lập tức, đột nhiên~","usages":[{"synopsis":"  ～たちまち  ","explain":"  D&ugrave;ng để diễn tả sự việc xảy ra trong một thời gian rất ngắn, tức th&igrave;. V&agrave; sự việc đột nhi&ecirc;n ph&aacute;t sinh. ","mean":" : Ngay lập tức, đột nhi&ecirc;n~ ","note":null,"examples":["93020c54469e582d6fdb16f7ba887075","93020c54469e582d6fdb16f7ba8871bd","93020c54469e582d6fdb16f7ba887247","93020c54469e582d6fdb16f7ba8878f8","93020c54469e582d6fdb16f7ba888874"]}]}},{"id":"93020c54469e582d6fdb16f7ba88b8e3","key":"N2","value":{"_id":"93020c54469e582d6fdb16f7ba88b8e3","_rev":"1-09955ffa2dd7a425782fc35a95006ea3","type":"grammar","lang":["vi"],"label":"ja_vi","level":"N2","title":"～つうじて（通じて）     =>Thông qua (phương tiện), suốt (thời gian)","usages":[{"synopsis":"  N ＋ 通じて  ","explain":null,"mean":" : Th&ocirc;ng qua phương tiện, suốt thời gian ","note":null,"examples":["93020c54469e582d6fdb16f7ba8890bc","93020c54469e582d6fdb16f7ba889949","93020c54469e582d6fdb16f7ba889e3e","93020c54469e582d6fdb16f7ba88ab79"]}]}},{"id":"93020c54469e582d6fdb16f7ba88d967","key":"N2","value":{"_id":"93020c54469e582d6fdb16f7ba88d967","_rev":"1-e54dc8130f0bb8fc8543c8bbb27ca2dd","type":"grammar","lang":["vi"],"label":"ja_vi","level":"N2","title":"～なにしろ（何しろ）     =>Dù thế nào đi nữa~","usages":[{"synopsis":"  ～なにしろ（何しろ）  ","explain":null,"mean":" : D&ugrave; thế n&agrave;o đi nữa~ ","note":null,"examples":["93020c54469e582d6fdb16f7ba88c451","93020c54469e582d6fdb16f7ba88c5b8","93020c54469e582d6fdb16f7ba88c8c3","93020c54469e582d6fdb16f7ba88d616"]}]}},{"id":"93020c54469e582d6fdb16f7ba891254","key":"N2","value":{"_id":"93020c54469e582d6fdb16f7ba891254","_rev":"1-fae833c0897df249747e50800374faf9","type":"grammar","lang":["vi"],"label":"ja_vi","level":"N2","title":"～かたわら（傍ら）     =>Bên cạnh~","usages":[{"synopsis":"  Vる・N ＋ かたわら  ","explain":null,"mean":" : B&ecirc;n cạnh~ ","note":null,"examples":["93020c54469e582d6fdb16f7ba88e862","93020c54469e582d6fdb16f7ba88ef0c","93020c54469e582d6fdb16f7ba88fcdf","93020c54469e582d6fdb16f7ba890c92"]}]}},{"id":"93020c54469e582d6fdb16f7ba8934af","key":"N2","value":{"_id":"93020c54469e582d6fdb16f7ba8934af","_rev":"1-e80cbff898d0717146e631e8764c8b07","type":"grammar","lang":["vi"],"label":"ja_vi","level":"N2","title":"～ごとき／ごとく／ごとし（如し）     =>Giống như là~","usages":[{"synopsis":"  Vる／Vた＋(が)・(かの)＋ごとき／ごとく／ごとし  ","explain":"  Thường d&ugrave;ng với nghĩa thực tế kh&ocirc;ng phải như vậy, giống như vậy&hellip;. ","mean":" : Giống như l&agrave;~ ","note":"  Tương tự mẫu c&acirc;u ～ような／～ように／～ようだ。 ","examples":["93020c54469e582d6fdb16f7ba891e77","93020c54469e582d6fdb16f7ba891fb4","93020c54469e582d6fdb16f7ba892079","93020c54469e582d6fdb16f7ba892ed3","93020c54469e582d6fdb16f7ba8934a5"]}]}},{"id":"93020c54469e582d6fdb16f7ba895d89","key":"N2","value":{"_id":"93020c54469e582d6fdb16f7ba895d89","_rev":"1-26fd078358d91c7674f340ea82c588b4","type":"grammar","lang":["vi"],"label":"ja_vi","level":"N2","title":"～たまらない     =>Rất là~","usages":[{"synopsis":"  Vて ＋ たまらない  ","explain":null,"mean":" : Rất l&agrave;~ ","note":"  Ngo&agrave;i ra c&ograve;n d&ugrave;ng trong hội thoại, đ&aacute;p lại nội dung đ&atilde; nghe từ người n&oacute;i với nghĩa &ldquo;Kh&ocirc;ng thể chịu đựng được&rdquo; A: 毎日、車の音がうるさくて眠れないんです。 まいにち、くるまのおとがうるさくてねむれないんです B: それはたまりませんね。 それはたまりませんね A: Mỗi ng&agrave;y, &acirc;m thanh xe ồn kh&ocirc;ng thể ngủ được. B: Điều n&agrave;y kh&ocirc;ng thể chịu đựng được nhỉ. ","examples":["93020c54469e582d6fdb16f7ba8935ea","93020c54469e582d6fdb16f7ba894315","93020c54469e582d6fdb16f7ba894aa6","93020c54469e582d6fdb16f7ba895a72"]}]}},{"id":"93020c54469e582d6fdb16f7ba8997e3","key":"N2","value":{"_id":"93020c54469e582d6fdb16f7ba8997e3","_rev":"1-31c646d20618e49d5972addaf0cc6ea6","type":"grammar","lang":["vi"],"label":"ja_vi","level":"N2","title":"～とうてい     =>Hoàn toàn không thể, hoàn toàn không còn cách nào…","usages":[{"synopsis":"  ～とうてい&hellip;ない  ","explain":"  D&ugrave;ng để diễn tả &yacute; d&ugrave; cho c&oacute; lấy phương ph&aacute;p như thế n&agrave;o, d&ugrave; cho suy nghĩ như thế n&agrave;o đi nữa th&igrave; cũng kh&ocirc;ng thể, qu&aacute; khả năng, qu&aacute; sức, kh&ocirc;ng thể c&oacute;. ","mean":" : Ho&agrave;n to&agrave;n kh&ocirc;ng thể, ho&agrave;n to&agrave;n kh&ocirc;ng c&ograve;n c&aacute;ch n&agrave;o&hellip; ","note":null,"examples":["93020c54469e582d6fdb16f7ba896491","93020c54469e582d6fdb16f7ba8968e0","93020c54469e582d6fdb16f7ba89780e","93020c54469e582d6fdb16f7ba89875f","93020c54469e582d6fdb16f7ba898c7f"]}]}},{"id":"93020c54469e582d6fdb16f7ba89b71e","key":"N2","value":{"_id":"93020c54469e582d6fdb16f7ba89b71e","_rev":"1-1372efde1a04d5eea0fe12ca6a3fbd15","type":"grammar","lang":["vi"],"label":"ja_vi","level":"N2","title":"～のぼる     =>Đạt hơn~","usages":[{"synopsis":"  N ＋ にのぼる  ","explain":null,"mean":" : Đạt hơn~ ","note":null,"examples":["93020c54469e582d6fdb16f7ba89a3d2","93020c54469e582d6fdb16f7ba89a820"]}]}},{"id":"93020c54469e582d6fdb16f7ba89e036","key":"N2","value":{"_id":"93020c54469e582d6fdb16f7ba89e036","_rev":"1-cba78b4d9d9cc53691f936a2f4c6b24c","type":"grammar","lang":["vi"],"label":"ja_vi","level":"N2","title":"～さえ～ば     =>Chỉ cần~","usages":[{"synopsis":"  Vます ＋ さえすれば ","explain":null,"mean":null,"note":null,"examples":[]},{"synopsis":"  Aい&rarr;く Aな／N&rarr;で ＋ さえあれば ","explain":null,"mean":null,"note":null,"examples":[]},{"synopsis":" N ＋ さえ ＋ Vば  ","explain":null,"mean":" : Chỉ cần~ ","note":null,"examples":["93020c54469e582d6fdb16f7ba89c339","93020c54469e582d6fdb16f7ba89c565","93020c54469e582d6fdb16f7ba89ca09","93020c54469e582d6fdb16f7ba89d092"]}]}},{"id":"93020c54469e582d6fdb16f7ba8a00a1","key":"N2","value":{"_id":"93020c54469e582d6fdb16f7ba8a00a1","_rev":"1-cd8e30944cc92f64b21545cb10d9d29a","type":"grammar","lang":["vi"],"label":"ja_vi","level":"N2","title":"～しだいだ（～次第だ）     =>Chuyện là, lý do là, kết quả là","usages":[{"synopsis":"  V・Aい・Aな＋の・N修飾型 ＋ 次第だ  ","explain":null,"mean":" : Chuyện l&agrave;, l&yacute; do l&agrave;, kết quả l&agrave; ","note":null,"examples":["93020c54469e582d6fdb16f7ba89eef5","93020c54469e582d6fdb16f7ba89f7bd"]}]}},{"id":"93020c54469e582d6fdb16f7ba8a3f44","key":"N2","value":{"_id":"93020c54469e582d6fdb16f7ba8a3f44","_rev":"1-9c1c55611b8cdb05e29951962eb1e062","type":"grammar","lang":["vi"],"label":"ja_vi","level":"N2","title":"～あげく     =>Sau …. rốt cuộc là …","usages":[{"synopsis":"  Vた・Nの ＋ あげく  ","explain":"  Diễn tả t&igrave;nh trạng xảy ra trước đ&oacute;, k&eacute;o d&agrave;i một thời gian nhất định v&agrave; cuối c&ugrave;ng đi đến quyết định triển khai, giải quyết &hellip; ","mean":" : Sau &hellip;. rốt cuộc l&agrave; &hellip; ","note":null,"examples":["93020c54469e582d6fdb16f7ba8a09c5","93020c54469e582d6fdb16f7ba8a19a5","93020c54469e582d6fdb16f7ba8a219f","93020c54469e582d6fdb16f7ba8a2779","93020c54469e582d6fdb16f7ba8a3457"]}]}}]}