{"status":200,"message":"","results":[{"id":"93020c54469e582d6fdb16f7ba8a5da1","key":"N2","value":{"_id":"93020c54469e582d6fdb16f7ba8a5da1","_rev":"1-f2aa77d1ef0b7be40a2250be4b97007e","type":"grammar","lang":["vi"],"label":"ja_vi","level":"N2","title":"～あまり     =>Vì … bất thường nên","usages":[{"synopsis":"  Vる・Aい・ Aな・ Nの ＋ あまり  ","explain":null,"mean":" : V&igrave; &hellip; bất thường n&ecirc;n ","note":null,"examples":["93020c54469e582d6fdb16f7ba8a4458","93020c54469e582d6fdb16f7ba8a4531","93020c54469e582d6fdb16f7ba8a458f","93020c54469e582d6fdb16f7ba8a491a","93020c54469e582d6fdb16f7ba8a5448"]}]}},{"id":"93020c54469e582d6fdb16f7ba8a8183","key":"N2","value":{"_id":"93020c54469e582d6fdb16f7ba8a8183","_rev":"1-6d711aafb5a6643a6303afd2be3c7d5c","type":"grammar","lang":["vi"],"label":"ja_vi","level":"N2","title":"～いじょう（～以上）     =>Chừng nào, đã là .. thì","usages":[{"synopsis":"  「V・Aい・Aな・N」のN修飾型 ＋ 以上  ","explain":"  Đối với danh từ v&agrave; t&iacute;nh từ なđược sử dụng 「名-である」「な形-である」 ","mean":" : Chừng n&agrave;o, đ&atilde; l&agrave; .. th&igrave; ","note":null,"examples":["93020c54469e582d6fdb16f7ba8a6c19","93020c54469e582d6fdb16f7ba8a6cf9","93020c54469e582d6fdb16f7ba8a7398","93020c54469e582d6fdb16f7ba8a7a4c","93020c54469e582d6fdb16f7ba8a7e78"]}]}},{"id":"93020c54469e582d6fdb16f7ba8aa5ab","key":"N2","value":{"_id":"93020c54469e582d6fdb16f7ba8aa5ab","_rev":"1-1f60aefed2a9b37d69813d82bec68693","type":"grammar","lang":["vi"],"label":"ja_vi","level":"N2","title":"～いっぽう、～いっぽうで（は）（～一方、～一方で（は））     =>Mặt khác, trái lại … (diễn tả sự so sánh)","usages":[{"synopsis":"  「V・Aい・Aな・N」のN修飾型 ＋ 一方  ","explain":null,"mean":" : Mặt kh&aacute;c, tr&aacute;i lại &hellip; (diễn tả sự so s&aacute;nh) ","note":null,"examples":["93020c54469e582d6fdb16f7ba8a85ad","93020c54469e582d6fdb16f7ba8a8d25","93020c54469e582d6fdb16f7ba8a90a4","93020c54469e582d6fdb16f7ba8a9633","93020c54469e582d6fdb16f7ba8aa28b"]}]}},{"id":"93020c54469e582d6fdb16f7ba8ab7d4","key":"N2","value":{"_id":"93020c54469e582d6fdb16f7ba8ab7d4","_rev":"1-7804d4ce18615253a0fcf0f163862c3f","type":"grammar","lang":["vi"],"label":"ja_vi","level":"N2","title":"～こととなっている／～ことになっている     =>Dự định, quyết định～","usages":[{"synopsis":"  Vる／Vない ＋ こととなっている  ","explain":"  Thường sử dụng để thể hiện nguy&ecirc;n tắc, phong tục x&atilde; hội. ","mean":" : Dự định, quyết định～ ","note":null,"examples":["93020c54469e582d6fdb16f7ba8aa7f2","93020c54469e582d6fdb16f7ba8ab12c","93020c54469e582d6fdb16f7ba8ab356","93020c54469e582d6fdb16f7ba8ab4d5"]}]}},{"id":"93020c54469e582d6fdb16f7ba8acf31","key":"N2","value":{"_id":"93020c54469e582d6fdb16f7ba8acf31","_rev":"1-7ec77ebbe92f2ef722cd3bf19d224e7f","type":"grammar","lang":["vi"],"label":"ja_vi","level":"N2","title":"～ことに（は）     =>Thật là~","usages":[{"synopsis":"  Vた・Aい・Aな ＋ ことに  ","explain":"  Nhấn mạnh ở đầu c&acirc;u d&ugrave;ng để diễn tả t&igrave;nh cảm, cảm x&uacute;c. ","mean":" : Thật l&agrave;~ ","note":"  Thường d&ugrave;ng với c&aacute;c từ chỉ t&igrave;nh cảm, cảm x&uacute;c. 困ったことに こまったことに Thật l&agrave; kh&oacute; khăn. びっくりしたことに びっくりしたことに Thật l&agrave; bất ngờ. あきれたことに あきれたことに Thật l&agrave; sốc. 面白いことにおもしろいことに Thật l&agrave; th&uacute; vị. ありがたいことにありがたいことに Thật l&agrave; biết ơn. 幸いことに さいわいことに Thật l&agrave; hạnh ph&uacute;c. ","examples":["93020c54469e582d6fdb16f7ba8abd32","93020c54469e582d6fdb16f7ba8ac2a3","93020c54469e582d6fdb16f7ba8ac8ad","93020c54469e582d6fdb16f7ba8aca71"]}]}},{"id":"93020c54469e582d6fdb16f7ba8b0a24","key":"N2","value":{"_id":"93020c54469e582d6fdb16f7ba8b0a24","_rev":"1-1aad1d765242dbd43a2e8e5e3539c05e","type":"grammar","lang":["vi"],"label":"ja_vi","level":"N2","title":"～ことはない／～こともない     =>Không cần phải làm~","usages":[{"synopsis":"  Vる ＋ ことはない  ","explain":null,"mean":" : Kh&ocirc;ng cần phải l&agrave;m~ ","note":null,"examples":["93020c54469e582d6fdb16f7ba8ada5c","93020c54469e582d6fdb16f7ba8adb48","93020c54469e582d6fdb16f7ba8ae8b8","93020c54469e582d6fdb16f7ba8af84a","93020c54469e582d6fdb16f7ba8afa48"]}]}},{"id":"93020c54469e582d6fdb16f7ba8b4a8d","key":"N2","value":{"_id":"93020c54469e582d6fdb16f7ba8b4a8d","_rev":"1-4c183d41708db76fdad5fa721a01c404","type":"grammar","lang":["vi"],"label":"ja_vi","level":"N2","title":"～さいちゅうに（～最中に）     =>Đang trong lúc~","usages":[{"synopsis":"  Vている・ Aい・ Nの ＋ 最中に  ","explain":"  Diễn tả h&agrave;nh động đang diễn ra th&igrave; h&agrave;nh động kh&aacute;c cắt ngang. ","mean":" : Đang trong l&uacute;c~ ","note":null,"examples":["93020c54469e582d6fdb16f7ba8b19e2","93020c54469e582d6fdb16f7ba8b1f69","93020c54469e582d6fdb16f7ba8b2773","93020c54469e582d6fdb16f7ba8b2de9","93020c54469e582d6fdb16f7ba8b3977","93020c54469e582d6fdb16f7ba8b3cf0"]}]}},{"id":"93020c54469e582d6fdb16f7ba8b651c","key":"N2","value":{"_id":"93020c54469e582d6fdb16f7ba8b651c","_rev":"1-5f9a347e166b2419676be35d6d0e5c4c","type":"grammar","lang":["vi"],"label":"ja_vi","level":"N2","title":"～ざるをえない（～ざるを得ない）     =>Đành phải, buộc phải, chỉ còn cách phải","usages":[{"synopsis":"  Vない ＋ ざるをえない ","explain":"  ☞D&ugrave;ng để diễn tả kh&ocirc;ng th&iacute;ch, kh&ocirc;ng muốn l&agrave;m điều đ&oacute; nhưng c&oacute; l&yacute; do n&ecirc;n phải l&agrave;m. ☞Diễn tả sự việc kh&ocirc;ng c&oacute; sự lựa chọn n&agrave;o kh&aacute;c hơn l&agrave; phải l&agrave;m như thế. ","mean":" : Đ&agrave;nh phải, buộc phải, chỉ c&ograve;n c&aacute;ch phải ","note":"  Động từ するsẽ chuyển th&agrave;nh せざるをえない. ","examples":["93020c54469e582d6fdb16f7ba8b4e05","93020c54469e582d6fdb16f7ba8b4e9b","93020c54469e582d6fdb16f7ba8b555f","93020c54469e582d6fdb16f7ba8b6155"]}]}},{"id":"93020c54469e582d6fdb16f7ba8b976b","key":"N2","value":{"_id":"93020c54469e582d6fdb16f7ba8b976b","_rev":"1-548aedcdabbaad9873fd991118c39931","type":"grammar","lang":["vi"],"label":"ja_vi","level":"N2","title":"～しかない     =>Chỉ là, Chỉ còn cách…","usages":[{"synopsis":"  Vる・Nで ＋ しかない  ","explain":"  Thường sử dụng để tr&igrave;nh b&agrave;y &yacute; chỉ l&agrave;m như thế th&ocirc;i chứ kh&ocirc;ng c&ograve;n c&aacute;ch n&agrave;o kh&aacute;c, cũng như kh&ocirc;ng c&ograve;n khả năng n&agrave;o kh&aacute;c. ","mean":" : Chỉ l&agrave;, Chỉ c&ograve;n c&aacute;ch&hellip; ","note":null,"examples":["93020c54469e582d6fdb16f7ba8b6ee0","93020c54469e582d6fdb16f7ba8b7c07","93020c54469e582d6fdb16f7ba8b8965","93020c54469e582d6fdb16f7ba8b947e","93020c54469e582d6fdb16f7ba8b964d"]}]}},{"id":"93020c54469e582d6fdb16f7ba8bc8e4","key":"N2","value":{"_id":"93020c54469e582d6fdb16f7ba8bc8e4","_rev":"1-b79e1b6186824d4f168b5b6fd89e7331","type":"grammar","lang":["vi"],"label":"ja_vi","level":"N2","title":"～じょうは（上は）     =>Một khi mà~","usages":[{"synopsis":"  Vる／Vた ＋ 上は  ","explain":null,"mean":" : Một khi m&agrave;~ ","note":null,"examples":["93020c54469e582d6fdb16f7ba8ba6a7","93020c54469e582d6fdb16f7ba8baf53","93020c54469e582d6fdb16f7ba8bba7c"]}]}},{"id":"93020c54469e582d6fdb16f7ba8bfc26","key":"N2","value":{"_id":"93020c54469e582d6fdb16f7ba8bfc26","_rev":"1-ebe607103509966a5ad5f183fc696634","type":"grammar","lang":["vi"],"label":"ja_vi","level":"N2","title":"～せいだ／～せいで／～せいか     =>Tại vì, có phải tại vì~","usages":[{"synopsis":"  N修飾型 ＋ せいだ／せいで／せいか  ","explain":"  Diễn tả t&igrave;nh trạng nếu l&agrave;m g&igrave; đ&oacute; th&igrave; sẽ c&oacute; kết quả xấu hoặc việc đ&oacute; v&igrave; xấu n&ecirc;n th&agrave;nh ra kết quả bị xấu. Trường hợp sử dụng đối với h&agrave;nh động của người kh&aacute;c sẽ mang t&acirc;m trạng tr&aacute;ch m&oacute;c. ","mean":" : Tại v&igrave;, c&oacute; phải tại v&igrave;~ ","note":null,"examples":["93020c54469e582d6fdb16f7ba8bd4ed","93020c54469e582d6fdb16f7ba8be298","93020c54469e582d6fdb16f7ba8beafe","93020c54469e582d6fdb16f7ba8bf9f2"]}]}},{"id":"93020c54469e582d6fdb16f7ba8c2c93","key":"N2","value":{"_id":"93020c54469e582d6fdb16f7ba8c2c93","_rev":"1-5081d8befda1d51a762732c4d5f388ab","type":"grammar","lang":["vi"],"label":"ja_vi","level":"N2","title":"～どころか     =>Thay vì…ngược lại","usages":[{"synopsis":"  N修飾型 ＋ どころか  ","explain":"  D&ugrave;ng khi muốn n&oacute;i kh&ocirc;ng phải ở mức độ như thế m&agrave; c&ograve;n hơn nữa hoặc vấn đề đ&oacute; ho&agrave;n to&agrave;n kh&aacute;c, ngược lại với&hellip; ","mean":" : Thay v&igrave;&hellip;ngược lại ","note":null,"examples":["93020c54469e582d6fdb16f7ba8c0917","93020c54469e582d6fdb16f7ba8c0a23","93020c54469e582d6fdb16f7ba8c163d","93020c54469e582d6fdb16f7ba8c2526"]}]}},{"id":"93020c54469e582d6fdb16f7ba8c5191","key":"N2","value":{"_id":"93020c54469e582d6fdb16f7ba8c5191","_rev":"1-2913802be061ccfc53d9f45759f08b80","type":"grammar","lang":["vi"],"label":"ja_vi","level":"N2","title":"～どころではない     =>Không phải lúc để ~, không thể ~","usages":[{"synopsis":"  Vる・N ＋ どころではない  ","explain":"  Diễn tả c&oacute; l&yacute; do kh&aacute;c quan trọng hơn n&ecirc;n l&uacute;c n&agrave;y kh&ocirc;ng thể ~ ","mean":" : Kh&ocirc;ng phải l&uacute;c để ~, kh&ocirc;ng thể ~ ","note":null,"examples":["93020c54469e582d6fdb16f7ba8c3448","93020c54469e582d6fdb16f7ba8c34bb","93020c54469e582d6fdb16f7ba8c3fd3","93020c54469e582d6fdb16f7ba8c4885"]}]}},{"id":"93020c54469e582d6fdb16f7ba8c601f","key":"N2","value":{"_id":"93020c54469e582d6fdb16f7ba8c601f","_rev":"1-2f6798fbcc718f187970acf8dedde14f","type":"grammar","lang":["vi"],"label":"ja_vi","level":"N2","title":"～ないばかりか     =>Không những không …","usages":[{"synopsis":"  Vない &rarr; ないばかりか  ","explain":"  ☞Diễn đạt &yacute; nghĩa kh&ocirc;ng chỉ kh&ocirc;ng ~ m&agrave; c&ograve;n&hellip; ☞Diễn tả t&igrave;nh trạng kh&ocirc;ng những ~ kh&ocirc;ng đạt m&agrave; ngay cả mức tối thiểu/mức thấp hơn cũng kh&ocirc;ng đạt ","mean":" : Kh&ocirc;ng những kh&ocirc;ng &hellip; ","note":null,"examples":["93020c54469e582d6fdb16f7ba8c58ee","93020c54469e582d6fdb16f7ba8c5ac5"]}]}},{"id":"93020c54469e582d6fdb16f7ba8c6fdf","key":"N2","value":{"_id":"93020c54469e582d6fdb16f7ba8c6fdf","_rev":"1-9aa6311431598ae9c1d9e162b0d9b741","type":"grammar","lang":["vi"],"label":"ja_vi","level":"N2","title":"～にきまってる（～に決まってる）     =>Nhất định là~","usages":[{"synopsis":"  Vる・N・A ＋ にきまっている  ","explain":null,"mean":" : Nhất định l&agrave;~ ","note":null,"examples":["93020c54469e582d6fdb16f7ba8c60c8"]}]}}]}