{"status":200,"message":"","results":[{"id":"93020c54469e582d6fdb16f7ba62c1ff","key":"N4","value":{"_id":"93020c54469e582d6fdb16f7ba62c1ff","_rev":"1-78fb80eda72e1bd6024319bf272b6e63","type":"grammar","lang":["vi"],"label":"ja_vi","level":"N4","title":"～ば～ほど     =>Càng ~ càng…","usages":[{"synopsis":"  ～ば～ほど  ","explain":"  Mẫu c&acirc;u n&agrave;y diễn tả sự biến đổi tương ứng về mức độ hoặc phạm vi của nội dung được n&ecirc;u ra ở phần sau của c&acirc;u, khi m&agrave; điều kiện được n&ecirc;u ở phần trước của c&acirc;u thay đổi. Ở đ&acirc;y bộ phận đứng trước 「～ば／～なら」v&agrave; 「ほど」phải l&agrave; c&ugrave;ng một động từ hoặc t&iacute;nh từ. ","mean":" :  C&agrave;ng ~ c&agrave;ng&hellip; ","note":null,"examples":["93020c54469e582d6fdb16f7ba62a0e3","93020c54469e582d6fdb16f7ba62a1ea","93020c54469e582d6fdb16f7ba62a7f2","93020c54469e582d6fdb16f7ba62ace0","93020c54469e582d6fdb16f7ba62b63e"]}]}},{"id":"93020c54469e582d6fdb16f7ba62eab1","key":"N4","value":{"_id":"93020c54469e582d6fdb16f7ba62eab1","_rev":"1-f2178322d2f2b8f4a0e786ed737449db","type":"grammar","lang":["vi"],"label":"ja_vi","level":"N4","title":"～たがる     =>Anh/chị… muốn…, thích…","usages":[{"synopsis":" V- ます ＋ たがる ","explain":"  Diễn tả t&igrave;nh trạng ng&ocirc;i thứ ba muốn, th&iacute;ch l&agrave;m g&igrave; đ&oacute;&hellip; ","mean":" : Anh/chị&hellip; muốn&hellip;, th&iacute;ch&hellip; ","note":null,"examples":["93020c54469e582d6fdb16f7ba62cc19","93020c54469e582d6fdb16f7ba62d98f","93020c54469e582d6fdb16f7ba62dafb","93020c54469e582d6fdb16f7ba62df48","93020c54469e582d6fdb16f7ba62e3db"]}]}},{"id":"93020c54469e582d6fdb16f7ba632fc2","key":"N4","value":{"_id":"93020c54469e582d6fdb16f7ba632fc2","_rev":"1-a1f959cb9593874b7d6f88da2a430277","type":"grammar","lang":["vi"],"label":"ja_vi","level":"N4","title":"～かもしれない     =>Không chừng~, Có thể~","usages":[{"synopsis":"  普通形（N＋Aナ: だ） ＋ かもしれない  ","explain":"  D&ugrave;ng để diễn đạt sự suy x&eacute;t, ph&aacute;n đo&aacute;n của người n&oacute;i. N&oacute; c&oacute; nghĩa l&agrave; c&oacute; khả năng một sự việc hay một t&igrave;nh huống n&agrave;o đ&oacute; đ&atilde; hoặc sẽ xảy ra. So với「～でしょう」th&igrave; mức độ chắc chắn của mẫu c&acirc;u n&agrave;y thấp hơn nhiều. ","mean":" : Kh&ocirc;ng chừng~, C&oacute; thể~ ","note":null,"examples":["93020c54469e582d6fdb16f7ba62ef89","93020c54469e582d6fdb16f7ba62fe0a","93020c54469e582d6fdb16f7ba62ff76","93020c54469e582d6fdb16f7ba630cd2","93020c54469e582d6fdb16f7ba631b4a","93020c54469e582d6fdb16f7ba632a8d"]}]}},{"id":"93020c54469e582d6fdb16f7ba634b70","key":"N4","value":{"_id":"93020c54469e582d6fdb16f7ba634b70","_rev":"1-1a3c7517ddec82e8d134e49d89623de6","type":"grammar","lang":["vi"],"label":"ja_vi","level":"N4","title":"～でしょう     =>Có lẽ~","usages":[{"synopsis":"  普通形（N＋Aナ: だ） ＋ でしょう  ","explain":"  ☞D&ugrave;ng để diễn đạt sự suy x&eacute;t, ph&aacute;n đo&aacute;n của người n&oacute;i căn cứ v&agrave;o th&ocirc;ng tin c&oacute; được. ☞Ở dạng nghi vấn, d&ugrave;ng để hỏi về sự suy x&eacute;t, ph&aacute;n đo&aacute;n của người nghe. ","mean":" : C&oacute; lẽ~ ","note":null,"examples":["93020c54469e582d6fdb16f7ba63317a","93020c54469e582d6fdb16f7ba63321c","93020c54469e582d6fdb16f7ba6340f2","93020c54469e582d6fdb16f7ba634956","93020c54469e582d6fdb16f7ba634a63"]}]}},{"id":"93020c54469e582d6fdb16f7ba6380a9","key":"N4","value":{"_id":"93020c54469e582d6fdb16f7ba6380a9","_rev":"1-de4d9654e23116680383ccf30cc5e0cc","type":"grammar","lang":["vi"],"label":"ja_vi","level":"N4","title":"～しか～ない     =>Chỉ~","usages":[{"synopsis":"  ～しか～ない  ","explain":"  「しか」được d&ugrave;ng sau danh từ, lượng từ v.v., v&agrave; vị ngữ của n&oacute; lu&ocirc;n ở thể phủ định. N&oacute; nhấn mạnh phần đứng trước, giới hạn phần đ&oacute; v&agrave; phủ định những nội dung kh&aacute;c c&ograve;n lại. N&oacute; thay thế c&aacute;c trợ từ「が」、「を」v&agrave; được th&ecirc;m v&agrave;o sau c&aacute;c trợ từ kh&aacute;c. Kh&aacute;c với「だけ」được d&ugrave;ng với sắc th&aacute;i khẳng định, th&igrave;「しか」được d&ugrave;ng với sắc th&aacute;i phủ định. ","mean":" :  Chỉ~ ","note":null,"examples":["93020c54469e582d6fdb16f7ba635807","93020c54469e582d6fdb16f7ba635c81","93020c54469e582d6fdb16f7ba6367ec","93020c54469e582d6fdb16f7ba636c7a","93020c54469e582d6fdb16f7ba63772d"]}]}},{"id":"93020c54469e582d6fdb16f7ba63ab9b","key":"N4","value":{"_id":"93020c54469e582d6fdb16f7ba63ab9b","_rev":"1-81eafd470bfa15017d1c26959d025ff0","type":"grammar","lang":["vi"],"label":"ja_vi","level":"N4","title":"～ておく /  ～ておきます     =>Làm gì trước...","usages":[{"synopsis":"  Vて &rarr; ておく / ておきます  ","explain":"  ☞D&ugrave;ng để diễn tả việc ho&agrave;n th&agrave;nh xong một động t&aacute;c hoặc h&agrave;nh vi cần thiết n&agrave;o đ&oacute; trước một thời điểm nhất định. ☞D&ugrave;ng để diễn tả việc ho&agrave;n th&agrave;nh xong một động t&aacute;c cần thiết n&agrave;o đ&oacute; để chuẩn bị cho lần sử dụng sau, hoặc diễn tả một giải ph&aacute;p tạm thời n&agrave;o đ&oacute;. ☞D&ugrave;ng để diễn tả việc giữ nguy&ecirc;n hoặc duy tr&igrave; một trạng th&aacute;i. ","mean":" : L&agrave;m g&igrave; trước... ","note":"  Trong văn n&oacute;i th&igrave; 「～ておきます」biến th&agrave;nh「～ときます」 そこに 置いといて（置いて おいて）ください。 そこに おいといて（おいて おいて）ください。 Anh/chị để ở đ&oacute;. ","examples":["93020c54469e582d6fdb16f7ba638eab","93020c54469e582d6fdb16f7ba639757","93020c54469e582d6fdb16f7ba639b59","93020c54469e582d6fdb16f7ba63a140"]}]}},{"id":"93020c54469e582d6fdb16f7ba63c2fc","key":"N4","value":{"_id":"93020c54469e582d6fdb16f7ba63c2fc","_rev":"1-60cc3a0f2615b49b9e571c73845cc6ec","type":"grammar","lang":["vi"],"label":"ja_vi","level":"N4","title":"～よう     =>Hình như, có lẽ ~","usages":[{"synopsis":"  普通形（Aな&rarr;な／N&rarr;の）＋ よう  ","explain":"  「～ようです」l&agrave; c&aacute;ch n&oacute;i biểu thị sự suy đo&aacute;n mang t&iacute;nh chủ quan dựa tr&ecirc;n th&ocirc;ng tin m&agrave; người n&oacute;i nhận được từ gi&aacute;c quan của m&igrave;nh. Đ&ocirc;i khi ph&oacute; từ「どうも」, với nghĩa l&agrave; kh&ocirc;ng r&otilde; nội dung m&agrave; m&igrave;nh n&oacute;i l&agrave; sự thật hay kh&ocirc;ng, được d&ugrave;ng k&egrave;m theo trong mẫu c&acirc;u n&agrave;y. ","mean":" : H&igrave;nh như, c&oacute; lẽ~ ","note":"  ☞Sự kh&aacute;c nhau giữa 「～そうです」v&agrave;「～ようです」 ☞「～そうです」diễn đạt sự suy đo&aacute;n trực quan dựa tr&ecirc;n quan s&aacute;t thị gi&aacute;c của m&igrave;nh về cử chỉ hoặc d&aacute;ng vẻ. ミラーさんは 忙しそうです。 ミラーさんは いそがしそうです。 Anh Miller tr&ocirc;ng c&oacute; vẻ bận. ☞ 「～ようです」diễn đạt sự suy đo&aacute;n của người n&oacute;i dựa tr&ecirc;n th&ocirc;ng tin m&agrave; m&igrave;nh đọc được hoặc nghe được. ミラーさんは 忙しいようです。 ミラーさんは いそがしいようです。 H&igrave;nh như anh Miller bận. ","examples":["93020c54469e582d6fdb16f7ba63b44c","93020c54469e582d6fdb16f7ba63b6b6"]}]}},{"id":"93020c54469e582d6fdb16f7ba64034d","key":"N4","value":{"_id":"93020c54469e582d6fdb16f7ba64034d","_rev":"1-198c472229a5a7d9486861c99a9745ea","type":"grammar","lang":["vi"],"label":"ja_vi","level":"N4","title":"～とおもう（～と思う）     =>Định làm…","usages":[{"synopsis":"  ～Ｖ意向形 と思う  ","explain":"  Mẫu c&acirc;u n&agrave;y được d&ugrave;ng để b&agrave;y tỏ &yacute; định của người n&oacute;i v&agrave; biểu thị rằng &yacute; định của người n&oacute;i đ&atilde; được h&igrave;nh th&agrave;nh từ trước l&uacute;c n&oacute;i v&agrave; hiện tại vẫn tiếp diễn, được d&ugrave;ng cho ng&ocirc;i thứ nhất. ","mean":" : Định l&agrave;m&hellip; ","note":"  Mẫu c&acirc;u「V意向形と思っています」c&oacute; thể được d&ugrave;ng để biểu thị &yacute; định của ng&ocirc;i thứ ba. 彼は外国で働こうと思っています。かれはがいこくではたらこうとおもっています。 Anh ấy đang định l&agrave;m việc ở nước ngo&agrave;i. ","examples":["93020c54469e582d6fdb16f7ba63d2a3","93020c54469e582d6fdb16f7ba63ddba","93020c54469e582d6fdb16f7ba63e4ff","93020c54469e582d6fdb16f7ba63f145","93020c54469e582d6fdb16f7ba63fee9"]}]}},{"id":"93020c54469e582d6fdb16f7ba64262b","key":"N4","value":{"_id":"93020c54469e582d6fdb16f7ba64262b","_rev":"1-e5850e8daad812fb365c8bc260807f6a","type":"grammar","lang":["vi"],"label":"ja_vi","level":"N4","title":"～つもり     =>Dự định~, Quyết định~","usages":[{"synopsis":"  Vる／Vない ＋ つもり  ","explain":"  Ch&uacute;ng ta d&ugrave;ng [Động từ thể nguy&ecirc;n dạng つもりです] để diễn đạt &yacute; định l&agrave;m một việc g&igrave; đ&oacute;, v&agrave; [Động từ thể ないつもりです] để diễn đạt &yacute; định kh&ocirc;ng l&agrave;m một việc g&igrave; đ&oacute;. ","mean":" : Dự định~, Quyết định~ ","note":null,"examples":["93020c54469e582d6fdb16f7ba640f60","93020c54469e582d6fdb16f7ba6411ed","93020c54469e582d6fdb16f7ba6417cd","93020c54469e582d6fdb16f7ba6419f4","93020c54469e582d6fdb16f7ba641dd4"]}]}},{"id":"93020c54469e582d6fdb16f7ba644f04","key":"N4","value":{"_id":"93020c54469e582d6fdb16f7ba644f04","_rev":"1-806899b076e282cd7a71c694f82c33cc","type":"grammar","lang":["vi"],"label":"ja_vi","level":"N4","title":"～よてい（～予定）     =>Theo dự định~, theo kế hoạch~","usages":[{"synopsis":"  Vる／N &rarr; の ＋ 予定  ","explain":"  Ch&uacute;ng ta d&ugrave;ng mẫu c&acirc;u n&agrave;y để n&oacute;i về dự định hoặc kế hoạch. ","mean":" : Theo dự định~, theo kế hoạch~ ","note":null,"examples":["93020c54469e582d6fdb16f7ba642ccf","93020c54469e582d6fdb16f7ba642d4f","93020c54469e582d6fdb16f7ba6433bc","93020c54469e582d6fdb16f7ba6440e6","93020c54469e582d6fdb16f7ba644eeb"]}]}},{"id":"93020c54469e582d6fdb16f7ba647054","key":"N4","value":{"_id":"93020c54469e582d6fdb16f7ba647054","_rev":"1-3b01b977c4a6dfdd23149fecb652d762","type":"grammar","lang":["vi"],"label":"ja_vi","level":"N4","title":"～てあげる     =>Làm cho (ai đó)","usages":[{"synopsis":"  Vて ＋ あげる  ","explain":"  Diễn tả h&agrave;nh động m&igrave;nh l&agrave;m g&igrave; cho ai đ&oacute;. ","mean":" : L&agrave;m cho (ai đ&oacute;) ","note":"  Chỉ sử dụng với người ngang h&agrave;ng hoặc thấp hơn m&igrave;nh. ","examples":["93020c54469e582d6fdb16f7ba645248","93020c54469e582d6fdb16f7ba645638","93020c54469e582d6fdb16f7ba646078","93020c54469e582d6fdb16f7ba64626b"]}]}},{"id":"93020c54469e582d6fdb16f7ba64a632","key":"N4","value":{"_id":"93020c54469e582d6fdb16f7ba64a632","_rev":"1-3098b661bfe9e36ef1e759ee7b20f8bd","type":"grammar","lang":["vi"],"label":"ja_vi","level":"N4","title":"～てくれる     =>Làm cho, làm hộ (mình)~","usages":[{"synopsis":"  Vて ＋ くれる  ","explain":"  Diễn tả ai đ&oacute; l&agrave;m việc g&igrave; đ&oacute; cho m&igrave;nh, hộ m&igrave;nh. ","mean":" : L&agrave;m cho, l&agrave;m hộ (m&igrave;nh)~ ","note":"  Người nhận chỉ c&oacute; thể l&agrave; ng&ocirc;i thứ nhất (t&ocirc;i) ","examples":["93020c54469e582d6fdb16f7ba6475b8","93020c54469e582d6fdb16f7ba648345","93020c54469e582d6fdb16f7ba6486b1","93020c54469e582d6fdb16f7ba649458","93020c54469e582d6fdb16f7ba649cf3"]}]}},{"id":"93020c54469e582d6fdb16f7ba64d374","key":"N4","value":{"_id":"93020c54469e582d6fdb16f7ba64d374","_rev":"1-a77b258d546208e5914041265a7ec5ba","type":"grammar","lang":["vi"],"label":"ja_vi","level":"N4","title":"～てもらう     =>Được làm cho~","usages":[{"synopsis":"  Vて ＋ もらう  ","explain":"  Diễn tả việc m&igrave;nh được ai đ&oacute; l&agrave;m cho một việc g&igrave;. ","mean":" : Được l&agrave;m cho~ ","note":null,"examples":["93020c54469e582d6fdb16f7ba64af47","93020c54469e582d6fdb16f7ba64be9e","93020c54469e582d6fdb16f7ba64becc","93020c54469e582d6fdb16f7ba64c857"]}]}},{"id":"93020c54469e582d6fdb16f7ba650725","key":"N4","value":{"_id":"93020c54469e582d6fdb16f7ba650725","_rev":"1-1bbd1d605b964cf0f84ea51b72f080de","type":"grammar","lang":["vi"],"label":"ja_vi","level":"N4","title":"～ていただけませんか     =>Cho tôi ~ có được không?","usages":[{"synopsis":"  Vて &rarr; ていただけませんか  ","explain":"  Đ&acirc;y l&agrave; mẫu c&acirc;u đề nghị c&oacute; mức độ lịch sự cao hơn mẫu c&acirc;u「～てください」 ","mean":" : Cho t&ocirc;i ~ c&oacute; được kh&ocirc;ng? ","note":null,"examples":["93020c54469e582d6fdb16f7ba64de3f","93020c54469e582d6fdb16f7ba64e12b","93020c54469e582d6fdb16f7ba64ebfe","93020c54469e582d6fdb16f7ba64f67c","93020c54469e582d6fdb16f7ba6501c9"]}]}},{"id":"93020c54469e582d6fdb16f7ba654f92","key":"N4","value":{"_id":"93020c54469e582d6fdb16f7ba654f92","_rev":"1-227053930dd6a64bfae054d54133d83f","type":"grammar","lang":["vi"],"label":"ja_vi","level":"N4","title":"～Ｖ受身     =>Động từ thể bị động (Bị, bắt làm gì đó)","usages":[{"synopsis":"  ～Ｖ受身  ","explain":"  ☞ Diễn tả h&agrave;nh động m&agrave; người thứ hai thực hiện một h&agrave;nh vi n&agrave;o đ&oacute; với người thứ nhất, th&igrave; đứng từ ph&iacute;a của đối tượng tiếp nhận h&agrave;nh vi l&agrave; người thứ nhất sẽ sử dụng động từ bị động thể biểu hiện. Trong c&acirc;u bị động th&igrave; người thứ nhất l&agrave; chủ thể của c&acirc;u v&agrave; người thứ hai l&agrave; chủ thể của h&agrave;nh vi v&agrave; được biểu thị bằng trợ từ 「に」 ☞ Diễn tả h&agrave;nh động m&agrave; người thứ hai thực hiện một h&agrave;nh vi n&agrave;o đ&oacute; đối với vật m&agrave; người thứ nhất sở hữu v&agrave; trong nhiều trường hợp th&igrave; h&agrave;nh vi đ&oacute; g&acirc;y phiền to&aacute;i cho người thứ nhất. Ngo&agrave;i người ra, chủ thể của h&agrave;nh vi c&oacute; thể l&agrave; vật chuyển động. ☞ Khi n&oacute;i về một sự việc n&agrave;o đ&oacute; v&agrave; kh&ocirc;ng cần thiết phải n&ecirc;u r&otilde; đối tượng thực hiện h&agrave;nh vi, th&igrave; ch&uacute;ng để &ldquo;vật&rdquo; hoặc &ldquo;việc&rdquo; l&agrave;m chủ thể của c&acirc;u v&agrave; d&ugrave;ng động từ bị động để diễn đạt. ","mean":" : Động từ thể bị động (Bị, bắt l&agrave;m g&igrave; đ&oacute;) ","note":"  Khi d&ugrave;ng c&aacute;c động từ biểu thị sự &ldquo;s&aacute;ng tạo&rdquo;, &ldquo;tạo ra&rdquo;, &ldquo;t&igrave;m thấy&rdquo; (v&iacute; dụ かきます、はつめいします、はっけんします、v.v) ở thể bị động th&igrave; ch&uacute;ng ta kh&ocirc;ng d&ugrave;ng「に」m&agrave; d&ugrave;ng 「によって」để biểu thị chủ thể của h&agrave;nh vi. 「源氏物語」は紫式部によって書かれました。げんじものがたり」はむらさきしきぶによってかかれました。 &ldquo;Chuyện Genji&rdquo; do Murasaki shikibu viết. 電話はベルによって発見されました。でんわはベルによってはっけんされました。 Điện thoại do Bell ph&aacute;t minh ra. ","examples":["93020c54469e582d6fdb16f7ba65103d","93020c54469e582d6fdb16f7ba651f4a","93020c54469e582d6fdb16f7ba652776","93020c54469e582d6fdb16f7ba653361","93020c54469e582d6fdb16f7ba65423a","93020c54469e582d6fdb16f7ba65436c","93020c54469e582d6fdb16f7ba654514"]}]}},{"id":"93020c54469e582d6fdb16f7ba658186","key":"N4","value":{"_id":"93020c54469e582d6fdb16f7ba658186","_rev":"1-cbcbc55f1ce154cd75583fc412a1d6ca","type":"grammar","lang":["vi"],"label":"ja_vi","level":"N4","title":"～Ｖ禁止     =>Động từ thể cấm chỉ (Cấm, không được…)","usages":[{"synopsis":"  ～Ｖ禁止  ","explain":"  ☞ Thể cấm chỉ được d&ugrave;ng để ra lệnh cho ai đ&oacute; kh&ocirc;ng được thực hiện một h&agrave;nh vi n&agrave;o đ&oacute;. Thể n&agrave;y mang sắc th&aacute;i mạnh, &aacute;p đặt v&agrave; đe dọa v&igrave; thế phạm vi d&ugrave;ng ch&uacute;ng ở cuối c&acirc;u văn rất hạn chế. Ngo&agrave;i ra, trong văn n&oacute;i th&igrave; trong hầu hết c&aacute;c trường hợp c&aacute;c thể n&agrave;y chỉ được nam giới d&ugrave;ng. ☞ Người nam giới c&oacute; địa vị hoặc tuổi t&aacute;c cao hơn n&oacute;i với người b&ecirc;n dưới m&igrave;nh, hoặc bố n&oacute;i với con. ☞ Nam giới n&oacute;i với nhau. Trong trường hợp n&agrave;y th&igrave; nhiều khi từ 「よ」được th&ecirc;m v&agrave;o cuối c&acirc;u để l&agrave;m &ldquo;mềm&rdquo; hơn sắc th&aacute;i của c&acirc;u. ☞ Trường hợp &iacute;t c&oacute; điều kiện để quan t&acirc;m đến người m&agrave; m&igrave;nh giao tiếp v&iacute; dụ như khi truyền đạt chỉ thị khi đang l&agrave;m việc trong ph&acirc;n xưởng, hoặc trong c&aacute;c t&igrave;nh huống khẩn cấp như hỏa hoạn, động đất v.v.. Ngay cả cả trong c&aacute;c trường hợp như thế th&igrave; cũng chỉ người l&agrave; nam giới. c&oacute; vị tr&iacute; hoặc tuổi cao hơn mới d&ugrave;ng. ☞ Trường hợp h&ocirc; khẩu hiệu trong c&aacute;c buổi diễn tập, trong hoạt động thể thao ở nh&agrave; trường, c&acirc;u lạc bộ v.v ☞ Cổ vũ trong khi xem thể thao. Trong trường hợp n&agrave;y th&igrave; đ&ocirc;i khi nữ giới cũng d&ugrave;ng. ☞ Khi muốn ch&uacute; trọng đến sự đơn giản để tạo hiệu quả truyền đạt như trong c&aacute;c k&yacute; hiệu giao th&ocirc;ng. ","mean":" : Động từ thể cấm chỉ (Cấm, kh&ocirc;ng được&hellip;) ","note":null,"examples":["93020c54469e582d6fdb16f7ba655619","93020c54469e582d6fdb16f7ba6557d3","93020c54469e582d6fdb16f7ba655c88","93020c54469e582d6fdb16f7ba656b20","93020c54469e582d6fdb16f7ba657a1d","93020c54469e582d6fdb16f7ba6580ba"]}]}},{"id":"93020c54469e582d6fdb16f7ba65b237","key":"N4","value":{"_id":"93020c54469e582d6fdb16f7ba65b237","_rev":"1-9eb00b7f0a1ff87e7b0eca2044d9cf54","type":"grammar","lang":["vi"],"label":"ja_vi","level":"N4","title":"～Ｖ可能形     =>Động từ thể khả năng (Có thể làm…)","usages":[{"synopsis":"  ～V可能形  ","explain":"  ☞  Động từ khả năng diễn tả một năng lực, tức l&agrave; việc ai đ&oacute; c&oacute; khả năng l&agrave;m một việc g&igrave; đ&oacute;. ☞ Động từ khả năng diễn tả một điều kiện, tức l&agrave; một việc g&igrave; đ&oacute; c&oacute; thể thực hiện trong một ho&agrave;n cảnh n&agrave;o đ&oacute;. ☞ Động từ khả năng kh&ocirc;ng diễn tả động t&aacute;c hoặc h&agrave;nh động m&agrave; diễn tả trạng th&aacute;i. Th&ocirc;ng thường đối tượng được biểu thị bằng「が」 ","mean":" : Động từ thể khả năng (C&oacute; thể l&agrave;m&hellip;) ","note":null,"examples":["93020c54469e582d6fdb16f7ba659109","93020c54469e582d6fdb16f7ba659a7c","93020c54469e582d6fdb16f7ba65a1f9","93020c54469e582d6fdb16f7ba65a4d5","93020c54469e582d6fdb16f7ba65b114"]}]}},{"id":"93020c54469e582d6fdb16f7ba65d0e8","key":"N4","value":{"_id":"93020c54469e582d6fdb16f7ba65d0e8","_rev":"1-b71da7ea56b376cbb330ccacc91e250c","type":"grammar","lang":["vi"],"label":"ja_vi","level":"N4","title":"～V 使役     =>Động từ thể sai khiến (để/cho, làm cho~)","usages":[{"synopsis":"  ～V使役  ","explain":"  Động từ sai khiến biểu thị một trong hai nghĩa l&agrave; &ldquo;bắt buộc&rdquo; hoặc &ldquo;cho ph&eacute;p&rdquo;.Được d&ugrave;ng trongnhững trường hợp khi m&agrave; quan hệ tr&ecirc;n dưới r&otilde; r&agrave;ng,v&iacute; dụ như bố mẹ-con c&aacute;i, anh trai- em trai,cấp tr&ecirc;n-cấp dưới v.v., v&agrave; người tr&ecirc;n bắt buộc hoặc cho ph&eacute;p người dưới l&agrave;m một việc g&igrave; đ&oacute;. ","mean":" : Động từ thể sai khiến (để/cho, l&agrave;m cho~) ","note":"  ☞ V&iacute; dụ 1, 2 biểu thị nghĩa &ldquo;bắt buộc&rdquo;; v&iacute; dụ 3, 4 biểu thị nghĩa &ldquo;cho ph&eacute;p&rdquo;. ☞  Trong trường hợp người trong một nh&oacute;m (v&iacute; dụ c&ocirc;ng ty) n&oacute;i với người ngo&agrave;i về việc cho người ở trong c&ugrave;ng nh&oacute;m với m&igrave;nh l&agrave;m một việc g&igrave; đ&oacute;, th&igrave; c&acirc;u sai khiến được d&ugrave;ng bất kể quan hệ tr&ecirc;n dưới thế n&agrave;o. V&iacute; dụ dưới đ&acirc;y thể hiện điều đ&oacute;. 駅に着いたら、お電話をください。 えきについたら、おでんわをください。 Khi đến nh&agrave; ga th&igrave; anh gọi điện cho t&ocirc;i. 係の者を迎えに 行かせますから。 かかりのものをむかえに いかせますから。 T&ocirc;i sẽ cho nh&acirc;n vi&ecirc;n ra đ&oacute;n. ☞ Khi động từ l&agrave; động từ chỉ t&igrave;nh cảm, t&acirc;m trạng như 「あんしんする(an t&acirc;m)、しんぱいする(lo lắng)、がっかりする(ch&aacute;n nản)、よろこぶ(vui, mừng)、かなしむ(buồn)、おこる(giận, c&aacute;u) v.v th&igrave; ch&uacute;ng ta cũng c&oacute; thể d&ugrave;ng thể sai khiến như v&iacute; dụ sau đậy. 子どものとき、体が弱くて、母を心配させました。 こどものとき、からだがよわくて、ははをしんぱいさせました。 Hồi c&ograve;n nhỏ, v&igrave; sức khỏe yếu n&ecirc;n t&ocirc;i l&agrave;m cho mẹ lo lắng. ","examples":["93020c54469e582d6fdb16f7ba65b9bb","93020c54469e582d6fdb16f7ba65c43d","93020c54469e582d6fdb16f7ba65c619","93020c54469e582d6fdb16f7ba65c674"]}]}},{"id":"93020c54469e582d6fdb16f7ba661b3c","key":"N4","value":{"_id":"93020c54469e582d6fdb16f7ba661b3c","_rev":"1-1b3360c8e9eed4cf4cdb87b3ea024ede","type":"grammar","lang":["vi"],"label":"ja_vi","level":"N4","title":"～Ｖ使役受身     =>Động từ thể thụ động sai khiến (Bi bắt làm gì đó)","usages":[{"synopsis":"  N1 は N2 に V（使役受身）  ","explain":"  &diams; C&aacute;ch chia động từ sang thể thụ động sai khiến  ☞ Nh&oacute;m I: đổi い th&agrave;nh あ rồi th&ecirc;m せられる  V&iacute; dụ:  かきます&rarr;かかせられます  はなします&rarr;はなさせられます  Chia r&uacute;t gọn:  書かせられます&rarr;書かされる  話させられます&rarr;kh&ocirc;ng chia được v&igrave; trở ngại do ph&aacute;t &acirc;m  ☞ Nh&oacute;m II: bỏ đu&ocirc;i る th&ecirc;m させられる  V&iacute; dụ:  みます&rarr;みさせられます  あけます&rarr;あけさせられます  ☞ Nh&oacute;m III:  します&rarr;させられます  きます&rarr;こさせられます &diams; N1 bị N2 bắt l&agrave;m g&igrave; đ&oacute;. &diams; Diễn tả h&agrave;nh động bị bắt phải l&agrave;m g&igrave; đ&oacute;. ","mean":" : Động từ thể thụ động sai khiến (Bi bắt l&agrave;m g&igrave; đ&oacute;) ","note":null,"examples":["93020c54469e582d6fdb16f7ba65dc0e","93020c54469e582d6fdb16f7ba65dcee","93020c54469e582d6fdb16f7ba65ecc1","93020c54469e582d6fdb16f7ba65f39f","93020c54469e582d6fdb16f7ba6602da","93020c54469e582d6fdb16f7ba660faa"]}]}},{"id":"93020c54469e582d6fdb16f7ba6654b9","key":"N4","value":{"_id":"93020c54469e582d6fdb16f7ba6654b9","_rev":"1-faef849af0da5dab74d042f71c7ca225","type":"grammar","lang":["vi"],"label":"ja_vi","level":"N4","title":"～なさい     =>Hãy làm…đi","usages":[{"synopsis":"  V-ます ＋ なさい  ","explain":"  ☞ Diễn tả một đề nghị, một y&ecirc;u cầu. ☞  Đ&acirc;y l&agrave; mẫu c&acirc;u thể hiện h&igrave;nh thức mệnh lệnh. Mẫu c&acirc;u n&agrave;y thường được d&ugrave;ng trong những trường hợp như khi cha mẹ n&oacute;i với con c&aacute;i, gi&aacute;o vi&ecirc;n n&oacute;i với học sinh v.v., n&oacute; &iacute;t nhiều nhẹ nh&agrave;ng hơn thể mệnh lệnh của động từ. V&igrave; thế nữ giới thường ưa d&ugrave;ng mẫu c&acirc;u n&agrave;y hơn l&agrave; thể mệnh lệnh của động từ. Nhưng mẫu c&acirc;u n&agrave;y th&igrave; kh&ocirc;ng được d&ugrave;ng với người tr&ecirc;n. ","mean":" : H&atilde;y l&agrave;m&hellip;đi ","note":null,"examples":["93020c54469e582d6fdb16f7ba6620a7","93020c54469e582d6fdb16f7ba662eae","93020c54469e582d6fdb16f7ba663b63","93020c54469e582d6fdb16f7ba664230","93020c54469e582d6fdb16f7ba6646f0"]}]}},{"id":"93020c54469e582d6fdb16f7ba667372","key":"N4","value":{"_id":"93020c54469e582d6fdb16f7ba667372","_rev":"1-2d3c9eef7c047fc1c63260dbc2023de7","type":"grammar","lang":["vi"],"label":"ja_vi","level":"N4","title":"～ても（V/A/N)    =>Ngay cả khi, thậm chí, có thể~","usages":[{"synopsis":"  Vて &rarr; ても (V/A/N)  ","explain":"  ☞Mẫu c&acirc;u 「Vてもいいです」d&ugrave;ng để biểu thị sự được ph&eacute;p l&agrave;m một điều g&igrave;. ☞Nếu chuyển mẫu c&acirc;u 「Vてもいいです」n&agrave;y th&agrave;nh c&acirc;u nghi vấn th&igrave; ch&uacute;ng ta sẽ được một c&acirc;u xin ph&eacute;p. ","mean":" :  Ngay cả khi, thậm ch&iacute;, c&oacute; thể~ ","note":null,"examples":["93020c54469e582d6fdb16f7ba665532","93020c54469e582d6fdb16f7ba666129","93020c54469e582d6fdb16f7ba666fc3","93020c54469e582d6fdb16f7ba66736d"]}]}},{"id":"93020c54469e582d6fdb16f7ba669d5e","key":"N4","value":{"_id":"93020c54469e582d6fdb16f7ba669d5e","_rev":"1-6d4fa27445993e2b111d7e7b35ac165f","type":"grammar","lang":["vi"],"label":"ja_vi","level":"N4","title":"～てしまう     =>…Xong, lỡ làm…","usages":[{"synopsis":"  Vて &rarr; てしまう  ","explain":"  ☞ Thể hiện t&igrave;nh trạng ho&agrave;n th&agrave;nh xong qu&aacute; tr&igrave;nh động t&aacute;c. ☞ Được sử dụng để diễn đạt t&acirc;m trạng hối tiếc, hối hận, tiếc nuối. ","mean":" : &hellip;Xong, lỡ l&agrave;m&hellip; ","note":null,"examples":["93020c54469e582d6fdb16f7ba667944","93020c54469e582d6fdb16f7ba667ca8","93020c54469e582d6fdb16f7ba668c9b","93020c54469e582d6fdb16f7ba669006","93020c54469e582d6fdb16f7ba669534"]}]}},{"id":"93020c54469e582d6fdb16f7ba66d05a","key":"N4","value":{"_id":"93020c54469e582d6fdb16f7ba66d05a","_rev":"1-6d4914200180a334111f04b1d9e02041","type":"grammar","lang":["vi"],"label":"ja_vi","level":"N4","title":"～みたい     =>Hình như~","usages":[{"synopsis":"  N ＋ みたい  ","explain":"  ☞Diễn tả h&agrave;nh động, sự việc theo sự suy đo&aacute;n của người n&oacute;i. ☞みたいxem như l&agrave; một t&iacute;nh từ な ","mean":" : H&igrave;nh như~ ","note":"  Thường đi k&egrave;m với まるで ","examples":["93020c54469e582d6fdb16f7ba66ac44","93020c54469e582d6fdb16f7ba66b58f","93020c54469e582d6fdb16f7ba66c254","93020c54469e582d6fdb16f7ba66c849","93020c54469e582d6fdb16f7ba66cb95"]}]}},{"id":"93020c54469e582d6fdb16f7ba670475","key":"N4","value":{"_id":"93020c54469e582d6fdb16f7ba670475","_rev":"1-0914c10d79f6e7f2f7211d7fea48841c","type":"grammar","lang":["vi"],"label":"ja_vi","level":"N4","title":"～ながら     =>Vừa...vừa...","usages":[{"synopsis":"  V-ます ＋ ながら  ","explain":"  Diễn tả hai h&agrave;nh động xảy ra c&ugrave;ng một thời gian ","mean":" : Vừa...vừa... ","note":null,"examples":["93020c54469e582d6fdb16f7ba66da8c","93020c54469e582d6fdb16f7ba66e400","93020c54469e582d6fdb16f7ba66ecbc","93020c54469e582d6fdb16f7ba66f93e"]}]}},{"id":"93020c54469e582d6fdb16f7ba672961","key":"N4","value":{"_id":"93020c54469e582d6fdb16f7ba672961","_rev":"1-bccbb9cd9c638ef817d50fee04196c2d","type":"grammar","lang":["vi"],"label":"ja_vi","level":"N4","title":"～のに     =>Cho…, để…","usages":[{"synopsis":"  Vる／N ＋ のに  ","explain":"  ☞Được sử dụng như l&agrave; danh từ ☞Thường theo sau l&agrave; c&aacute;c động từ つかう、いい、べんりだ、役にたつ、「時間」がかかる。 ","mean":" : Cho&hellip;, để&hellip; ","note":null,"examples":["93020c54469e582d6fdb16f7ba670a31","93020c54469e582d6fdb16f7ba670cc2","93020c54469e582d6fdb16f7ba671190","93020c54469e582d6fdb16f7ba671889","93020c54469e582d6fdb16f7ba672286","93020c54469e582d6fdb16f7ba67238a"]}]}},{"id":"93020c54469e582d6fdb16f7ba675cc7","key":"N4","value":{"_id":"93020c54469e582d6fdb16f7ba675cc7","_rev":"1-cc42cd30081f8f74e789c1d013356bb2","type":"grammar","lang":["vi"],"label":"ja_vi","level":"N4","title":"～はずです     =>Chắc chắn~ , nhất định~","usages":[{"synopsis":"  Vる／Vない／Aい／Aな／N &rarr; の ＋ はずです  ","explain":"  ☞  Mẫu c&acirc;u n&agrave;y biểu thị rằng người n&oacute;i, dựa tr&ecirc;n một căn cứ n&agrave;o đ&oacute;, ph&aacute;n đo&aacute;n l&agrave; chắc chắn một việc g&igrave; đ&oacute; sẽ xảy ra. ☞ Mẫu c&acirc;u n&agrave;y được d&ugrave;ng để biểu thị rằng người n&oacute;i tin chắc v&agrave;o điều đ&oacute;. ☞ Mẫu c&acirc;u n&agrave;y được d&ugrave;ng để thể hiện t&acirc;m trạng ăn năn, hối hận, ho&agrave;i nghi. ","mean":" :  Chắc chắn~ , nhất định~ ","note":null,"examples":["93020c54469e582d6fdb16f7ba6731a7","93020c54469e582d6fdb16f7ba673cfc","93020c54469e582d6fdb16f7ba674cd7"]}]}},{"id":"93020c54469e582d6fdb16f7ba677edd","key":"N4","value":{"_id":"93020c54469e582d6fdb16f7ba677edd","_rev":"1-c60afb01030e6984529b9dfda8d226b2","type":"grammar","lang":["vi"],"label":"ja_vi","level":"N4","title":"～はずがない     =>Không thể có~, Không thể~","usages":[{"synopsis":"  ～はずがない  ","explain":"  Thể hiện sự nghi ngờ s&acirc;u sắc của người n&oacute;i về chuyện kh&ocirc;ng thể c&oacute;, phi l&yacute;. ","mean":" :  Kh&ocirc;ng thể c&oacute;~, Kh&ocirc;ng thể~ ","note":null,"examples":["93020c54469e582d6fdb16f7ba676aa5","93020c54469e582d6fdb16f7ba677375","93020c54469e582d6fdb16f7ba6773e3"]}]}},{"id":"93020c54469e582d6fdb16f7ba67bbb6","key":"N4","value":{"_id":"93020c54469e582d6fdb16f7ba67bbb6","_rev":"1-e31949c0e0ee2ee94e3f1345d74a4153","type":"grammar","lang":["vi"],"label":"ja_vi","level":"N4","title":"～ずに～     =>Không làm gì…","usages":[{"synopsis":"  Vない（～ない） &rarr; ずに～  ","explain":"  ☞ Mẫu c&acirc;u n&agrave;y l&agrave; mẫu c&acirc;u r&uacute;t ngắn của thể 「～ないで」diễn tả chuyện kh&ocirc;ng l&agrave;m việc g&igrave; đ&oacute; nhưng mang t&acirc;m trạng tiếc nuối, &acirc;n hận. ☞ Mẫu c&acirc;u n&agrave;y thường sử dụng trong văn viết. ","mean":" :  Kh&ocirc;ng l&agrave;m g&igrave;&hellip; ","note":null,"examples":["93020c54469e582d6fdb16f7ba678aa7","93020c54469e582d6fdb16f7ba6794c4","93020c54469e582d6fdb16f7ba6796ef","93020c54469e582d6fdb16f7ba679886","93020c54469e582d6fdb16f7ba67a745","93020c54469e582d6fdb16f7ba67b04e"]}]}},{"id":"93020c54469e582d6fdb16f7ba67f16c","key":"N4","value":{"_id":"93020c54469e582d6fdb16f7ba67f16c","_rev":"1-c9aa89144386aee0f6b1b43856bb1453","type":"grammar","lang":["vi"],"label":"ja_vi","level":"N4","title":"～ないで     =>~Mà không","usages":[{"synopsis":"  V ない &rarr; ないで  ","explain":"  ☞V &ndash; ない形ないで：~M&agrave; kh&ocirc;ng ☞V1 &ndash; ない形ないで、V2：Kh&ocirc;ng thực hiện h&agrave;nh động 1 khi c&oacute; h&agrave;nh động 2 ☞V1 &ndash; ない形ないで、V2：Kh&ocirc;ng thực hiện h&agrave;nh động 1 m&agrave; thực hiện h&agrave;nh động 2 Kh&ocirc;ng thực hiện h&agrave;nh động 1 khi c&oacute; h&agrave;nh động 2 Kh&ocirc;ng thực hiện h&agrave;nh động 1 m&agrave; thực hiện h&agrave;nh động 2 ","mean":" :  ~M&agrave; kh&ocirc;ng ","note":null,"examples":["93020c54469e582d6fdb16f7ba67cbaf","93020c54469e582d6fdb16f7ba67d321","93020c54469e582d6fdb16f7ba67d354","93020c54469e582d6fdb16f7ba67dacd","93020c54469e582d6fdb16f7ba67e853","93020c54469e582d6fdb16f7ba67e8c7","93020c54469e582d6fdb16f7ba67e9ee"]}]}},{"id":"93020c54469e582d6fdb16f7ba682667","key":"N4","value":{"_id":"93020c54469e582d6fdb16f7ba682667","_rev":"1-7903cb6798f76372c38c803f7daaa092","type":"grammar","lang":["vi"],"label":"ja_vi","level":"N4","title":"～かどうか     =>~ hay không?","usages":[{"synopsis":"  V／Aい／Aな／N- 普通形 ＋ かどうか  ","explain":"  Khi muốn lồng một c&acirc;u nghi vấn kh&ocirc;ng d&ugrave;ng nghi vấn từ v&agrave;o trong c&acirc;u văn th&igrave; ch&uacute;ng ta d&ugrave;ng mẫu c&acirc;u n&agrave;y. ","mean":" :  ~ hay kh&ocirc;ng? ","note":null,"examples":["93020c54469e582d6fdb16f7ba67f1df","93020c54469e582d6fdb16f7ba680101","93020c54469e582d6fdb16f7ba680964","93020c54469e582d6fdb16f7ba680d71","93020c54469e582d6fdb16f7ba681c2d","93020c54469e582d6fdb16f7ba68228e","93020c54469e582d6fdb16f7ba6824fe","93020c54469e582d6fdb16f7ba68265f"]}]}}]}