{"status":200,"message":"","results":[{"id":"93020c54469e582d6fdb16f7ba686865","key":"N4","value":{"_id":"93020c54469e582d6fdb16f7ba686865","_rev":"1-364d071c04478af6b6c921667ecf6680","type":"grammar","lang":["vi"],"label":"ja_vi","level":"N4","title":"～という～     =>Có cái việc ~ như thế","usages":[{"synopsis":"  Vる／Vた／Vない／Vて／V命令形 ＋ という  ","explain":null,"mean":" :  C&oacute; c&aacute;i việc ~ như thế ","note":null,"examples":["93020c54469e582d6fdb16f7ba6829c0","93020c54469e582d6fdb16f7ba68380a","93020c54469e582d6fdb16f7ba684676","93020c54469e582d6fdb16f7ba68563b","93020c54469e582d6fdb16f7ba685d10","93020c54469e582d6fdb16f7ba6863d5"]}]}},{"id":"93020c54469e582d6fdb16f7ba689a63","key":"N4","value":{"_id":"93020c54469e582d6fdb16f7ba689a63","_rev":"1-7558f0c0b7f986ab4304b025813eaf24","type":"grammar","lang":["vi"],"label":"ja_vi","level":"N4","title":"～やすい     =>Dễ~","usages":[{"synopsis":"  V ます（～ます） ＋ やすい  ","explain":"  ☞  D&ugrave;ng để biểu thị việc l&agrave;m một việc g&igrave; đ&oacute; l&agrave; dễ. ☞ D&ugrave;ng để biểu thị t&iacute;nh chất của chủ thể (người hoặc vật) l&agrave; dễ thay đổi, hoặc biểu thị một việc g&igrave; đ&oacute; dễ xảy ra. ","mean":" :  Dễ~ ","note":null,"examples":["93020c54469e582d6fdb16f7ba686e8d","93020c54469e582d6fdb16f7ba687225","93020c54469e582d6fdb16f7ba6881a4","93020c54469e582d6fdb16f7ba688728","93020c54469e582d6fdb16f7ba688ca7","93020c54469e582d6fdb16f7ba688f36","93020c54469e582d6fdb16f7ba689041"]}]}},{"id":"93020c54469e582d6fdb16f7ba68d10f","key":"N4","value":{"_id":"93020c54469e582d6fdb16f7ba68d10f","_rev":"1-5140c7c3e63428005408a98288ade758","type":"grammar","lang":["vi"],"label":"ja_vi","level":"N4","title":"～にくい     =>Khó~","usages":[{"synopsis":"  V ます（～ます） ＋ にくい  ","explain":"  ☞ D&ugrave;ng để biểu thị việc l&agrave;m một việc g&igrave; đ&oacute; l&agrave; kh&oacute;. ☞ D&ugrave;ng để biểu thị t&iacute;nh chất của chủ thể (người hoặc vật) l&agrave; kh&oacute; thay đổi, hoặc biểu thị một việc g&igrave; đ&oacute; kh&oacute; xảy ra. ","mean":" :  Kh&oacute;~ ","note":"  「にくい」chia c&aacute;ch giống t&iacute;nh từ đu&ocirc;i い  このコップは割れにくくて、安全ですよ。このコップはわれにくくて、あんぜんですよ。 C&aacute;i cốc n&agrave;y kh&oacute; vỡ n&ecirc;n an to&agrave;n. ","examples":["93020c54469e582d6fdb16f7ba68a450","93020c54469e582d6fdb16f7ba68ae8f","93020c54469e582d6fdb16f7ba68aefa","93020c54469e582d6fdb16f7ba68bd61","93020c54469e582d6fdb16f7ba68c8b5"]}]}},{"id":"93020c54469e582d6fdb16f7ba690a9d","key":"N4","value":{"_id":"93020c54469e582d6fdb16f7ba690a9d","_rev":"1-f2cc9c3ae33dbdf639cc743a61a75124","type":"grammar","lang":["vi"],"label":"ja_vi","level":"N4","title":"～てある     =>Có làm gì đó…","usages":[{"synopsis":"  N が V て ＋ ある  ","explain":"  Mẫu c&acirc;u thể hiện trạng th&aacute;i của chủ thể N, thường được d&ugrave;ng khi ai đ&oacute; trong qu&aacute; khứ đ&atilde; t&aacute;c động l&ecirc;n chủ thể N th&ocirc;ng qua việc thực hiện h&agrave;nh động Vて, kết quả của h&agrave;nh động đ&oacute; vẫn đang được lưu giữ lại ở hiện tại. ","mean":" :  C&oacute; l&agrave;m g&igrave; đ&oacute;&hellip; ","note":"  ☞ Vてl&agrave; tha động từ. ☞ Vてあるchỉ l&agrave; mẫu c&acirc;u mi&ecirc;u tả trạng th&aacute;i hiện tại của sự vật l&agrave; như thế, người n&oacute;i chỉ đang mi&ecirc;u tả lại trạng th&aacute;i. ☞ Kh&ocirc;ng d&ugrave;ng Vてあるđể mi&ecirc;u tả trạng th&aacute;i của những chủ thể to, kh&oacute; di chuyển như t&ograve;a nh&agrave;&hellip; ","examples":["93020c54469e582d6fdb16f7ba68e099","93020c54469e582d6fdb16f7ba68e5ca","93020c54469e582d6fdb16f7ba68f38e","93020c54469e582d6fdb16f7ba68f93d","93020c54469e582d6fdb16f7ba68fefb"]}]}},{"id":"93020c54469e582d6fdb16f7ba69383e","key":"N4","value":{"_id":"93020c54469e582d6fdb16f7ba69383e","_rev":"1-de9c9f7eada5e6fa5f11f4a06064d787","type":"grammar","lang":["vi"],"label":"ja_vi","level":"N4","title":"あいだに、～（～間に、～）     =>Trong khi, Trong lúc, Trong khoảng","usages":[{"synopsis":"  Vる／Vている／Aい／Aな／N &rarr; の＋あいだに  ","explain":"  ☞ Diễn tả khoảng thời gian diễn ra một trạng th&aacute;i hay h&agrave;nh động k&eacute;o d&agrave;i. ☞ Đứng sau từ n&agrave;y sẽ l&agrave; c&acirc;u diễn đạt h&agrave;nh động hay sự việc được tiến h&agrave;nh v&agrave;o một thời điểm n&agrave;o đ&oacute; trong khoảng thời gian tr&ecirc;n. ","mean":" :  Trong khi, Trong l&uacute;c, Trong khoảng ","note":null,"examples":["93020c54469e582d6fdb16f7ba690f6d","93020c54469e582d6fdb16f7ba69150f","93020c54469e582d6fdb16f7ba692026","93020c54469e582d6fdb16f7ba692506","93020c54469e582d6fdb16f7ba6931ae"]}]}},{"id":"93020c54469e582d6fdb16f7ba696735","key":"N4","value":{"_id":"93020c54469e582d6fdb16f7ba696735","_rev":"1-d6fae893109bce5a720b162b8d44c33c","type":"grammar","lang":["vi"],"label":"ja_vi","level":"N4","title":"～く/ ～にする     =>Làm gì đó một cách…","usages":[{"synopsis":"  Aい &rarr; く／N・Aな &rarr; に ＋ する  ","explain":"  Biểu thị ai đ&oacute; đ&atilde; l&agrave;m biến đổi một đối tượng n&agrave;o đ&oacute;. ","mean":" : L&agrave;m g&igrave; đ&oacute; một c&aacute;ch&hellip; ","note":null,"examples":["93020c54469e582d6fdb16f7ba693c67","93020c54469e582d6fdb16f7ba6948b3","93020c54469e582d6fdb16f7ba694a82","93020c54469e582d6fdb16f7ba69557c","93020c54469e582d6fdb16f7ba6963a6"]}]}},{"id":"93020c54469e582d6fdb16f7ba698f24","key":"N4","value":{"_id":"93020c54469e582d6fdb16f7ba698f24","_rev":"1-357c2f80d385a9ad1c05a416cb59eb49","type":"grammar","lang":["vi"],"label":"ja_vi","level":"N4","title":"てほしい、～（～て欲しい、～）     =>Muốn (ai) làm gì đó～","usages":[{"synopsis":" N に Vて ＋ ほしい ","explain":"  Biểu đạt k&igrave; vọng, y&ecirc;u cầu của người n&oacute;i đối với một người kh&aacute;c. ","mean":" :  Muốn (ai) l&agrave;m g&igrave; đ&oacute;～ ","note":null,"examples":["93020c54469e582d6fdb16f7ba696e2c","93020c54469e582d6fdb16f7ba697b5f","93020c54469e582d6fdb16f7ba697dec","93020c54469e582d6fdb16f7ba698475"]}]}},{"id":"93020c54469e582d6fdb16f7ba69c0a2","key":"N4","value":{"_id":"93020c54469e582d6fdb16f7ba69c0a2","_rev":"1-a0f332ccc952d2fe6c89065492dc79a8","type":"grammar","lang":["vi"],"label":"ja_vi","level":"N4","title":"～たところ     =>Sau khi ~, Mặc dù~","usages":[{"synopsis":"  V た ＋ ところ  ","explain":"  ☞ Diễn tả sau khi l&agrave;m c&aacute;i g&igrave; đ&oacute; th&igrave; kết quả như thế n&agrave;o. ☞ Diễn tả kết quả ngược lại dự b&aacute;o, kỳ vọng. ","mean":" :  Sau khi ~, Mặc d&ugrave;~ ","note":null,"examples":["93020c54469e582d6fdb16f7ba6992d2","93020c54469e582d6fdb16f7ba69963a","93020c54469e582d6fdb16f7ba69a48c","93020c54469e582d6fdb16f7ba69b071","93020c54469e582d6fdb16f7ba69b8a2"]}]}},{"id":"93020c54469e582d6fdb16f7ba69f677","key":"N4","value":{"_id":"93020c54469e582d6fdb16f7ba69f677","_rev":"1-03919b5010f3faa397fa6ad278d76976","type":"grammar","lang":["vi"],"label":"ja_vi","level":"N4","title":"～ことにする     =>Tôi quyết định…","usages":[{"synopsis":"  Vる ＋ ことにする  ","explain":"  Diễn tả sự quyết định, &yacute; định về h&agrave;nh vi tương lai v&agrave; được sử dụng cho ng&ocirc;i thứ nhất. ","mean":" :  T&ocirc;i quyết định&hellip; ","note":null,"examples":["93020c54469e582d6fdb16f7ba69c9cc","93020c54469e582d6fdb16f7ba69d57e","93020c54469e582d6fdb16f7ba69df0a","93020c54469e582d6fdb16f7ba69e468","93020c54469e582d6fdb16f7ba69ebbc"]}]}},{"id":"93020c54469e582d6fdb16f7ba6a12de","key":"N4","value":{"_id":"93020c54469e582d6fdb16f7ba6a12de","_rev":"1-9397acf869933e9c462171d480938b7f","type":"grammar","lang":["vi"],"label":"ja_vi","level":"N4","title":"～ことになっている     =>Dự định, qui tắc…","usages":[{"synopsis":"  Vる／Vない   Aい &rarr; い   ＋ ことになっている ","explain":"  Diễn tả sự định hay qui tắc. ","mean":" :  Dự định, qui tắc&hellip; ","note":"  Khi d&ugrave;ng với &yacute; chỉ qui tắc, được d&ugrave;ng nhiều với từ ngữ Cấm, cho ph&eacute;p 法律で子供を働かせてはいけないことになったいます。 ほうりつでこどもをはたらかせてはいけないことになったいます。  Ph&aacute;p luật cấm d&ugrave;ng trẻ em để lao động。 ","examples":["93020c54469e582d6fdb16f7ba6a0572","93020c54469e582d6fdb16f7ba6a0624","93020c54469e582d6fdb16f7ba6a06c7"]}]}},{"id":"93020c54469e582d6fdb16f7ba6a4436","key":"N4","value":{"_id":"93020c54469e582d6fdb16f7ba6a4436","_rev":"1-834b35a4bfe13c9975c9b895d934f1a3","type":"grammar","lang":["vi"],"label":"ja_vi","level":"N4","title":"～とおりに（～通り）     =>Làm gì…theo…; Làm gì…đúng theo…","usages":[{"synopsis":"  V1-普通形／V1 た／N &rarr; の ＋ とおりに V2  ","explain":"  ☞ D&ugrave;ng để diễn tả bằng chữ viết, lời n&oacute;i, động t&aacute;c v.v (Động từ 2) một việc g&igrave; đ&oacute; theo đ&uacute;ng như đ&atilde; nghe, nh&igrave;n, đọc hoặc học v.v (Động từ 1). Động từ 1 để ở thể nguy&ecirc;n dạng nếu động t&aacute;c m&agrave; n&oacute; biểu thị sẽ được thực hiện trong tương lai, hoặc để ở thể たnếu động t&aacute;c đ&atilde; được thực hiện. ☞ D&ugrave;ng để biểu thị một động t&aacute;c n&agrave;o đ&oacute; được thực hiện theo đ&uacute;ng nội dung đ&atilde; được biểu thị trong danh từ. ","mean":" :  L&agrave;m g&igrave;&hellip;theo&hellip;; L&agrave;m g&igrave;&hellip;đ&uacute;ng theo&hellip; ","note":null,"examples":["93020c54469e582d6fdb16f7ba6a1878","93020c54469e582d6fdb16f7ba6a1d64","93020c54469e582d6fdb16f7ba6a2a6a","93020c54469e582d6fdb16f7ba6a33d3","93020c54469e582d6fdb16f7ba6a3c3a"]}]}},{"id":"93020c54469e582d6fdb16f7ba6a75f3","key":"N4","value":{"_id":"93020c54469e582d6fdb16f7ba6a75f3","_rev":"1-a1f97fae4dc03f6bd79b2ca265e30809","type":"grammar","lang":["vi"],"label":"ja_vi","level":"N4","title":"～ところに/ところへ     =>Trong lúc…","usages":[{"synopsis":"  Vている／Vた ＋ ところに／ところへ  ","explain":"  ☞ Sử dụng cho trường hợp diễn tả sự việc xảy ra l&agrave;m thay đổi, biến đổi t&igrave;nh h&igrave;nh sự việc ở một giai đoạn n&agrave;o đ&oacute;. ☞ V&agrave; thường sự việc xảy ra l&agrave;m cản trở, quấy rầy tiến triển sự việc (như v&iacute; dụ 1,2); Cũng c&oacute; trường hợp l&agrave;m thay đổi hiện trạng theo hướng tốt (như v&iacute; dụ 3) ","mean":" : Trong l&uacute;c&hellip; ","note":null,"examples":["93020c54469e582d6fdb16f7ba6a4f45","93020c54469e582d6fdb16f7ba6a5bbf","93020c54469e582d6fdb16f7ba6a6752"]}]}},{"id":"93020c54469e582d6fdb16f7ba6a9987","key":"N4","value":{"_id":"93020c54469e582d6fdb16f7ba6a9987","_rev":"1-467c42a2aa47adb6909c15f6ff0553b2","type":"grammar","lang":["vi"],"label":"ja_vi","level":"N4","title":"～もの     =>Vì~","usages":[{"synopsis":"  ～もの  ","explain":"  ☞ Diễn tả l&yacute; do biện minh t&iacute;nh ch&iacute;nh đ&aacute;ng của m&igrave;nh v&agrave; đặt ở cuối c&acirc;u văn. ☞Phụ nữ hay bọn trẻ thường sử dụng trong cuộc hội thoại. ☞Hay sử dụng c&ugrave;ng với 「だって」 ","mean":" :  V&igrave;~ ","note":"  C&oacute; khi biến &acirc;m th&agrave;nh 「もん」v&agrave; cả nam lẫn nữ cũng sử dụng được nhưng đối tượng sử dụng l&agrave; những người trẻ tuổi để diễn tả l&yacute; do biện minh cho ch&iacute;nh m&igrave;nh. ","examples":["93020c54469e582d6fdb16f7ba6a8146","93020c54469e582d6fdb16f7ba6a85dd","93020c54469e582d6fdb16f7ba6a9497"]}]}},{"id":"93020c54469e582d6fdb16f7ba6ac160","key":"N4","value":{"_id":"93020c54469e582d6fdb16f7ba6ac160","_rev":"1-d84a00e0007505c51f155a685a3a88d3","type":"grammar","lang":["vi"],"label":"ja_vi","level":"N4","title":"～ものか     =>Vậy nữa sao…","usages":[{"synopsis":"  V-普通形／Aい／Aな + ものか  ","explain":"  ☞～ものか: C&aacute;ch n&oacute;i cảm th&aacute;n: C&oacute; chuyện đ&oacute; nữa sao/c&oacute; chuyện v&ocirc; l&yacute; vậy sao. ☞Thường d&ugrave;ng trong văn n&oacute;i v&agrave; hay được chuyển th&agrave;nhもんか ☞Hoặc chuyển th&agrave;nh ものだろうか ","mean":" :  Vậy nữa sao&hellip; ","note":null,"examples":["93020c54469e582d6fdb16f7ba6aa1ce","93020c54469e582d6fdb16f7ba6aacbe","93020c54469e582d6fdb16f7ba6ab883","93020c54469e582d6fdb16f7ba6abf76"]}]}},{"id":"93020c54469e582d6fdb16f7ba6afa61","key":"N4","value":{"_id":"93020c54469e582d6fdb16f7ba6afa61","_rev":"1-4d652e11ad50c5fcb8b0ee8589cb6da3","type":"grammar","lang":["vi"],"label":"ja_vi","level":"N4","title":"～ものなら     =>Nếu~","usages":[{"synopsis":"  Vる（可能形）／V-う・よう形 ＋ ものなら  ","explain":"  ～ものなら: Nếu ~(d&ugrave;ng khi hi vọng v&agrave;o một điều kh&oacute; thực hiện hoặc l&agrave; &iacute;t khả năng thực hiện &ndash; c&aacute;ch n&oacute;i lạnh l&ugrave;ng) ","mean":" :  Nếu~ ","note":"  Hay d&ugrave;ng với c&aacute;c động từ mang &yacute; chỉ khả năng. Trong hội thoại c&oacute; khi d&ugrave;ng ［もんなら］ 病気の子供を見ていると、代われるものなら代わってやりたいと思う。 びょうきのこどもをみていると、かわれるものならかわってやりたいとおもう。  Khi nh&igrave;n con ốm, nếu m&agrave; ốm thay được th&igrave; t&ocirc;i cũng muốn thay. ","examples":["93020c54469e582d6fdb16f7ba6ac693","93020c54469e582d6fdb16f7ba6ad26d","93020c54469e582d6fdb16f7ba6aded8","93020c54469e582d6fdb16f7ba6ae923","93020c54469e582d6fdb16f7ba6aee3e"]}]}},{"id":"93020c54469e582d6fdb16f7ba6b240e","key":"N4","value":{"_id":"93020c54469e582d6fdb16f7ba6b240e","_rev":"1-3dcbd4fbc30933c38e00661f8715d48f","type":"grammar","lang":["vi"],"label":"ja_vi","level":"N4","title":"～ものの     =>Mặc dù ...nhưng mà~","usages":[{"synopsis":"  V／Aい／Aな／N修飾型 ＋ ものの  ","explain":"  ～ものの: D&ugrave; l&agrave; ~ ; n&oacute;i ~ l&agrave; đương nhi&ecirc;n nhưng m&agrave; kh&ocirc;ng c&oacute; kết quả tương ứng ","mean":" :  Mặc d&ugrave;...nhưng m&agrave;~ ","note":null,"examples":["93020c54469e582d6fdb16f7ba6b0012","93020c54469e582d6fdb16f7ba6b0c9a","93020c54469e582d6fdb16f7ba6b193d"]}]}},{"id":"93020c54469e582d6fdb16f7ba6b688a","key":"N4","value":{"_id":"93020c54469e582d6fdb16f7ba6b688a","_rev":"1-56ec68df9c946386f404bc5d58a999c4","type":"grammar","lang":["vi"],"label":"ja_vi","level":"N4","title":"～ように     =>Để làm gì đó…","usages":[{"synopsis":"  V1-普通形／V1ない ＋ ようにV2  ","explain":"  Động từ 1 biểu thị một mục đ&iacute;ch hoặc mục ti&ecirc;u, c&ograve;n động từ 2 biểu thị h&agrave;nh động c&oacute; chủ &yacute; để tiến gần tới hoặc đạt tới mục ti&ecirc;u hoặc mục đ&iacute;ch đ&oacute;. ","mean":" : Để l&agrave;m g&igrave; đ&oacute;&hellip; ","note":"  Trước「～ように」l&agrave; động từ biểu thị chủ &yacute; (động từ thể khả năng, 「わかります」、「見えます」、「きこえます」、「なります」ở thể nguy&ecirc;n dạng hoặc thể phủ định. ","examples":["93020c54469e582d6fdb16f7ba6b3193","93020c54469e582d6fdb16f7ba6b3ccc","93020c54469e582d6fdb16f7ba6b4018","93020c54469e582d6fdb16f7ba6b47f7","93020c54469e582d6fdb16f7ba6b4dd5","93020c54469e582d6fdb16f7ba6b5aed"]}]}},{"id":"93020c54469e582d6fdb16f7ba6b8cf3","key":"N4","value":{"_id":"93020c54469e582d6fdb16f7ba6b8cf3","_rev":"1-97f5610ed9bedb16b0de536e9fd98575","type":"grammar","lang":["vi"],"label":"ja_vi","level":"N4","title":"～ために     =>Để~, cho~, vì~","usages":[{"synopsis":"  Vる／N &rarr; の ＋ ために  ","explain":"  Mẫu c&acirc;u n&agrave;y biểu thị mục đ&iacute;ch. ","mean":" : Để~, cho~, v&igrave;~ ","note":"  Sự kh&aacute;c nhau giữa「～ように」v&agrave;「～ために」đ&oacute; l&agrave; khi d&ugrave;ng「～ように」th&igrave; động từ kh&ocirc;ng biểu thị chủ &yacute; được d&ugrave;ng. C&ograve;n trong trường hợp của「～ために」th&igrave; động từ biểu thị chủ &yacute; được d&ugrave;ng. 自分の店を持つために、貯金しています。じぶんのみせをもつために、ちょきんしています。 T&ocirc;i để d&agrave;nh tiền để mở cửa h&agrave;ng ri&ecirc;ng của m&igrave;nh. 自分の店が持てるように、貯金しています。じぶんのみせをもてるように、ちょきんしています。 T&ocirc;i để d&agrave;nh tiền để c&oacute; thể mở cửa h&agrave;ng ri&ecirc;ng của m&igrave;nh. ","examples":["93020c54469e582d6fdb16f7ba6b6fc0","93020c54469e582d6fdb16f7ba6b70b6","93020c54469e582d6fdb16f7ba6b7cdc","93020c54469e582d6fdb16f7ba6b8075"]}]}},{"id":"93020c54469e582d6fdb16f7ba6bab59","key":"N4","value":{"_id":"93020c54469e582d6fdb16f7ba6bab59","_rev":"1-4c2745888fd6d25be1967997d5c1b391","type":"grammar","lang":["vi"],"label":"ja_vi","level":"N4","title":"～ばあいに（～場合に）     =>Trường hợp, khi…","usages":[{"synopsis":"  V-普通形／Vた／Vない／Aい／Aな／N &rarr; の＋ 場合に  ","explain":"  L&agrave; c&aacute;ch n&oacute;i về một trường hợp giả định n&agrave;o đ&oacute;. Phần tiếp theo sau biểu thị c&aacute;ch xử l&yacute; trong trường hợp đ&oacute;, hoặc kết quả xảy ra. Phần đứng trước「ばあいは」l&agrave; động từ, t&iacute;nh từ hoặc danh từ. V&igrave;「ばあい」l&agrave; danh từ n&ecirc;n c&aacute;ch nối n&oacute; với từ đứng trước tương tự như c&aacute;ch bổ nghĩa cho danh từ. ","mean":" :  Trường hợp, khi&hellip; ","note":null,"examples":["93020c54469e582d6fdb16f7ba6b9150","93020c54469e582d6fdb16f7ba6b9a4d","93020c54469e582d6fdb16f7ba6ba09e","93020c54469e582d6fdb16f7ba6ba135","93020c54469e582d6fdb16f7ba6ba558"]}]}},{"id":"93020c54469e582d6fdb16f7ba6bdf4d","key":"N4","value":{"_id":"93020c54469e582d6fdb16f7ba6bdf4d","_rev":"1-1b9177cf0dca15d63bf27878b879c71e","type":"grammar","lang":["vi"],"label":"ja_vi","level":"N4","title":"～たほうがいい／ないほうがいい（～た方がいい／ない方がいい）     =>Nên~, Không nên~","usages":[{"synopsis":"  Vた &rarr; たほうがいい／ Vない &rarr; ないほうがいい  ","explain":"  D&ugrave;ng để khuy&ecirc;n nhủ, g&oacute;p &yacute; cho người nghe. ","mean":" :  N&ecirc;n~, Kh&ocirc;ng n&ecirc;n~ ","note":"  Động từ c&oacute; thể d&ugrave;ng ở dạng từ điển, nhưng dạng phủ định th&igrave; chỉ c&oacute; thể d&ugrave;ng 「...ない」kh&ocirc;ng sử dụng c&ocirc;ng thức 「ないかったほうがいい」 ○ あの人には話さないほうがいい。 あのひとにははなさないほうがいい。 &times; あの人には話さなかったほうがいい。 あのひとにははなさなかったほうがいい。 Kh&ocirc;ng n&ecirc;n n&oacute;i chuyện với người ấy ","examples":["93020c54469e582d6fdb16f7ba6bb224","93020c54469e582d6fdb16f7ba6bb8e2","93020c54469e582d6fdb16f7ba6bc419","93020c54469e582d6fdb16f7ba6bcc84","93020c54469e582d6fdb16f7ba6bcd97","93020c54469e582d6fdb16f7ba6bd9f7"]}]}},{"id":"93020c54469e582d6fdb16f7ba6c1111","key":"N4","value":{"_id":"93020c54469e582d6fdb16f7ba6c1111","_rev":"1-2654de714a1327ee7307e34da4c67873","type":"grammar","lang":["vi"],"label":"ja_vi","level":"N4","title":"～んです     =>…(Đấy)/ vì…","usages":[{"synopsis":"  普通形 ＋ んです  ","explain":"  D&ugrave;ng để giải th&iacute;ch một sự thật hay đưa ra l&yacute; do. ","mean":" :  &hellip;(Đấy)/ v&igrave;&hellip; ","note":"  L&agrave; dạng lịch sự của 「んだ」. Cũng n&oacute;i l&agrave;「のです」 あんまりおいしかったんで、全部食べてしまった。あんまりおいしかったんで、ぜんぶたべてしまった。 V&igrave; ngon qu&aacute; n&ecirc;n t&ocirc;i đ&atilde; lỡ ăn hết. 遅くなってすみません。途中でじゅうたいにまきこまれてしまたのです。 おそくなってすみません。とちゅうでじゅうたいにまきこまれてしまたのです。 Xin lỗi t&ocirc;i tới trể. V&igrave; nửa đường t&ocirc;i bị kẹt xe. ","examples":["93020c54469e582d6fdb16f7ba6bec45","93020c54469e582d6fdb16f7ba6bf583","93020c54469e582d6fdb16f7ba6bf8a9","93020c54469e582d6fdb16f7ba6c021a","93020c54469e582d6fdb16f7ba6c065d"]}]}},{"id":"93020c54469e582d6fdb16f7ba6c4516","key":"N4","value":{"_id":"93020c54469e582d6fdb16f7ba6c4516","_rev":"1-82e4ca5fd89c969311f28e64c56abbda","type":"grammar","lang":["vi"],"label":"ja_vi","level":"N4","title":"～すぎる（すぎます）（～過ぎる）     =>Quá…","usages":[{"synopsis":"  Vます／Aい &rarr; い／Aな &rarr; な ＋ すぎる  ","explain":"   Biểu thị sự vượt qu&aacute; giới hạn cho ph&eacute;p của một h&agrave;nh vi hoặc một trạng th&aacute;i. Ch&iacute;nh v&igrave; thế, th&ocirc;ng thường mẫu c&acirc;u được d&ugrave;ng để n&oacute;i về những điều kh&ocirc;ng tốt. ","mean":" : Qu&aacute;&hellip; ","note":"  Thường mang &yacute; nghĩa ti&ecirc;u cực. 子供の目が悪くなったのはテレビを見すぎたせいだと思います。こどものめがわるくなったのはテレビをみすぎたせいだとおもいます。 Sở dĩ thị lực của trẻ bị giảm l&agrave; do ch&uacute;ng xem ti vi qu&aacute; nhiều. ","examples":["93020c54469e582d6fdb16f7ba6c118d","93020c54469e582d6fdb16f7ba6c20e7","93020c54469e582d6fdb16f7ba6c2ea9","93020c54469e582d6fdb16f7ba6c32f5","93020c54469e582d6fdb16f7ba6c421b"]}]}},{"id":"93020c54469e582d6fdb16f7ba6c7102","key":"N4","value":{"_id":"93020c54469e582d6fdb16f7ba6c7102","_rev":"1-b22c4b457b6bc316ee354d0e10f3df17","type":"grammar","lang":["vi"],"label":"ja_vi","level":"N4","title":"～V可能形ようになる     =>Đã có thể~","usages":[{"synopsis":"  V-可能形 ＋ ようになる  ","explain":"  Diễn tả sự c&oacute; khả năng, đ&atilde; bắt đầu c&oacute; thể l&agrave;m một việc g&igrave; đ&oacute; ~. ","mean":" : Đ&atilde; c&oacute; thể~ ","note":null,"examples":["93020c54469e582d6fdb16f7ba6c469c","93020c54469e582d6fdb16f7ba6c4757","93020c54469e582d6fdb16f7ba6c51f4","93020c54469e582d6fdb16f7ba6c6124"]}]}},{"id":"93020c54469e582d6fdb16f7ba6c9c0f","key":"N4","value":{"_id":"93020c54469e582d6fdb16f7ba6c9c0f","_rev":"1-c106c3f8f6831ae6cfe00a158d1e0ad3","type":"grammar","lang":["vi"],"label":"ja_vi","level":"N4","title":"～Ｖるようになる     =>Bắt đầu ~","usages":[{"synopsis":"  Vる ＋ ようになる  ","explain":"  Diễn tả việc bắt đầu một h&agrave;nh động, một việc g&igrave; đ&oacute;. ","mean":" :  Bắt đầu ~ ","note":null,"examples":["93020c54469e582d6fdb16f7ba6c8063","93020c54469e582d6fdb16f7ba6c8945","93020c54469e582d6fdb16f7ba6c8e48"]}]}},{"id":"93020c54469e582d6fdb16f7ba6cd7de","key":"N4","value":{"_id":"93020c54469e582d6fdb16f7ba6cd7de","_rev":"1-c121e8e8f29245c57157aecc6f324dca","type":"grammar","lang":["vi"],"label":"ja_vi","level":"N4","title":"～Vる/ないようにする     =>Sao cho ~, Sao cho không ~","usages":[{"synopsis":"  Vる／Vない ＋ ようにする  ","explain":"  Cố gắng để ~, Cố gắng kh&ocirc;ng để ~. ","mean":" : Sao cho ~, Sao cho kh&ocirc;ng ~ ","note":null,"examples":["93020c54469e582d6fdb16f7ba6ca3a9","93020c54469e582d6fdb16f7ba6cb2c0","93020c54469e582d6fdb16f7ba6cc139","93020c54469e582d6fdb16f7ba6cd0c3","93020c54469e582d6fdb16f7ba6cd298"]}]}}]}