﻿content,question1,question2,question3,question4,answer
会社のことを思えばこそ、厳しい環境の中でも<highlight>けんめい</highlight>に努力を続けてこられたのです。,賢明　,憲明　,件名　,懸命,3
何度も試験をしたとはいえ、新製品である限り、<highlight>けっかん</highlight>が絶対にないとは言い切れない。,欠陏　,欠陥　,欠陌　,欠陷,1
この不況下にあって、<highlight>せんい</highlight>業界も大変苦戦している。,繊維　,繊位　,線維　,線位,0
テレビ紹介されたある<highlight>かいご</highlight>施設での奉仕活動に心をうたれた。,悔悟　,改悟　,解語　,介護,3
それは人の命にかかわる問題であったので、皆、<highlight>もうれつ</highlight>に反対した。,盲烈　,盲列　,猛烈　,猛列,2
<highlight>ようちえん</highlight>にしては、ずいぶん立派な建物ですね。,幼稚園　,幻稚園　,幼雅園　,幻雅園,0
<highlight>きこんしゃ</highlight>であるがゆえに、自由がないと考えるのは間違っていると思う。,概結者　,既婚者　,概婚者　,既結者,1
人はとかく自分に都合の悪いことを<highlight>さける</highlight>きらいがある。,裂ける　,割ける　,咲ける　,避ける,3
彼の<highlight>じまん</highlight>話は決して驚くにはあたらない。大げさな作り話ばかりなのだから。,自慢　,自漫　,自幔　,自曼,0
彼女は人柄といい、雰囲気といい、非常に<highlight>みりょく</highlight>的な人だ。,美力　,実力　,魅力　,魃力,2
会社のことを思えばこそ、厳しい環境の中でも<highlight>けんめい</highlight>に努力を続けてこられたのです。,賢明　,憲明　,件名　,懸命,0
何度も試験をしたとはいえ、新製品である限り、<highlight>けっかん</highlight>が絶対にないとは言い切れない。,欠陏　,欠陥　,欠陌　,欠陷,3
この不況下にあって、<highlight>せんい</highlight>業界も大変苦戦している。,繊維　,繊位　,線維　,線位,3
テレビ紹介されたある<highlight>かいご</highlight>施設での奉仕活動に心をうたれた。,悔悟　,改悟　,解語　,介護,3
それは人の命にかかわる問題であったので、皆、<highlight>もうれつ</highlight>に反対した。,盲烈　,盲列　,猛烈　,猛列,1
<highlight>ようちえん</highlight>にしては、ずいぶん立派な建物ですね。,幼稚園　,幻稚園　,幼雅園　,幻雅園,2
<highlight>きこんしゃ</highlight>であるがゆえに、自由がないと考えるのは間違っていると思う。,概結者　,既婚者　,概婚者　,既結者,0
人はとかく自分に都合の悪いことを<highlight>さける</highlight>きらいがある。,裂ける　,割ける　,咲ける　,避ける,3
彼の<highlight>じまん</highlight>話は決して驚くにはあたらない。大げさな作り話ばかりなのだから。,自慢　,自漫　,自幔　,自曼,1
彼女は人柄といい、雰囲気といい、非常に<highlight>みりょく</highlight>的な人だ。,美力　,実力　,魅力　,魃力,2
会社のことを思えばこそ、厳しい環境の中でも<highlight>けんめい</highlight>に努力を続けてこられたのです。,賢明　,憲明　,件名　,懸命,0
何度も試験をしたとはいえ、新製品である限り、<highlight>けっかん</highlight>が絶対にないとは言い切れない。,欠陏　,欠陥　,欠陌　,欠陷,1
この不況下にあって、<highlight>せんい</highlight>業界も大変苦戦している。,繊維　,繊位　,線維　,線位,0
テレビ紹介されたある<highlight>かいご</highlight>施設での奉仕活動に心をうたれた。,悔悟　,改悟　,解語　,介護,2
それは人の命にかかわる問題であったので、皆、<highlight>もうれつ</highlight>に反対した。,盲烈　,盲列　,猛烈　,猛列,3
<highlight>ようちえん</highlight>にしては、ずいぶん立派な建物ですね。,幼稚園　,幻稚園　,幼雅園　,幻雅園,3
<highlight>きこんしゃ</highlight>であるがゆえに、自由がないと考えるのは間違っていると思う。,概結者　,既婚者　,概婚者　,既結者,1
人はとかく自分に都合の悪いことを<highlight>さける</highlight>きらいがある。,裂ける　,割ける　,咲ける　,避ける,2
彼の<highlight>じまん</highlight>話は決して驚くにはあたらない。大げさな作り話ばかりなのだから。,自慢　,自漫　,自幔　,自曼,0
彼女は人柄といい、雰囲気といい、非常に<highlight>みりょく</highlight>的な人だ。,美力　,実力　,魅力　,魃力,3
会社のことを思えばこそ、厳しい環境の中でも<highlight>けんめい</highlight>に努力を続けてこられたのです。,賢明　,憲明　,件名　,懸命,1
何度も試験をしたとはいえ、新製品である限り、<highlight>けっかん</highlight>が絶対にないとは言い切れない。,欠陏　,欠陥　,欠陌　,欠陷,2
この不況下にあって、<highlight>せんい</highlight>業界も大変苦戦している。,繊維　,繊位　,線維　,線位,1
テレビ紹介されたある<highlight>かいご</highlight>施設での奉仕活動に心をうたれた。,悔悟　,改悟　,解語　,介護,3
それは人の命にかかわる問題であったので、皆、<highlight>もうれつ</highlight>に反対した。,盲烈　,盲列　,猛烈　,猛列,0
<highlight>ようちえん</highlight>にしては、ずいぶん立派な建物ですね。,幼稚園　,幻稚園　,幼雅園　,幻雅園,2
<highlight>きこんしゃ</highlight>であるがゆえに、自由がないと考えるのは間違っていると思う。,概結者　,既婚者　,概婚者　,既結者,2
人はとかく自分に都合の悪いことを<highlight>さける</highlight>きらいがある。,裂ける　,割ける　,咲ける　,避ける,2
彼の<highlight>じまん</highlight>話は決して驚くにはあたらない。大げさな作り話ばかりなのだから。,自慢　,自漫　,自幔　,自曼,0
彼女は人柄といい、雰囲気といい、非常に<highlight>みりょく</highlight>的な人だ。,美力　,実力　,魅力　,魃力,1
会社のことを思えばこそ、厳しい環境の中でも<highlight>けんめい</highlight>に努力を続けてこられたのです。,賢明　,憲明　,件名　,懸命,1
何度も試験をしたとはいえ、新製品である限り、<highlight>けっかん</highlight>が絶対にないとは言い切れない。,欠陏　,欠陥　,欠陌　,欠陷,3
この不況下にあって、<highlight>せんい</highlight>業界も大変苦戦している。,繊維　,繊位　,線維　,線位,1
テレビ紹介されたある<highlight>かいご</highlight>施設での奉仕活動に心をうたれた。,悔悟　,改悟　,解語　,介護,0
それは人の命にかかわる問題であったので、皆、<highlight>もうれつ</highlight>に反対した。,盲烈　,盲列　,猛烈　,猛列,2
<highlight>ようちえん</highlight>にしては、ずいぶん立派な建物ですね。,幼稚園　,幻稚園　,幼雅園　,幻雅園,3
<highlight>きこんしゃ</highlight>であるがゆえに、自由がないと考えるのは間違っていると思う。,概結者　,既婚者　,概婚者　,既結者,3
人はとかく自分に都合の悪いことを<highlight>さける</highlight>きらいがある。,裂ける　,割ける　,咲ける　,避ける,1
彼の<highlight>じまん</highlight>話は決して驚くにはあたらない。大げさな作り話ばかりなのだから。,自慢　,自漫　,自幔　,自曼,2
彼女は人柄といい、雰囲気といい、非常に<highlight>みりょく</highlight>的な人だ。,美力　,実力　,魅力　,魃力,2
会社のことを思えばこそ、厳しい環境の中でも<highlight>けんめい</highlight>に努力を続けてこられたのです。,賢明　,憲明　,件名　,懸命,1
何度も試験をしたとはいえ、新製品である限り、<highlight>けっかん</highlight>が絶対にないとは言い切れない。,欠陏　,欠陥　,欠陌　,欠陷,1
この不況下にあって、<highlight>せんい</highlight>業界も大変苦戦している。,繊維　,繊位　,線維　,線位,3
テレビ紹介されたある<highlight>かいご</highlight>施設での奉仕活動に心をうたれた。,悔悟　,改悟　,解語　,介護,2
それは人の命にかかわる問題であったので、皆、<highlight>もうれつ</highlight>に反対した。,盲烈　,盲列　,猛烈　,猛列,2
<highlight>ようちえん</highlight>にしては、ずいぶん立派な建物ですね。,幼稚園　,幻稚園　,幼雅園　,幻雅園,0
<highlight>きこんしゃ</highlight>であるがゆえに、自由がないと考えるのは間違っていると思う。,概結者　,既婚者　,概婚者　,既結者,3
人はとかく自分に都合の悪いことを<highlight>さける</highlight>きらいがある。,裂ける　,割ける　,咲ける　,避ける,0
彼の<highlight>じまん</highlight>話は決して驚くにはあたらない。大げさな作り話ばかりなのだから。,自慢　,自漫　,自幔　,自曼,1
彼女は人柄といい、雰囲気といい、非常に<highlight>みりょく</highlight>的な人だ。,美力　,実力　,魅力　,魃力,2
会社のことを思えばこそ、厳しい環境の中でも<highlight>けんめい</highlight>に努力を続けてこられたのです。,賢明　,憲明　,件名　,懸命,0
何度も試験をしたとはいえ、新製品である限り、<highlight>けっかん</highlight>が絶対にないとは言い切れない。,欠陏　,欠陥　,欠陌　,欠陷,2
この不況下にあって、<highlight>せんい</highlight>業界も大変苦戦している。,繊維　,繊位　,線維　,線位,2
テレビ紹介されたある<highlight>かいご</highlight>施設での奉仕活動に心をうたれた。,悔悟　,改悟　,解語　,介護,1
それは人の命にかかわる問題であったので、皆、<highlight>もうれつ</highlight>に反対した。,盲烈　,盲列　,猛烈　,猛列,3
<highlight>ようちえん</highlight>にしては、ずいぶん立派な建物ですね。,幼稚園　,幻稚園　,幼雅園　,幻雅園,1
<highlight>きこんしゃ</highlight>であるがゆえに、自由がないと考えるのは間違っていると思う。,概結者　,既婚者　,概婚者　,既結者,0
人はとかく自分に都合の悪いことを<highlight>さける</highlight>きらいがある。,裂ける　,割ける　,咲ける　,避ける,2
彼の<highlight>じまん</highlight>話は決して驚くにはあたらない。大げさな作り話ばかりなのだから。,自慢　,自漫　,自幔　,自曼,3
彼女は人柄といい、雰囲気といい、非常に<highlight>みりょく</highlight>的な人だ。,美力　,実力　,魅力　,魃力,0
会社のことを思えばこそ、厳しい環境の中でも<highlight>けんめい</highlight>に努力を続けてこられたのです。,賢明　,憲明　,件名　,懸命,3
何度も試験をしたとはいえ、新製品である限り、<highlight>けっかん</highlight>が絶対にないとは言い切れない。,欠陏　,欠陥　,欠陌　,欠陷,2
この不況下にあって、<highlight>せんい</highlight>業界も大変苦戦している。,繊維　,繊位　,線維　,線位,1
テレビ紹介されたある<highlight>かいご</highlight>施設での奉仕活動に心をうたれた。,悔悟　,改悟　,解語　,介護,1
それは人の命にかかわる問題であったので、皆、<highlight>もうれつ</highlight>に反対した。,盲烈　,盲列　,猛烈　,猛列,3
<highlight>ようちえん</highlight>にしては、ずいぶん立派な建物ですね。,幼稚園　,幻稚園　,幼雅園　,幻雅園,0
<highlight>きこんしゃ</highlight>であるがゆえに、自由がないと考えるのは間違っていると思う。,概結者　,既婚者　,概婚者　,既結者,0
人はとかく自分に都合の悪いことを<highlight>さける</highlight>きらいがある。,裂ける　,割ける　,咲ける　,避ける,0
彼の<highlight>じまん</highlight>話は決して驚くにはあたらない。大げさな作り話ばかりなのだから。,自慢　,自漫　,自幔　,自曼,3
彼女は人柄といい、雰囲気といい、非常に<highlight>みりょく</highlight>的な人だ。,美力　,実力　,魅力　,魃力,2
会社のことを思えばこそ、厳しい環境の中でも<highlight>けんめい</highlight>に努力を続けてこられたのです。,賢明　,憲明　,件名　,懸命,0
何度も試験をしたとはいえ、新製品である限り、<highlight>けっかん</highlight>が絶対にないとは言い切れない。,欠陏　,欠陥　,欠陌　,欠陷,1
この不況下にあって、<highlight>せんい</highlight>業界も大変苦戦している。,繊維　,繊位　,線維　,線位,2
テレビ紹介されたある<highlight>かいご</highlight>施設での奉仕活動に心をうたれた。,悔悟　,改悟　,解語　,介護,1
それは人の命にかかわる問題であったので、皆、<highlight>もうれつ</highlight>に反対した。,盲烈　,盲列　,猛烈　,猛列,2
<highlight>ようちえん</highlight>にしては、ずいぶん立派な建物ですね。,幼稚園　,幻稚園　,幼雅園　,幻雅園,3
<highlight>きこんしゃ</highlight>であるがゆえに、自由がないと考えるのは間違っていると思う。,概結者　,既婚者　,概婚者　,既結者,0
人はとかく自分に都合の悪いことを<highlight>さける</highlight>きらいがある。,裂ける　,割ける　,咲ける　,避ける,1
彼の<highlight>じまん</highlight>話は決して驚くにはあたらない。大げさな作り話ばかりなのだから。,自慢　,自漫　,自幔　,自曼,0
彼女は人柄といい、雰囲気といい、非常に<highlight>みりょく</highlight>的な人だ。,美力　,実力　,魅力　,魃力,3
会社のことを思えばこそ、厳しい環境の中でも<highlight>けんめい</highlight>に努力を続けてこられたのです。,賢明　,憲明　,件名　,懸命,3
何度も試験をしたとはいえ、新製品である限り、<highlight>けっかん</highlight>が絶対にないとは言い切れない。,欠陏　,欠陥　,欠陌　,欠陷,1
この不況下にあって、<highlight>せんい</highlight>業界も大変苦戦している。,繊維　,繊位　,線維　,線位,3
テレビ紹介されたある<highlight>かいご</highlight>施設での奉仕活動に心をうたれた。,悔悟　,改悟　,解語　,介護,2
それは人の命にかかわる問題であったので、皆、<highlight>もうれつ</highlight>に反対した。,盲烈　,盲列　,猛烈　,猛列,0
<highlight>ようちえん</highlight>にしては、ずいぶん立派な建物ですね。,幼稚園　,幻稚園　,幼雅園　,幻雅園,1
<highlight>きこんしゃ</highlight>であるがゆえに、自由がないと考えるのは間違っていると思う。,概結者　,既婚者　,概婚者　,既結者,2
人はとかく自分に都合の悪いことを<highlight>さける</highlight>きらいがある。,裂ける　,割ける　,咲ける　,避ける,3
彼の<highlight>じまん</highlight>話は決して驚くにはあたらない。大げさな作り話ばかりなのだから。,自慢　,自漫　,自幔　,自曼,1
彼女は人柄といい、雰囲気といい、非常に<highlight>みりょく</highlight>的な人だ。,美力　,実力　,魅力　,魃力,2
