﻿content,question1,question2,question3,question4,answer
このままでは計画が<highlight>えんき</highlight>になりかねない。,延期　,廷期　,迭期　,遠期,0
現状から言って、再発の<highlight>かのうせい</highlight>は低いと思われます。,可態性　,可能性　,加態性　,加能性,1
その<highlight>せんそう</highlight>に関して、質問がある方は私のところまでいつでもどうぞ。,争戦　,戦争　,競争　,争競,1
このソースは<highlight>かんづめ</highlight>の割にはうまい。,缶詰　,含詰　,缶結　,含結,0
責任がだれにあるのか、もっと国会で<highlight>ぎろん</highlight>するべきだ。,犠論　,儀論　,義論　,議論,3
全然、練習していないんだから<highlight>ゆうしょう</highlight>なんてできっこないよ。,憂賞　,優賞　,憂勝　,優勝,3
改札口を出たところで、<highlight>ぐうぜん</highlight>昔の友人に会いました。,愚然　,遇然　,偶然　,寓然,2
事実がわかれば、<highlight>てきせつ</highlight>な判断ができるはずです。,商切　,適切　,敵切　,摘切,1
元気そうだけど、<highlight>あんがい</highlight>病気がちだそうですよ。,案外　,安外　,暗外　,音外,0
試合の結果はともかく、みんなががんばったことは大いに<highlight>ひょうか</highlight>しよう。,票賀　,表可　,評価　,許果,2
このままでは計画が<highlight>えんき</highlight>になりかねない。,延期　,廷期　,迭期　,遠期,3
現状から言って、再発の<highlight>かのうせい</highlight>は低いと思われます。,可態性　,可能性　,加態性　,加能性,1
その<highlight>せんそう</highlight>に関して、質問がある方は私のところまでいつでもどうぞ。,争戦　,戦争　,競争　,争競,0
このソースは<highlight>かんづめ</highlight>の割にはうまい。,缶詰　,含詰　,缶結　,含結,0
責任がだれにあるのか、もっと国会で<highlight>ぎろん</highlight>するべきだ。,犠論　,儀論　,義論　,議論,3
全然、練習していないんだから<highlight>ゆうしょう</highlight>なんてできっこないよ。,憂賞　,優賞　,憂勝　,優勝,1
改札口を出たところで、<highlight>ぐうぜん</highlight>昔の友人に会いました。,愚然　,遇然　,偶然　,寓然,3
事実がわかれば、<highlight>てきせつ</highlight>な判断ができるはずです。,商切　,適切　,敵切　,摘切,2
元気そうだけど、<highlight>あんがい</highlight>病気がちだそうですよ。,案外　,安外　,暗外　,音外,3
試合の結果はともかく、みんなががんばったことは大いに<highlight>ひょうか</highlight>しよう。,票賀　,表可　,評価　,許果,0
このままでは計画が<highlight>えんき</highlight>になりかねない。,延期　,廷期　,迭期　,遠期,3
現状から言って、再発の<highlight>かのうせい</highlight>は低いと思われます。,可態性　,可能性　,加態性　,加能性,1
その<highlight>せんそう</highlight>に関して、質問がある方は私のところまでいつでもどうぞ。,争戦　,戦争　,競争　,争競,2
このソースは<highlight>かんづめ</highlight>の割にはうまい。,缶詰　,含詰　,缶結　,含結,2
責任がだれにあるのか、もっと国会で<highlight>ぎろん</highlight>するべきだ。,犠論　,儀論　,義論　,議論,0
全然、練習していないんだから<highlight>ゆうしょう</highlight>なんてできっこないよ。,憂賞　,優賞　,憂勝　,優勝,1
改札口を出たところで、<highlight>ぐうぜん</highlight>昔の友人に会いました。,愚然　,遇然　,偶然　,寓然,3
事実がわかれば、<highlight>てきせつ</highlight>な判断ができるはずです。,商切　,適切　,敵切　,摘切,3
元気そうだけど、<highlight>あんがい</highlight>病気がちだそうですよ。,案外　,安外　,暗外　,音外,0
試合の結果はともかく、みんなががんばったことは大いに<highlight>ひょうか</highlight>しよう。,票賀　,表可　,評価　,許果,0
このままでは計画が<highlight>えんき</highlight>になりかねない。,延期　,廷期　,迭期　,遠期,1
現状から言って、再発の<highlight>かのうせい</highlight>は低いと思われます。,可態性　,可能性　,加態性　,加能性,2
その<highlight>せんそう</highlight>に関して、質問がある方は私のところまでいつでもどうぞ。,争戦　,戦争　,競争　,争競,0
このソースは<highlight>かんづめ</highlight>の割にはうまい。,缶詰　,含詰　,缶結　,含結,2
責任がだれにあるのか、もっと国会で<highlight>ぎろん</highlight>するべきだ。,犠論　,儀論　,義論　,議論,3
全然、練習していないんだから<highlight>ゆうしょう</highlight>なんてできっこないよ。,憂賞　,優賞　,憂勝　,優勝,0
改札口を出たところで、<highlight>ぐうぜん</highlight>昔の友人に会いました。,愚然　,遇然　,偶然　,寓然,3
事実がわかれば、<highlight>てきせつ</highlight>な判断ができるはずです。,商切　,適切　,敵切　,摘切,3
元気そうだけど、<highlight>あんがい</highlight>病気がちだそうですよ。,案外　,安外　,暗外　,音外,3
試合の結果はともかく、みんなががんばったことは大いに<highlight>ひょうか</highlight>しよう。,票賀　,表可　,評価　,許果,1
このままでは計画が<highlight>えんき</highlight>になりかねない。,延期　,廷期　,迭期　,遠期,0
現状から言って、再発の<highlight>かのうせい</highlight>は低いと思われます。,可態性　,可能性　,加態性　,加能性,2
その<highlight>せんそう</highlight>に関して、質問がある方は私のところまでいつでもどうぞ。,争戦　,戦争　,競争　,争競,0
このソースは<highlight>かんづめ</highlight>の割にはうまい。,缶詰　,含詰　,缶結　,含結,3
責任がだれにあるのか、もっと国会で<highlight>ぎろん</highlight>するべきだ。,犠論　,儀論　,義論　,議論,3
全然、練習していないんだから<highlight>ゆうしょう</highlight>なんてできっこないよ。,憂賞　,優賞　,憂勝　,優勝,3
改札口を出たところで、<highlight>ぐうぜん</highlight>昔の友人に会いました。,愚然　,遇然　,偶然　,寓然,2
事実がわかれば、<highlight>てきせつ</highlight>な判断ができるはずです。,商切　,適切　,敵切　,摘切,0
元気そうだけど、<highlight>あんがい</highlight>病気がちだそうですよ。,案外　,安外　,暗外　,音外,1
試合の結果はともかく、みんなががんばったことは大いに<highlight>ひょうか</highlight>しよう。,票賀　,表可　,評価　,許果,2
このままでは計画が<highlight>えんき</highlight>になりかねない。,延期　,廷期　,迭期　,遠期,0
現状から言って、再発の<highlight>かのうせい</highlight>は低いと思われます。,可態性　,可能性　,加態性　,加能性,0
その<highlight>せんそう</highlight>に関して、質問がある方は私のところまでいつでもどうぞ。,争戦　,戦争　,競争　,争競,0
このソースは<highlight>かんづめ</highlight>の割にはうまい。,缶詰　,含詰　,缶結　,含結,1
責任がだれにあるのか、もっと国会で<highlight>ぎろん</highlight>するべきだ。,犠論　,儀論　,義論　,議論,3
全然、練習していないんだから<highlight>ゆうしょう</highlight>なんてできっこないよ。,憂賞　,優賞　,憂勝　,優勝,1
改札口を出たところで、<highlight>ぐうぜん</highlight>昔の友人に会いました。,愚然　,遇然　,偶然　,寓然,2
事実がわかれば、<highlight>てきせつ</highlight>な判断ができるはずです。,商切　,適切　,敵切　,摘切,3
元気そうだけど、<highlight>あんがい</highlight>病気がちだそうですよ。,案外　,安外　,暗外　,音外,1
試合の結果はともかく、みんなががんばったことは大いに<highlight>ひょうか</highlight>しよう。,票賀　,表可　,評価　,許果,0
このままでは計画が<highlight>えんき</highlight>になりかねない。,延期　,廷期　,迭期　,遠期,2
現状から言って、再発の<highlight>かのうせい</highlight>は低いと思われます。,可態性　,可能性　,加態性　,加能性,2
その<highlight>せんそう</highlight>に関して、質問がある方は私のところまでいつでもどうぞ。,争戦　,戦争　,競争　,争競,3
このソースは<highlight>かんづめ</highlight>の割にはうまい。,缶詰　,含詰　,缶結　,含結,0
責任がだれにあるのか、もっと国会で<highlight>ぎろん</highlight>するべきだ。,犠論　,儀論　,義論　,議論,0
全然、練習していないんだから<highlight>ゆうしょう</highlight>なんてできっこないよ。,憂賞　,優賞　,憂勝　,優勝,1
改札口を出たところで、<highlight>ぐうぜん</highlight>昔の友人に会いました。,愚然　,遇然　,偶然　,寓然,3
事実がわかれば、<highlight>てきせつ</highlight>な判断ができるはずです。,商切　,適切　,敵切　,摘切,2
元気そうだけど、<highlight>あんがい</highlight>病気がちだそうですよ。,案外　,安外　,暗外　,音外,0
試合の結果はともかく、みんなががんばったことは大いに<highlight>ひょうか</highlight>しよう。,票賀　,表可　,評価　,許果,2
このままでは計画が<highlight>えんき</highlight>になりかねない。,延期　,廷期　,迭期　,遠期,0
現状から言って、再発の<highlight>かのうせい</highlight>は低いと思われます。,可態性　,可能性　,加態性　,加能性,1
その<highlight>せんそう</highlight>に関して、質問がある方は私のところまでいつでもどうぞ。,争戦　,戦争　,競争　,争競,2
このソースは<highlight>かんづめ</highlight>の割にはうまい。,缶詰　,含詰　,缶結　,含結,3
責任がだれにあるのか、もっと国会で<highlight>ぎろん</highlight>するべきだ。,犠論　,儀論　,義論　,議論,1
全然、練習していないんだから<highlight>ゆうしょう</highlight>なんてできっこないよ。,憂賞　,優賞　,憂勝　,優勝,2
改札口を出たところで、<highlight>ぐうぜん</highlight>昔の友人に会いました。,愚然　,遇然　,偶然　,寓然,1
事実がわかれば、<highlight>てきせつ</highlight>な判断ができるはずです。,商切　,適切　,敵切　,摘切,0
元気そうだけど、<highlight>あんがい</highlight>病気がちだそうですよ。,案外　,安外　,暗外　,音外,3
試合の結果はともかく、みんなががんばったことは大いに<highlight>ひょうか</highlight>しよう。,票賀　,表可　,評価　,許果,3
このままでは計画が<highlight>えんき</highlight>になりかねない。,延期　,廷期　,迭期　,遠期,3
現状から言って、再発の<highlight>かのうせい</highlight>は低いと思われます。,可態性　,可能性　,加態性　,加能性,1
その<highlight>せんそう</highlight>に関して、質問がある方は私のところまでいつでもどうぞ。,争戦　,戦争　,競争　,争競,0
このソースは<highlight>かんづめ</highlight>の割にはうまい。,缶詰　,含詰　,缶結　,含結,3
責任がだれにあるのか、もっと国会で<highlight>ぎろん</highlight>するべきだ。,犠論　,儀論　,義論　,議論,1
全然、練習していないんだから<highlight>ゆうしょう</highlight>なんてできっこないよ。,憂賞　,優賞　,憂勝　,優勝,2
改札口を出たところで、<highlight>ぐうぜん</highlight>昔の友人に会いました。,愚然　,遇然　,偶然　,寓然,2
事実がわかれば、<highlight>てきせつ</highlight>な判断ができるはずです。,商切　,適切　,敵切　,摘切,2
元気そうだけど、<highlight>あんがい</highlight>病気がちだそうですよ。,案外　,安外　,暗外　,音外,1
試合の結果はともかく、みんなががんばったことは大いに<highlight>ひょうか</highlight>しよう。,票賀　,表可　,評価　,許果,2
このままでは計画が<highlight>えんき</highlight>になりかねない。,延期　,廷期　,迭期　,遠期,3
現状から言って、再発の<highlight>かのうせい</highlight>は低いと思われます。,可態性　,可能性　,加態性　,加能性,3
その<highlight>せんそう</highlight>に関して、質問がある方は私のところまでいつでもどうぞ。,争戦　,戦争　,競争　,争競,0
このソースは<highlight>かんづめ</highlight>の割にはうまい。,缶詰　,含詰　,缶結　,含結,0
責任がだれにあるのか、もっと国会で<highlight>ぎろん</highlight>するべきだ。,犠論　,儀論　,義論　,議論,1
全然、練習していないんだから<highlight>ゆうしょう</highlight>なんてできっこないよ。,憂賞　,優賞　,憂勝　,優勝,2
改札口を出たところで、<highlight>ぐうぜん</highlight>昔の友人に会いました。,愚然　,遇然　,偶然　,寓然,1
事実がわかれば、<highlight>てきせつ</highlight>な判断ができるはずです。,商切　,適切　,敵切　,摘切,2
元気そうだけど、<highlight>あんがい</highlight>病気がちだそうですよ。,案外　,安外　,暗外　,音外,1
試合の結果はともかく、みんなががんばったことは大いに<highlight>ひょうか</highlight>しよう。,票賀　,表可　,評価　,許果,2
