﻿content,question1,question2,question3,question4,answer
１か月で漢字を全部<highlight>おぼえられる</highlight>わけがない。,思えられる　,覚えられる　,資えられる　,忘えられる,1
ＰＣのおかげで、スケジュールの<highlight>かんり</highlight>が簡単になった。,官理　,菅理　,棺理　,管理,3
あ、<highlight>ふうとう</highlight>に切手はるの忘れちゃった。,封筒　,封同　,卦筒　,卦同,0
あの先生は<highlight>せいと</highlight>に対してとてもきびしい。,生徒　,性往　,生往　,性徒,0
あの人は<highlight>じまん</highlight>ばかりするから、あまり好きじゃない。,自萬　,自漫　,自慢　,自満,2
あの二人は、<highlight>ふうふ</highlight>みたいに仲（なか）がいいですね。,婦夫　,夫婦　,夫妻　,妻夫,1
一か月に1回、書類を<highlight>せいり</highlight>することにしている。,整理　,政理　,製理　,制理,0
一週間前から足の<highlight>いたみ</highlight>が続いている。,痛み　,病み　,疼み　,疲み,0
一般に、日本の住宅は欧米と<highlight>ひかく</highlight>して狭い。,比確　,批確　,批格　,比較,3
妹さん、イギリスに<highlight>りゅうがく</highlight>しているんだって。,瑠学　,流学　,留学　,琉学,2
１か月で漢字を全部<highlight>おぼえられる</highlight>わけがない。,思えられる　,覚えられる　,資えられる　,忘えられる,2
ＰＣのおかげで、スケジュールの<highlight>かんり</highlight>が簡単になった。,官理　,菅理　,棺理　,管理,3
あ、<highlight>ふうとう</highlight>に切手はるの忘れちゃった。,封筒　,封同　,卦筒　,卦同,3
あの先生は<highlight>せいと</highlight>に対してとてもきびしい。,生徒　,性往　,生往　,性徒,1
あの人は<highlight>じまん</highlight>ばかりするから、あまり好きじゃない。,自萬　,自漫　,自慢　,自満,1
あの二人は、<highlight>ふうふ</highlight>みたいに仲（なか）がいいですね。,婦夫　,夫婦　,夫妻　,妻夫,0
一か月に1回、書類を<highlight>せいり</highlight>することにしている。,整理　,政理　,製理　,制理,0
一週間前から足の<highlight>いたみ</highlight>が続いている。,痛み　,病み　,疼み　,疲み,1
一般に、日本の住宅は欧米と<highlight>ひかく</highlight>して狭い。,比確　,批確　,批格　,比較,3
妹さん、イギリスに<highlight>りゅうがく</highlight>しているんだって。,瑠学　,流学　,留学　,琉学,2
１か月で漢字を全部<highlight>おぼえられる</highlight>わけがない。,思えられる　,覚えられる　,資えられる　,忘えられる,0
ＰＣのおかげで、スケジュールの<highlight>かんり</highlight>が簡単になった。,官理　,菅理　,棺理　,管理,3
あ、<highlight>ふうとう</highlight>に切手はるの忘れちゃった。,封筒　,封同　,卦筒　,卦同,3
あの先生は<highlight>せいと</highlight>に対してとてもきびしい。,生徒　,性往　,生往　,性徒,2
あの人は<highlight>じまん</highlight>ばかりするから、あまり好きじゃない。,自萬　,自漫　,自慢　,自満,1
あの二人は、<highlight>ふうふ</highlight>みたいに仲（なか）がいいですね。,婦夫　,夫婦　,夫妻　,妻夫,3
一か月に1回、書類を<highlight>せいり</highlight>することにしている。,整理　,政理　,製理　,制理,0
一週間前から足の<highlight>いたみ</highlight>が続いている。,痛み　,病み　,疼み　,疲み,1
一般に、日本の住宅は欧米と<highlight>ひかく</highlight>して狭い。,比確　,批確　,批格　,比較,2
妹さん、イギリスに<highlight>りゅうがく</highlight>しているんだって。,瑠学　,流学　,留学　,琉学,2
１か月で漢字を全部<highlight>おぼえられる</highlight>わけがない。,思えられる　,覚えられる　,資えられる　,忘えられる,2
ＰＣのおかげで、スケジュールの<highlight>かんり</highlight>が簡単になった。,官理　,菅理　,棺理　,管理,1
あ、<highlight>ふうとう</highlight>に切手はるの忘れちゃった。,封筒　,封同　,卦筒　,卦同,3
あの先生は<highlight>せいと</highlight>に対してとてもきびしい。,生徒　,性往　,生往　,性徒,3
あの人は<highlight>じまん</highlight>ばかりするから、あまり好きじゃない。,自萬　,自漫　,自慢　,自満,0
あの二人は、<highlight>ふうふ</highlight>みたいに仲（なか）がいいですね。,婦夫　,夫婦　,夫妻　,妻夫,3
一か月に1回、書類を<highlight>せいり</highlight>することにしている。,整理　,政理　,製理　,制理,0
一週間前から足の<highlight>いたみ</highlight>が続いている。,痛み　,病み　,疼み　,疲み,1
一般に、日本の住宅は欧米と<highlight>ひかく</highlight>して狭い。,比確　,批確　,批格　,比較,1
妹さん、イギリスに<highlight>りゅうがく</highlight>しているんだって。,瑠学　,流学　,留学　,琉学,2
１か月で漢字を全部<highlight>おぼえられる</highlight>わけがない。,思えられる　,覚えられる　,資えられる　,忘えられる,1
ＰＣのおかげで、スケジュールの<highlight>かんり</highlight>が簡単になった。,官理　,菅理　,棺理　,管理,3
あ、<highlight>ふうとう</highlight>に切手はるの忘れちゃった。,封筒　,封同　,卦筒　,卦同,1
あの先生は<highlight>せいと</highlight>に対してとてもきびしい。,生徒　,性往　,生往　,性徒,2
あの人は<highlight>じまん</highlight>ばかりするから、あまり好きじゃない。,自萬　,自漫　,自慢　,自満,0
あの二人は、<highlight>ふうふ</highlight>みたいに仲（なか）がいいですね。,婦夫　,夫婦　,夫妻　,妻夫,0
一か月に1回、書類を<highlight>せいり</highlight>することにしている。,整理　,政理　,製理　,制理,3
一週間前から足の<highlight>いたみ</highlight>が続いている。,痛み　,病み　,疼み　,疲み,3
一般に、日本の住宅は欧米と<highlight>ひかく</highlight>して狭い。,比確　,批確　,批格　,比較,2
妹さん、イギリスに<highlight>りゅうがく</highlight>しているんだって。,瑠学　,流学　,留学　,琉学,1
１か月で漢字を全部<highlight>おぼえられる</highlight>わけがない。,思えられる　,覚えられる　,資えられる　,忘えられる,2
ＰＣのおかげで、スケジュールの<highlight>かんり</highlight>が簡単になった。,官理　,菅理　,棺理　,管理,3
あ、<highlight>ふうとう</highlight>に切手はるの忘れちゃった。,封筒　,封同　,卦筒　,卦同,0
あの先生は<highlight>せいと</highlight>に対してとてもきびしい。,生徒　,性往　,生往　,性徒,0
あの人は<highlight>じまん</highlight>ばかりするから、あまり好きじゃない。,自萬　,自漫　,自慢　,自満,1
あの二人は、<highlight>ふうふ</highlight>みたいに仲（なか）がいいですね。,婦夫　,夫婦　,夫妻　,妻夫,2
一か月に1回、書類を<highlight>せいり</highlight>することにしている。,整理　,政理　,製理　,制理,3
一週間前から足の<highlight>いたみ</highlight>が続いている。,痛み　,病み　,疼み　,疲み,1
一般に、日本の住宅は欧米と<highlight>ひかく</highlight>して狭い。,比確　,批確　,批格　,比較,3
妹さん、イギリスに<highlight>りゅうがく</highlight>しているんだって。,瑠学　,流学　,留学　,琉学,2
１か月で漢字を全部<highlight>おぼえられる</highlight>わけがない。,思えられる　,覚えられる　,資えられる　,忘えられる,3
ＰＣのおかげで、スケジュールの<highlight>かんり</highlight>が簡単になった。,官理　,菅理　,棺理　,管理,2
あ、<highlight>ふうとう</highlight>に切手はるの忘れちゃった。,封筒　,封同　,卦筒　,卦同,2
あの先生は<highlight>せいと</highlight>に対してとてもきびしい。,生徒　,性往　,生往　,性徒,0
あの人は<highlight>じまん</highlight>ばかりするから、あまり好きじゃない。,自萬　,自漫　,自慢　,自満,1
あの二人は、<highlight>ふうふ</highlight>みたいに仲（なか）がいいですね。,婦夫　,夫婦　,夫妻　,妻夫,3
一か月に1回、書類を<highlight>せいり</highlight>することにしている。,整理　,政理　,製理　,制理,0
一週間前から足の<highlight>いたみ</highlight>が続いている。,痛み　,病み　,疼み　,疲み,3
一般に、日本の住宅は欧米と<highlight>ひかく</highlight>して狭い。,比確　,批確　,批格　,比較,2
妹さん、イギリスに<highlight>りゅうがく</highlight>しているんだって。,瑠学　,流学　,留学　,琉学,2
１か月で漢字を全部<highlight>おぼえられる</highlight>わけがない。,思えられる　,覚えられる　,資えられる　,忘えられる,3
ＰＣのおかげで、スケジュールの<highlight>かんり</highlight>が簡単になった。,官理　,菅理　,棺理　,管理,0
あ、<highlight>ふうとう</highlight>に切手はるの忘れちゃった。,封筒　,封同　,卦筒　,卦同,1
あの先生は<highlight>せいと</highlight>に対してとてもきびしい。,生徒　,性往　,生往　,性徒,1
あの人は<highlight>じまん</highlight>ばかりするから、あまり好きじゃない。,自萬　,自漫　,自慢　,自満,3
あの二人は、<highlight>ふうふ</highlight>みたいに仲（なか）がいいですね。,婦夫　,夫婦　,夫妻　,妻夫,2
一か月に1回、書類を<highlight>せいり</highlight>することにしている。,整理　,政理　,製理　,制理,0
一週間前から足の<highlight>いたみ</highlight>が続いている。,痛み　,病み　,疼み　,疲み,1
一般に、日本の住宅は欧米と<highlight>ひかく</highlight>して狭い。,比確　,批確　,批格　,比較,3
妹さん、イギリスに<highlight>りゅうがく</highlight>しているんだって。,瑠学　,流学　,留学　,琉学,2
１か月で漢字を全部<highlight>おぼえられる</highlight>わけがない。,思えられる　,覚えられる　,資えられる　,忘えられる,3
ＰＣのおかげで、スケジュールの<highlight>かんり</highlight>が簡単になった。,官理　,菅理　,棺理　,管理,1
あ、<highlight>ふうとう</highlight>に切手はるの忘れちゃった。,封筒　,封同　,卦筒　,卦同,2
あの先生は<highlight>せいと</highlight>に対してとてもきびしい。,生徒　,性往　,生往　,性徒,0
あの人は<highlight>じまん</highlight>ばかりするから、あまり好きじゃない。,自萬　,自漫　,自慢　,自満,3
あの二人は、<highlight>ふうふ</highlight>みたいに仲（なか）がいいですね。,婦夫　,夫婦　,夫妻　,妻夫,3
一か月に1回、書類を<highlight>せいり</highlight>することにしている。,整理　,政理　,製理　,制理,1
一週間前から足の<highlight>いたみ</highlight>が続いている。,痛み　,病み　,疼み　,疲み,0
一般に、日本の住宅は欧米と<highlight>ひかく</highlight>して狭い。,比確　,批確　,批格　,比較,2
妹さん、イギリスに<highlight>りゅうがく</highlight>しているんだって。,瑠学　,流学　,留学　,琉学,0
１か月で漢字を全部<highlight>おぼえられる</highlight>わけがない。,思えられる　,覚えられる　,資えられる　,忘えられる,2
ＰＣのおかげで、スケジュールの<highlight>かんり</highlight>が簡単になった。,官理　,菅理　,棺理　,管理,3
あ、<highlight>ふうとう</highlight>に切手はるの忘れちゃった。,封筒　,封同　,卦筒　,卦同,1
あの先生は<highlight>せいと</highlight>に対してとてもきびしい。,生徒　,性往　,生往　,性徒,3
あの人は<highlight>じまん</highlight>ばかりするから、あまり好きじゃない。,自萬　,自漫　,自慢　,自満,0
あの二人は、<highlight>ふうふ</highlight>みたいに仲（なか）がいいですね。,婦夫　,夫婦　,夫妻　,妻夫,3
一か月に1回、書類を<highlight>せいり</highlight>することにしている。,整理　,政理　,製理　,制理,1
一週間前から足の<highlight>いたみ</highlight>が続いている。,痛み　,病み　,疼み　,疲み,1
一般に、日本の住宅は欧米と<highlight>ひかく</highlight>して狭い。,比確　,批確　,批格　,比較,2
妹さん、イギリスに<highlight>りゅうがく</highlight>しているんだって。,瑠学　,流学　,留学　,琉学,0
