﻿content,question1,question2,question3,question4,answer
家を<highlight>たてる</highlight>ために、銀行からお金を借りました。,立てる　,主てる　,建てる　,健てる,2
あの人のお父さんは<highlight>おいしゃさん</highlight>らしいですよ。,お臣者さん　,お医者さん　,お臣考さん　,お医考,1
すみませんが、山田さんに私の<highlight>へや</highlight>に来るようにつたえてください。,部屋　,屋部　,剖屋　,屋剖,0
店の前にたくさんのひとが<highlight>あつまって</highlight>います。,集まって　,進まって　,隻まって　,焦まって,0
山口さんがとった<highlight>しゃしん</highlight>をごらんになりましたか。,社真　,写真　,社新　,写新,1
早く<highlight>おきろ</highlight>！会社に遅れるよ。,超きろ　,越きろ　,赴きろ　,起きろ,3
こんなに強い<highlight>かぜ</highlight>は今までにけいけんしたことがありません。,風　,夙　,瓜　,凪,0
これは古いので<highlight>すてて</highlight>もかまいません。,拾てて　,投てて　,捉てて　,捨てて,3
よかったら、この本を<highlight>おかし</highlight>しましょうか。,お貸し　,お皆し　,お借し　,お貨し,0
ここは何という<highlight>とおり</highlight>ですか。,十り　,道り　,通り　,遠り,2
家を<highlight>たてる</highlight>ために、銀行からお金を借りました。,立てる　,主てる　,建てる　,健てる,3
あの人のお父さんは<highlight>おいしゃさん</highlight>らしいですよ。,お臣者さん　,お医者さん　,お臣考さん　,お医考,2
すみませんが、山田さんに私の<highlight>へや</highlight>に来るようにつたえてください。,部屋　,屋部　,剖屋　,屋剖,1
店の前にたくさんのひとが<highlight>あつまって</highlight>います。,集まって　,進まって　,隻まって　,焦まって,0
山口さんがとった<highlight>しゃしん</highlight>をごらんになりましたか。,社真　,写真　,社新　,写新,1
早く<highlight>おきろ</highlight>！会社に遅れるよ。,超きろ　,越きろ　,赴きろ　,起きろ,3
こんなに強い<highlight>かぜ</highlight>は今までにけいけんしたことがありません。,風　,夙　,瓜　,凪,0
これは古いので<highlight>すてて</highlight>もかまいません。,拾てて　,投てて　,捉てて　,捨てて,2
よかったら、この本を<highlight>おかし</highlight>しましょうか。,お貸し　,お皆し　,お借し　,お貨し,2
ここは何という<highlight>とおり</highlight>ですか。,十り　,道り　,通り　,遠り,3
家を<highlight>たてる</highlight>ために、銀行からお金を借りました。,立てる　,主てる　,建てる　,健てる,0
あの人のお父さんは<highlight>おいしゃさん</highlight>らしいですよ。,お臣者さん　,お医者さん　,お臣考さん　,お医考,2
すみませんが、山田さんに私の<highlight>へや</highlight>に来るようにつたえてください。,部屋　,屋部　,剖屋　,屋剖,0
店の前にたくさんのひとが<highlight>あつまって</highlight>います。,集まって　,進まって　,隻まって　,焦まって,0
山口さんがとった<highlight>しゃしん</highlight>をごらんになりましたか。,社真　,写真　,社新　,写新,0
早く<highlight>おきろ</highlight>！会社に遅れるよ。,超きろ　,越きろ　,赴きろ　,起きろ,3
こんなに強い<highlight>かぜ</highlight>は今までにけいけんしたことがありません。,風　,夙　,瓜　,凪,1
これは古いので<highlight>すてて</highlight>もかまいません。,拾てて　,投てて　,捉てて　,捨てて,2
よかったら、この本を<highlight>おかし</highlight>しましょうか。,お貸し　,お皆し　,お借し　,お貨し,3
ここは何という<highlight>とおり</highlight>ですか。,十り　,道り　,通り　,遠り,1
家を<highlight>たてる</highlight>ために、銀行からお金を借りました。,立てる　,主てる　,建てる　,健てる,0
あの人のお父さんは<highlight>おいしゃさん</highlight>らしいですよ。,お臣者さん　,お医者さん　,お臣考さん　,お医考,1
すみませんが、山田さんに私の<highlight>へや</highlight>に来るようにつたえてください。,部屋　,屋部　,剖屋　,屋剖,0
店の前にたくさんのひとが<highlight>あつまって</highlight>います。,集まって　,進まって　,隻まって　,焦まって,3
山口さんがとった<highlight>しゃしん</highlight>をごらんになりましたか。,社真　,写真　,社新　,写新,1
早く<highlight>おきろ</highlight>！会社に遅れるよ。,超きろ　,越きろ　,赴きろ　,起きろ,2
こんなに強い<highlight>かぜ</highlight>は今までにけいけんしたことがありません。,風　,夙　,瓜　,凪,3
これは古いので<highlight>すてて</highlight>もかまいません。,拾てて　,投てて　,捉てて　,捨てて,1
よかったら、この本を<highlight>おかし</highlight>しましょうか。,お貸し　,お皆し　,お借し　,お貨し,3
ここは何という<highlight>とおり</highlight>ですか。,十り　,道り　,通り　,遠り,0
家を<highlight>たてる</highlight>ために、銀行からお金を借りました。,立てる　,主てる　,建てる　,健てる,1
あの人のお父さんは<highlight>おいしゃさん</highlight>らしいですよ。,お臣者さん　,お医者さん　,お臣考さん　,お医考,1
すみませんが、山田さんに私の<highlight>へや</highlight>に来るようにつたえてください。,部屋　,屋部　,剖屋　,屋剖,1
店の前にたくさんのひとが<highlight>あつまって</highlight>います。,集まって　,進まって　,隻まって　,焦まって,3
山口さんがとった<highlight>しゃしん</highlight>をごらんになりましたか。,社真　,写真　,社新　,写新,0
早く<highlight>おきろ</highlight>！会社に遅れるよ。,超きろ　,越きろ　,赴きろ　,起きろ,3
こんなに強い<highlight>かぜ</highlight>は今までにけいけんしたことがありません。,風　,夙　,瓜　,凪,0
これは古いので<highlight>すてて</highlight>もかまいません。,拾てて　,投てて　,捉てて　,捨てて,2
よかったら、この本を<highlight>おかし</highlight>しましょうか。,お貸し　,お皆し　,お借し　,お貨し,1
ここは何という<highlight>とおり</highlight>ですか。,十り　,道り　,通り　,遠り,2
家を<highlight>たてる</highlight>ために、銀行からお金を借りました。,立てる　,主てる　,建てる　,健てる,0
あの人のお父さんは<highlight>おいしゃさん</highlight>らしいですよ。,お臣者さん　,お医者さん　,お臣考さん　,お医考,2
すみませんが、山田さんに私の<highlight>へや</highlight>に来るようにつたえてください。,部屋　,屋部　,剖屋　,屋剖,0
店の前にたくさんのひとが<highlight>あつまって</highlight>います。,集まって　,進まって　,隻まって　,焦まって,3
山口さんがとった<highlight>しゃしん</highlight>をごらんになりましたか。,社真　,写真　,社新　,写新,1
早く<highlight>おきろ</highlight>！会社に遅れるよ。,超きろ　,越きろ　,赴きろ　,起きろ,2
こんなに強い<highlight>かぜ</highlight>は今までにけいけんしたことがありません。,風　,夙　,瓜　,凪,3
これは古いので<highlight>すてて</highlight>もかまいません。,拾てて　,投てて　,捉てて　,捨てて,3
よかったら、この本を<highlight>おかし</highlight>しましょうか。,お貸し　,お皆し　,お借し　,お貨し,0
ここは何という<highlight>とおり</highlight>ですか。,十り　,道り　,通り　,遠り,0
家を<highlight>たてる</highlight>ために、銀行からお金を借りました。,立てる　,主てる　,建てる　,健てる,2
あの人のお父さんは<highlight>おいしゃさん</highlight>らしいですよ。,お臣者さん　,お医者さん　,お臣考さん　,お医考,2
すみませんが、山田さんに私の<highlight>へや</highlight>に来るようにつたえてください。,部屋　,屋部　,剖屋　,屋剖,3
店の前にたくさんのひとが<highlight>あつまって</highlight>います。,集まって　,進まって　,隻まって　,焦まって,0
山口さんがとった<highlight>しゃしん</highlight>をごらんになりましたか。,社真　,写真　,社新　,写新,1
早く<highlight>おきろ</highlight>！会社に遅れるよ。,超きろ　,越きろ　,赴きろ　,起きろ,0
こんなに強い<highlight>かぜ</highlight>は今までにけいけんしたことがありません。,風　,夙　,瓜　,凪,3
これは古いので<highlight>すてて</highlight>もかまいません。,拾てて　,投てて　,捉てて　,捨てて,2
よかったら、この本を<highlight>おかし</highlight>しましょうか。,お貸し　,お皆し　,お借し　,お貨し,2
ここは何という<highlight>とおり</highlight>ですか。,十り　,道り　,通り　,遠り,3
家を<highlight>たてる</highlight>ために、銀行からお金を借りました。,立てる　,主てる　,建てる　,健てる,0
あの人のお父さんは<highlight>おいしゃさん</highlight>らしいですよ。,お臣者さん　,お医者さん　,お臣考さん　,お医考,0
すみませんが、山田さんに私の<highlight>へや</highlight>に来るようにつたえてください。,部屋　,屋部　,剖屋　,屋剖,3
店の前にたくさんのひとが<highlight>あつまって</highlight>います。,集まって　,進まって　,隻まって　,焦まって,1
山口さんがとった<highlight>しゃしん</highlight>をごらんになりましたか。,社真　,写真　,社新　,写新,2
早く<highlight>おきろ</highlight>！会社に遅れるよ。,超きろ　,越きろ　,赴きろ　,起きろ,2
こんなに強い<highlight>かぜ</highlight>は今までにけいけんしたことがありません。,風　,夙　,瓜　,凪,2
これは古いので<highlight>すてて</highlight>もかまいません。,拾てて　,投てて　,捉てて　,捨てて,0
よかったら、この本を<highlight>おかし</highlight>しましょうか。,お貸し　,お皆し　,お借し　,お貨し,1
ここは何という<highlight>とおり</highlight>ですか。,十り　,道り　,通り　,遠り,3
家を<highlight>たてる</highlight>ために、銀行からお金を借りました。,立てる　,主てる　,建てる　,健てる,1
あの人のお父さんは<highlight>おいしゃさん</highlight>らしいですよ。,お臣者さん　,お医者さん　,お臣考さん　,お医考,3
すみませんが、山田さんに私の<highlight>へや</highlight>に来るようにつたえてください。,部屋　,屋部　,剖屋　,屋剖,1
店の前にたくさんのひとが<highlight>あつまって</highlight>います。,集まって　,進まって　,隻まって　,焦まって,0
山口さんがとった<highlight>しゃしん</highlight>をごらんになりましたか。,社真　,写真　,社新　,写新,2
早く<highlight>おきろ</highlight>！会社に遅れるよ。,超きろ　,越きろ　,赴きろ　,起きろ,0
こんなに強い<highlight>かぜ</highlight>は今までにけいけんしたことがありません。,風　,夙　,瓜　,凪,3
これは古いので<highlight>すてて</highlight>もかまいません。,拾てて　,投てて　,捉てて　,捨てて,3
よかったら、この本を<highlight>おかし</highlight>しましょうか。,お貸し　,お皆し　,お借し　,お貨し,2
ここは何という<highlight>とおり</highlight>ですか。,十り　,道り　,通り　,遠り,2
家を<highlight>たてる</highlight>ために、銀行からお金を借りました。,立てる　,主てる　,建てる　,健てる,0
あの人のお父さんは<highlight>おいしゃさん</highlight>らしいですよ。,お臣者さん　,お医者さん　,お臣考さん　,お医考,0
すみませんが、山田さんに私の<highlight>へや</highlight>に来るようにつたえてください。,部屋　,屋部　,剖屋　,屋剖,1
店の前にたくさんのひとが<highlight>あつまって</highlight>います。,集まって　,進まって　,隻まって　,焦まって,1
山口さんがとった<highlight>しゃしん</highlight>をごらんになりましたか。,社真　,写真　,社新　,写新,0
早く<highlight>おきろ</highlight>！会社に遅れるよ。,超きろ　,越きろ　,赴きろ　,起きろ,3
こんなに強い<highlight>かぜ</highlight>は今までにけいけんしたことがありません。,風　,夙　,瓜　,凪,3
これは古いので<highlight>すてて</highlight>もかまいません。,拾てて　,投てて　,捉てて　,捨てて,2
よかったら、この本を<highlight>おかし</highlight>しましょうか。,お貸し　,お皆し　,お借し　,お貨し,1
ここは何という<highlight>とおり</highlight>ですか。,十り　,道り　,通り　,遠り,2
