﻿content,question1,question2,question3,question4,answer
今、お<highlight>かね</highlight>を　いくら　もっています。,全　,宝　,金　,定,2
<highlight>てんき</highlight>が　よく　なりましたね。,天汽　,天気　,矢気　,矢汽,1
食べながら、<highlight>はなさない</highlight>　ほうがいいですよ。,記さない　,話さない　,計さない　,読さない,1
かの　かどを　<highlight>みぎ</highlight>に　まがって　まっすぐ　行ってください。,右　,石　,左　,佐,0
「どうぞ　<highlight>はいって</highlight>　ください。」「しつれいします。」,大って　,八って　,人って　,入って,3
あさは　いそがしくて　しんぶんを　<highlight>よむ</highlight>ことができません。,読む　,話む　,説む　,訳む,0
ここに来る　とき　<highlight>でんしゃ</highlight>の　中で　田中さんに　あいました。,電事　,震事　,電車　,震車,2
母は　あまり　<highlight>あめ</highlight>が　すきではありません。,雨　,両　,雲　,雪,0
「<highlight>ともだち</highlight>は　おおぜい　来ましたか。」「いいえ、５人しか　来ませんでした。」,友だち　,万だち　,方だち　,文だち,0
土ようびは　やすみなので、　<highlight>げつようび</highlight>に　しませんか。,日ようび　,同ようび　,自ようび　,月ようび,3
今、お<highlight>かね</highlight>を　いくら　もっています。,全　,宝　,金　,定,3
<highlight>てんき</highlight>が　よく　なりましたね。,天汽　,天気　,矢気　,矢汽,3
食べながら、<highlight>はなさない</highlight>　ほうがいいですよ。,記さない　,話さない　,計さない　,読さない,0
かの　かどを　<highlight>みぎ</highlight>に　まがって　まっすぐ　行ってください。,右　,石　,左　,佐,0
「どうぞ　<highlight>はいって</highlight>　ください。」「しつれいします。」,大って　,八って　,人って　,入って,1
あさは　いそがしくて　しんぶんを　<highlight>よむ</highlight>ことができません。,読む　,話む　,説む　,訳む,2
ここに来る　とき　<highlight>でんしゃ</highlight>の　中で　田中さんに　あいました。,電事　,震事　,電車　,震車,2
母は　あまり　<highlight>あめ</highlight>が　すきではありません。,雨　,両　,雲　,雪,3
「<highlight>ともだち</highlight>は　おおぜい　来ましたか。」「いいえ、５人しか　来ませんでした。」,友だち　,万だち　,方だち　,文だち,0
土ようびは　やすみなので、　<highlight>げつようび</highlight>に　しませんか。,日ようび　,同ようび　,自ようび　,月ようび,3
今、お<highlight>かね</highlight>を　いくら　もっています。,全　,宝　,金　,定,3
<highlight>てんき</highlight>が　よく　なりましたね。,天汽　,天気　,矢気　,矢汽,2
食べながら、<highlight>はなさない</highlight>　ほうがいいですよ。,記さない　,話さない　,計さない　,読さない,0
かの　かどを　<highlight>みぎ</highlight>に　まがって　まっすぐ　行ってください。,右　,石　,左　,佐,2
「どうぞ　<highlight>はいって</highlight>　ください。」「しつれいします。」,大って　,八って　,人って　,入って,0
あさは　いそがしくて　しんぶんを　<highlight>よむ</highlight>ことができません。,読む　,話む　,説む　,訳む,0
ここに来る　とき　<highlight>でんしゃ</highlight>の　中で　田中さんに　あいました。,電事　,震事　,電車　,震車,3
母は　あまり　<highlight>あめ</highlight>が　すきではありません。,雨　,両　,雲　,雪,1
「<highlight>ともだち</highlight>は　おおぜい　来ましたか。」「いいえ、５人しか　来ませんでした。」,友だち　,万だち　,方だち　,文だち,3
土ようびは　やすみなので、　<highlight>げつようび</highlight>に　しませんか。,日ようび　,同ようび　,自ようび　,月ようび,2
今、お<highlight>かね</highlight>を　いくら　もっています。,全　,宝　,金　,定,0
<highlight>てんき</highlight>が　よく　なりましたね。,天汽　,天気　,矢気　,矢汽,3
食べながら、<highlight>はなさない</highlight>　ほうがいいですよ。,記さない　,話さない　,計さない　,読さない,1
かの　かどを　<highlight>みぎ</highlight>に　まがって　まっすぐ　行ってください。,右　,石　,左　,佐,0
「どうぞ　<highlight>はいって</highlight>　ください。」「しつれいします。」,大って　,八って　,人って　,入って,3
あさは　いそがしくて　しんぶんを　<highlight>よむ</highlight>ことができません。,読む　,話む　,説む　,訳む,2
ここに来る　とき　<highlight>でんしゃ</highlight>の　中で　田中さんに　あいました。,電事　,震事　,電車　,震車,3
母は　あまり　<highlight>あめ</highlight>が　すきではありません。,雨　,両　,雲　,雪,0
「<highlight>ともだち</highlight>は　おおぜい　来ましたか。」「いいえ、５人しか　来ませんでした。」,友だち　,万だち　,方だち　,文だち,3
土ようびは　やすみなので、　<highlight>げつようび</highlight>に　しませんか。,日ようび　,同ようび　,自ようび　,月ようび,1
今、お<highlight>かね</highlight>を　いくら　もっています。,全　,宝　,金　,定,0
<highlight>てんき</highlight>が　よく　なりましたね。,天汽　,天気　,矢気　,矢汽,3
食べながら、<highlight>はなさない</highlight>　ほうがいいですよ。,記さない　,話さない　,計さない　,読さない,3
かの　かどを　<highlight>みぎ</highlight>に　まがって　まっすぐ　行ってください。,右　,石　,左　,佐,0
「どうぞ　<highlight>はいって</highlight>　ください。」「しつれいします。」,大って　,八って　,人って　,入って,1
あさは　いそがしくて　しんぶんを　<highlight>よむ</highlight>ことができません。,読む　,話む　,説む　,訳む,2
ここに来る　とき　<highlight>でんしゃ</highlight>の　中で　田中さんに　あいました。,電事　,震事　,電車　,震車,1
母は　あまり　<highlight>あめ</highlight>が　すきではありません。,雨　,両　,雲　,雪,1
「<highlight>ともだち</highlight>は　おおぜい　来ましたか。」「いいえ、５人しか　来ませんでした。」,友だち　,万だち　,方だち　,文だち,3
土ようびは　やすみなので、　<highlight>げつようび</highlight>に　しませんか。,日ようび　,同ようび　,自ようび　,月ようび,3
今、お<highlight>かね</highlight>を　いくら　もっています。,全　,宝　,金　,定,1
<highlight>てんき</highlight>が　よく　なりましたね。,天汽　,天気　,矢気　,矢汽,0
食べながら、<highlight>はなさない</highlight>　ほうがいいですよ。,記さない　,話さない　,計さない　,読さない,1
かの　かどを　<highlight>みぎ</highlight>に　まがって　まっすぐ　行ってください。,右　,石　,左　,佐,3
「どうぞ　<highlight>はいって</highlight>　ください。」「しつれいします。」,大って　,八って　,人って　,入って,2
あさは　いそがしくて　しんぶんを　<highlight>よむ</highlight>ことができません。,読む　,話む　,説む　,訳む,0
ここに来る　とき　<highlight>でんしゃ</highlight>の　中で　田中さんに　あいました。,電事　,震事　,電車　,震車,3
母は　あまり　<highlight>あめ</highlight>が　すきではありません。,雨　,両　,雲　,雪,1
「<highlight>ともだち</highlight>は　おおぜい　来ましたか。」「いいえ、５人しか　来ませんでした。」,友だち　,万だち　,方だち　,文だち,0
土ようびは　やすみなので、　<highlight>げつようび</highlight>に　しませんか。,日ようび　,同ようび　,自ようび　,月ようび,1
今、お<highlight>かね</highlight>を　いくら　もっています。,全　,宝　,金　,定,2
<highlight>てんき</highlight>が　よく　なりましたね。,天汽　,天気　,矢気　,矢汽,3
食べながら、<highlight>はなさない</highlight>　ほうがいいですよ。,記さない　,話さない　,計さない　,読さない,2
かの　かどを　<highlight>みぎ</highlight>に　まがって　まっすぐ　行ってください。,右　,石　,左　,佐,1
「どうぞ　<highlight>はいって</highlight>　ください。」「しつれいします。」,大って　,八って　,人って　,入って,0
あさは　いそがしくて　しんぶんを　<highlight>よむ</highlight>ことができません。,読む　,話む　,説む　,訳む,0
ここに来る　とき　<highlight>でんしゃ</highlight>の　中で　田中さんに　あいました。,電事　,震事　,電車　,震車,3
母は　あまり　<highlight>あめ</highlight>が　すきではありません。,雨　,両　,雲　,雪,1
「<highlight>ともだち</highlight>は　おおぜい　来ましたか。」「いいえ、５人しか　来ませんでした。」,友だち　,万だち　,方だち　,文だち,3
土ようびは　やすみなので、　<highlight>げつようび</highlight>に　しませんか。,日ようび　,同ようび　,自ようび　,月ようび,0
今、お<highlight>かね</highlight>を　いくら　もっています。,全　,宝　,金　,定,2
<highlight>てんき</highlight>が　よく　なりましたね。,天汽　,天気　,矢気　,矢汽,1
食べながら、<highlight>はなさない</highlight>　ほうがいいですよ。,記さない　,話さない　,計さない　,読さない,1
かの　かどを　<highlight>みぎ</highlight>に　まがって　まっすぐ　行ってください。,右　,石　,左　,佐,3
「どうぞ　<highlight>はいって</highlight>　ください。」「しつれいします。」,大って　,八って　,人って　,入って,3
あさは　いそがしくて　しんぶんを　<highlight>よむ</highlight>ことができません。,読む　,話む　,説む　,訳む,0
ここに来る　とき　<highlight>でんしゃ</highlight>の　中で　田中さんに　あいました。,電事　,震事　,電車　,震車,1
母は　あまり　<highlight>あめ</highlight>が　すきではありません。,雨　,両　,雲　,雪,0
「<highlight>ともだち</highlight>は　おおぜい　来ましたか。」「いいえ、５人しか　来ませんでした。」,友だち　,万だち　,方だち　,文だち,2
土ようびは　やすみなので、　<highlight>げつようび</highlight>に　しませんか。,日ようび　,同ようび　,自ようび　,月ようび,2
今、お<highlight>かね</highlight>を　いくら　もっています。,全　,宝　,金　,定,0
<highlight>てんき</highlight>が　よく　なりましたね。,天汽　,天気　,矢気　,矢汽,3
食べながら、<highlight>はなさない</highlight>　ほうがいいですよ。,記さない　,話さない　,計さない　,読さない,2
かの　かどを　<highlight>みぎ</highlight>に　まがって　まっすぐ　行ってください。,右　,石　,左　,佐,0
「どうぞ　<highlight>はいって</highlight>　ください。」「しつれいします。」,大って　,八って　,人って　,入って,3
あさは　いそがしくて　しんぶんを　<highlight>よむ</highlight>ことができません。,読む　,話む　,説む　,訳む,1
ここに来る　とき　<highlight>でんしゃ</highlight>の　中で　田中さんに　あいました。,電事　,震事　,電車　,震車,1
母は　あまり　<highlight>あめ</highlight>が　すきではありません。,雨　,両　,雲　,雪,3
「<highlight>ともだち</highlight>は　おおぜい　来ましたか。」「いいえ、５人しか　来ませんでした。」,友だち　,万だち　,方だち　,文だち,0
土ようびは　やすみなので、　<highlight>げつようび</highlight>に　しませんか。,日ようび　,同ようび　,自ようび　,月ようび,2
今、お<highlight>かね</highlight>を　いくら　もっています。,全　,宝　,金　,定,1
<highlight>てんき</highlight>が　よく　なりましたね。,天汽　,天気　,矢気　,矢汽,1
食べながら、<highlight>はなさない</highlight>　ほうがいいですよ。,記さない　,話さない　,計さない　,読さない,3
かの　かどを　<highlight>みぎ</highlight>に　まがって　まっすぐ　行ってください。,右　,石　,左　,佐,2
「どうぞ　<highlight>はいって</highlight>　ください。」「しつれいします。」,大って　,八って　,人って　,入って,0
あさは　いそがしくて　しんぶんを　<highlight>よむ</highlight>ことができません。,読む　,話む　,説む　,訳む,3
ここに来る　とき　<highlight>でんしゃ</highlight>の　中で　田中さんに　あいました。,電事　,震事　,電車　,震車,0
母は　あまり　<highlight>あめ</highlight>が　すきではありません。,雨　,両　,雲　,雪,3
「<highlight>ともだち</highlight>は　おおぜい　来ましたか。」「いいえ、５人しか　来ませんでした。」,友だち　,万だち　,方だち　,文だち,2
土ようびは　やすみなので、　<highlight>げつようび</highlight>に　しませんか。,日ようび　,同ようび　,自ようび　,月ようび,1
