{"status":200,"message":"","results":[{"id":"93020c54469e582d6fdb16f7ba5d3d64","key":"N5","value":{"_id":"93020c54469e582d6fdb16f7ba5d3d64","_rev":"1-b15c7b8ddc20f4b1f77891181360c0f6","type":"grammar","lang":["vi"],"label":"ja_vi","level":"N5","title":"～も     =>Cũng, đến mức, đến cả","usages":[{"synopsis":" ～ も ","explain":"  ☞ D&ugrave;ng mi&ecirc;u tả sự việc/ h&agrave;nh động/ t&iacute;nh chất tương tự với một sự việc/ h&agrave;nh động/ t&iacute;nh chất đ&atilde; n&ecirc;u trước đ&oacute;. (nhằm tr&aacute;nh lặp lại trợ từ &ldquo;は&rdquo;/động từ nhiều lần) ☞ Thể hiện sự ngạc nhi&ecirc;n về mức độ nhiều. ☞ Thể hiện mức độ kh&ocirc;ng giống như b&igrave;nh thường (cao hơn hoặc thấp hơn) ","mean":" : Cũng, đến mức, đến cả ","note":"  ☞ &ldquo;も&rdquo; c&oacute; chức năng tương tự như &ldquo;は&rdquo;, &ldquo;が&rdquo; n&ecirc;n kh&ocirc;ng đứng liền kề với &ldquo;は&rdquo;, &ldquo;がkhi d&ugrave;ng cho một chủ từ は/が も～ わたしはもゆきさんはも今年ベトナムに旅行したい。 わたしはもゆきさんはも今年(ことし)ベトナム(べとなむ)に旅行(りょこう)したい。 Cả t&ocirc;i cũng như anh Yuki đều muốn du lịch đến Việt Nam trong năm nay. ☞ &ldquo;も&rdquo; cũng c&oacute; thể đứng sau c&aacute;c trợ từ kh&aacute;c giống như &ldquo;は&rdquo; で／と／へ／など も～ 日曜日ですが、どこへも行けません。 日曜日(にちようび)ですが、どこへも行(い)けません。 Ng&agrave;y chủ nhật nhưng t&ocirc;i cũng chẳng thể đi đ&acirc;u. ","examples":["93020c54469e582d6fdb16f7ba5d217f","93020c54469e582d6fdb16f7ba5d2aed","93020c54469e582d6fdb16f7ba5d33db"]}]}},{"id":"93020c54469e582d6fdb16f7ba5d77a0","key":"N5","value":{"_id":"93020c54469e582d6fdb16f7ba5d77a0","_rev":"1-e5aa40275fd0e92fd1e0d335817ff6b8","type":"grammar","lang":["vi"],"label":"ja_vi","level":"N5","title":"～で     =>Tại, ở, vì, bằng, với (khoảng thời gian)","usages":[{"synopsis":" ～ で ","explain":"  ☞ Diễn tả nơi xảy ra h&agrave;nh động ☞ Diễn tả nơi xảy ra sự kiện ☞ Diễn tả nguy&ecirc;n nh&acirc;n ☞ Diễn tả phương ph&aacute;p, phương thức, phương tiện ☞ Diễn tả sự vật được l&agrave;m bằng vật liệu/chất liệu g&igrave; ☞ Diễn tả một khoảng thời gian giới hạn ","mean":" : Tại, ở, v&igrave;, bằng, với (khoảng thời gian) ","note":null,"examples":["93020c54469e582d6fdb16f7ba5d43f2","93020c54469e582d6fdb16f7ba5d4c36","93020c54469e582d6fdb16f7ba5d5be1","93020c54469e582d6fdb16f7ba5d6b67","93020c54469e582d6fdb16f7ba5d7003","93020c54469e582d6fdb16f7ba5d7279"]}]}},{"id":"93020c54469e582d6fdb16f7ba5d9436","key":"N5","value":{"_id":"93020c54469e582d6fdb16f7ba5d9436","_rev":"1-294c583b98e5cf4f770543e7b5f897aa","type":"grammar","lang":["vi"],"label":"ja_vi","level":"N5","title":"～に/へ     =>Chỉ hướng, địa điểm, thời điểm","usages":[{"synopsis":"  N（時間又は場所）＋に/へ  ","explain":"  ☞ D&ugrave;ng để chỉ địa điểm. ☞ D&ugrave;ng để chỉ thời điểm. ☞ D&ugrave;ng để chỉ hướng đến ai. ","mean":" : Chỉ hướng, địa điểm, thời điểm ","note":"  ☞ Khi muốn n&oacute;i về thời điểm m&agrave; một h&agrave;nh động n&agrave;o đ&oacute; xảy ra, ch&uacute;ng ta th&ecirc;m trợ từ「に」v&agrave;o sau danh từ chỉ thời gian. D&ugrave;ng「に」đối với những h&agrave;nh động diễn ra trong thời gian ngắn. 「に」được d&ugrave;ng khi danh từ chỉ thời gian c&oacute; con số đi k&egrave;m v&agrave; kh&ocirc;ng d&ugrave;ng trong trường hợp kh&ocirc;ng c&oacute; con số đi k&egrave;m. Tuy nhi&ecirc;n, đối với trường hợp cửa thứ trong tuần th&igrave; c&oacute; thể d&ugrave;ng hoặc kh&ocirc;ng d&ugrave;ng「に」 日曜日「に」奈良へ行きます。 日曜日(にちようび)「に」奈良(なら)へ行(い)きます。 Chủ nhật t&ocirc;i (sẽ) đi Nara. ☞ Khi động từ chỉ sự di chuyển, th&igrave; trợ từ「へ」được d&ugrave;ng sau danh từ chỉ phương hướng hoặc địa điểm. ☞ Trợ từ「へ」ph&aacute;t &acirc;m l&agrave;「え」 ","examples":["93020c54469e582d6fdb16f7ba5d7849","93020c54469e582d6fdb16f7ba5d8324","93020c54469e582d6fdb16f7ba5d8933"]}]}},{"id":"93020c54469e582d6fdb16f7ba5dc3bb","key":"N5","value":{"_id":"93020c54469e582d6fdb16f7ba5dc3bb","_rev":"1-56fd27c3d9779df5131dea8a35fc51f0","type":"grammar","lang":["vi"],"label":"ja_vi","level":"N5","title":"～ に    =>Vào, vào lúc……","usages":[{"synopsis":" N（時間） に V ","explain":"  Khi muốn n&oacute;i về thời điểm m&agrave; một h&agrave;nh động n&agrave;o đ&oacute; xảy ra, ch&uacute;ng ta th&ecirc;m trợ từ 「に」v&agrave;o sau danh từ chỉ thời gian. D&ugrave;ng「に」đối với những h&agrave;nh động diễn ra trong thời gian ngắn. 「に」được d&ugrave;ng khi danh từ chỉ thời gian c&oacute; con số đi k&egrave;m, v&agrave; kh&ocirc;ng d&ugrave;ng trong trường hợp kh&ocirc;ng c&oacute; con số đi k&egrave;m. Tuy nhi&ecirc;n, đối với trường hợp của thứ trong tuần th&igrave; c&oacute; thể d&ugrave;ng hoặc kh&ocirc;ng d&ugrave;ng「に」 ","mean":" : V&agrave;o, v&agrave;o l&uacute;c&hellip;&hellip; ","note":null,"examples":["93020c54469e582d6fdb16f7ba5da3e6","93020c54469e582d6fdb16f7ba5daf3b","93020c54469e582d6fdb16f7ba5db8cb"]}]}},{"id":"93020c54469e582d6fdb16f7ba5de001","key":"N5","value":{"_id":"93020c54469e582d6fdb16f7ba5de001","_rev":"1-b85e17a8f38e0a4e6548a79574e74bbb","type":"grammar","lang":["vi"],"label":"ja_vi","level":"N5","title":"～を     =>Chỉ đối tượng của hành động","usages":[{"synopsis":"  N を V ","explain":"  Trợ từ 「を」được d&ugrave;ng để biểu thị bổ ngữ trực tiếp của ngoại động từ. ","mean":" : Chỉ đối tượng của h&agrave;nh động ","note":"  Ph&aacute;t &acirc;m của「を」giống「お」 Chữ 「を」chỉ được d&ugrave;ng duy nhất l&agrave;m trợ từ. ","examples":["93020c54469e582d6fdb16f7ba5dcbf6","93020c54469e582d6fdb16f7ba5ddb1d","93020c54469e582d6fdb16f7ba5ddc8d"]}]}},{"id":"93020c54469e582d6fdb16f7ba5e01a6","key":"N5","value":{"_id":"93020c54469e582d6fdb16f7ba5e01a6","_rev":"1-bd240c0f5774805126995d5edf8c09bd","type":"grammar","lang":["vi"],"label":"ja_vi","level":"N5","title":"～と     =>Với ～","usages":[{"synopsis":"  N（人/動物）とV  ","explain":"  Ch&uacute;ng ta d&ugrave;ng trợ từ 「と」để biểu thị một đối tượng n&agrave;o đ&oacute; (người hoặc động vật) c&ugrave;ng thựchiện h&agrave;nh động. ","mean":" : Với ～ ","note":"  Trong trường hợp thực hiện h&agrave;nh động một m&igrave;nh th&igrave; d&ugrave;ng 「ひとりで」. Trường hợp n&agrave;y th&igrave; kh&ocirc;ng d&ugrave;ng trợ từ 「と」 ひとりで 東京へ 行きます。xxx T&ocirc;i đi Tokyo một m&igrave;nh. ","examples":["93020c54469e582d6fdb16f7ba5de93c","93020c54469e582d6fdb16f7ba5df335"]}]}},{"id":"93020c54469e582d6fdb16f7ba5e552d","key":"N5","value":{"_id":"93020c54469e582d6fdb16f7ba5e552d","_rev":"1-afcaa1b19c9b1ce257029e03863013bc","type":"grammar","lang":["vi"],"label":"ja_vi","level":"N5","title":"～に     =>Cho~, Từ~","usages":[{"synopsis":"  N（人）にV  ","explain":"  ☞ Những động từ như [あげます] , [かします] , [おしえます] cần người l&agrave;m đối tượng (để cho, cho mượn, dạy) Ch&uacute;ng ta đặt trợ từ [に] sau danh từ chỉ đối tượng n&agrave;y. ☞  Đối với những động từ như [おくります] , [でんわをかけます] th&igrave; đối tượng kh&ocirc;ng chỉ l&agrave; người m&agrave; c&ograve;n c&oacute; thể l&agrave; địa điểm (danh từ). Trong trường hợp đ&oacute;, ngo&agrave;i trợ từ [に], ch&uacute;ng ta c&ograve;n c&oacute; thể d&ugrave;ng trợ từ [へ] ☞ C&aacute;c động từ như [もらいます], [かります], [ならいます] biểu thị h&agrave;nh động từ ph&iacute;a người tiếp nhận. Khi d&ugrave;ng những động từ n&agrave;y trong c&acirc;u m&agrave; chủ ngữ l&agrave; người tiếp nhận th&igrave; ch&uacute;ng ta th&ecirc;m [に] v&agrave;o sau danh từ chỉ đối t&aacute;c. Trong mẫu c&acirc;u sử dụng c&aacute;c động từ n&agrave;y, ch&uacute;ng ta c&oacute; thể d&ugrave;ng trợ từ [から] thay cho [に]. Đặc biệt l&agrave; khi đối t&aacute;c kh&ocirc;ng phải l&agrave; người m&agrave; l&agrave; một tổ chức n&agrave;o đ&oacute; (v&iacute; dụ: c&ocirc;ng ty hoặc trường học) th&igrave; kh&ocirc;ng d&ugrave;ng [に] m&agrave; d&ugrave;ng [から] ","mean":" : Cho~, Từ~ ","note":null,"examples":["93020c54469e582d6fdb16f7ba5e0eb4","93020c54469e582d6fdb16f7ba5e1080","93020c54469e582d6fdb16f7ba5e1f56","93020c54469e582d6fdb16f7ba5e2a8c","93020c54469e582d6fdb16f7ba5e340e","93020c54469e582d6fdb16f7ba5e3c88","93020c54469e582d6fdb16f7ba5e3e08","93020c54469e582d6fdb16f7ba5e4953","93020c54469e582d6fdb16f7ba5e4ae9"]}]}},{"id":"93020c54469e582d6fdb16f7ba5e79fa","key":"N5","value":{"_id":"93020c54469e582d6fdb16f7ba5e79fa","_rev":"1-c0a86c7363d67b4d162bdeb3006d81b6","type":"grammar","lang":["vi"],"label":"ja_vi","level":"N5","title":"～と     =>Và ～","usages":[{"synopsis":" N1 とN2 ","explain":"  Khi nối hai danh từ với nhau th&igrave; d&ugrave;ng trợ từ [ と] ","mean":" : V&agrave; ～ ","note":null,"examples":["93020c54469e582d6fdb16f7ba5e5c4c","93020c54469e582d6fdb16f7ba5e6b93"]}]}},{"id":"93020c54469e582d6fdb16f7ba5e88b2","key":"N5","value":{"_id":"93020c54469e582d6fdb16f7ba5e88b2","_rev":"1-9b5057d9ba0ede2edb0ce38af87a5185","type":"grammar","lang":["vi"],"label":"ja_vi","level":"N5","title":"～が     =>Nhưng～","usages":[{"synopsis":"  ～が～  ","explain":"  ☞ 「が」l&agrave; trợ từ nối tiếp v&agrave; c&oacute; nghĩa l&agrave; &ldquo;nhưng&rdquo; . Khi d&ugrave;ng 「が」để nối hai c&acirc;u (mệnh đề) th&igrave; ch&uacute;ng ta được một c&acirc;u. ☞ Khi muốn mi&ecirc;u tả một hiện tượng tự nhi&ecirc;n th&igrave; d&ugrave;ng「が」trước chủ đề đ&oacute;. ","mean":" : Nhưng～ ","note":"  ☞ 「が」d&ugrave;ng trong「しつれいですが」hoặc「すみませんが」để mở đầu một c&acirc;u n&oacute;i n&ecirc;n kh&ocirc;ng c&ograve;n mang &yacute; nghĩa để nối hai c&acirc;u m&agrave; chỉ mang &yacute; nghĩa nối tiếp m&agrave; th&ocirc;i. しつれいですが、おなまえは？xxx。 Xin lỗi, t&ecirc;n anh l&agrave; g&igrave; ạ? すみませんが、塩を 取って ください。xxx。 Xin lỗi, l&agrave;m ơn lấy gi&uacute;p t&ocirc;i muối. ","examples":["93020c54469e582d6fdb16f7ba5e8329","93020c54469e582d6fdb16f7ba5e8330"]}]}},{"id":"93020c54469e582d6fdb16f7ba5eb96e","key":"N5","value":{"_id":"93020c54469e582d6fdb16f7ba5eb96e","_rev":"1-1d0064575cc149d8c64fca373126e7c6","type":"grammar","lang":["vi"],"label":"ja_vi","level":"N5","title":"～から～まで     =>Từ ～đến ～","usages":[{"synopsis":"  N1 からN2 まで  ","explain":"  ☞ [から] biểu thị điểm bắt đầu của thời gian v&agrave; địa điểm, c&ograve;n [まで] biểu thị điểm kết th&uacute;c của thời gian v&agrave; địa điểm. ☞  [から] v&agrave; [まで] kh&ocirc;ng nhất thiết phải đi k&egrave;m với nhau, m&agrave; c&oacute; thể được d&ugrave;ng ri&ecirc;ng biệt. ☞ C&oacute; thể d&ugrave;ng [です] với [から], [まで] v&agrave; [～から～まで] ","mean":" : Từ ～đến ～ ","note":null,"examples":["93020c54469e582d6fdb16f7ba5e8f5d","93020c54469e582d6fdb16f7ba5e98a2","93020c54469e582d6fdb16f7ba5ea6b2","93020c54469e582d6fdb16f7ba5eb10b","93020c54469e582d6fdb16f7ba5eb2d4"]}]}},{"id":"93020c54469e582d6fdb16f7ba5eda4f","key":"N5","value":{"_id":"93020c54469e582d6fdb16f7ba5eda4f","_rev":"1-9d743a4f378e09f05eb3e8acb18adabf","type":"grammar","lang":["vi"],"label":"ja_vi","level":"N5","title":"～あまり～ない（～余り～ない）     =>Không...lắm","usages":[{"synopsis":" ～あまり～ない ","explain":"  ☞ [あまり] l&agrave; ph&oacute; từ biểu thị mức độ. Khi l&agrave;m chức năng bổ nghĩa cho t&iacute;nh từ th&igrave; ch&uacute;ng được đặt trước t&iacute;nh từ. ☞  [あまり] l&agrave; ph&oacute; từ biểu thị mức độ. Khi l&agrave;m chức năng bổ nghĩa cho động từ th&igrave; ch&uacute;ng được đặt trước động từ. ","mean":" : Kh&ocirc;ng...lắm ","note":null,"examples":["93020c54469e582d6fdb16f7ba5ec8f7","93020c54469e582d6fdb16f7ba5ecd63","93020c54469e582d6fdb16f7ba5ed1ce"]}]}},{"id":"93020c54469e582d6fdb16f7ba5ee6f5","key":"N5","value":{"_id":"93020c54469e582d6fdb16f7ba5ee6f5","_rev":"1-b947b845acb60ad82459347c300b451e","type":"grammar","lang":["vi"],"label":"ja_vi","level":"N5","title":"～ぜんぜん～ない（ ～全然～ない ）    =>Hoàn toàn～không …","usages":[{"synopsis":" ～全然～ない ","explain":"  L&agrave; ph&oacute; từ biểu thị mức độ. Khi l&agrave;m chức năng bổ nghĩa cho động từth&igrave; ch&uacute;ng được đặt trước động từ. Mang &yacute; nghĩa ho&agrave;n to&agrave;n&hellip;kh&ocirc;ng th&igrave; lu&ocirc;n đi với c&acirc;u phủ định. ","mean":" : Ho&agrave;n to&agrave;n～kh&ocirc;ng &hellip; ","note":"  「全然」c&ograve;n c&oacute; thể d&ugrave;ng để bổ nghĩa cho t&iacute;nh từ. あの 映画は 全然 おもしろくないです。xxx。 Bộ phim đ&oacute; kh&ocirc;ng hay ch&uacute;t n&agrave;o. ","examples":["93020c54469e582d6fdb16f7ba5edb38","93020c54469e582d6fdb16f7ba5edb8c"]}]}},{"id":"93020c54469e582d6fdb16f7ba5f18fe","key":"N5","value":{"_id":"93020c54469e582d6fdb16f7ba5f18fe","_rev":"1-713798fb7afa8abac51258f1bad9ad9d","type":"grammar","lang":["vi"],"label":"ja_vi","level":"N5","title":"～なかなか～ない     =>Mãi mà… , mãi mới…","usages":[{"synopsis":"  ～なかなか＋V ない  ","explain":"  ☞ L&agrave; ph&oacute; từ biểu thị mức độ, khi l&agrave;m chức năng bổ nghĩa cho động từth&igrave; ch&uacute;ng được đặttrước động từ. ☞  Diễn tả &yacute; để thực hiện một điều g&igrave; đ&oacute; phải mất thời gian, sức lực, kh&oacute; thực hiện. ","mean":" : M&atilde;i m&agrave;&hellip; , m&atilde;i mới&hellip; ","note":null,"examples":["93020c54469e582d6fdb16f7ba5ef24c","93020c54469e582d6fdb16f7ba5efcea","93020c54469e582d6fdb16f7ba5f0c23"]}]}},{"id":"93020c54469e582d6fdb16f7ba5f437e","key":"N5","value":{"_id":"93020c54469e582d6fdb16f7ba5f437e","_rev":"1-eb7cf02e77f68bdb27e61f6bb9d4b8c3","type":"grammar","lang":["vi"],"label":"ja_vi","level":"N5","title":"～ませんか     =>Anh/chị cùng……với tôi không?","usages":[{"synopsis":" V-ます+ ませんか ","explain":"  Mẫu c&acirc;u n&agrave;y d&ugrave;ng để mời hoặc đề nghị người nghe l&agrave;m một việc g&igrave; đ&oacute;. ","mean":" : Anh/chị c&ugrave;ng&hellip;&hellip;với t&ocirc;i kh&ocirc;ng? ","note":null,"examples":["93020c54469e582d6fdb16f7ba5f1cbb","93020c54469e582d6fdb16f7ba5f2a6a","93020c54469e582d6fdb16f7ba5f33aa","93020c54469e582d6fdb16f7ba5f341e","93020c54469e582d6fdb16f7ba5f391a"]}]}},{"id":"93020c54469e582d6fdb16f7ba5f7472","key":"N5","value":{"_id":"93020c54469e582d6fdb16f7ba5f7472","_rev":"1-97b8df9657ff1eb012a7368d482d1e3f","type":"grammar","lang":["vi"],"label":"ja_vi","level":"N5","title":"～があります     =>Có…","usages":[{"synopsis":" N があります ","explain":"  ☞ Mẫu c&acirc;u n&agrave;y d&ugrave;ng để n&oacute;i về nơi ở, sự hiện hữu của đồ vật. Những vật ở đ&acirc;y sẽ l&agrave;m chủ ngữ trong c&acirc;u, v&agrave; được biểu thị bằng trợ từ 「が」 ☞  「あります」được d&ugrave;ng cho đối tượng kh&ocirc;ng chuyển động được như đồ vật, c&acirc;y cỏ. ","mean":" : C&oacute;&hellip; ","note":null,"examples":["93020c54469e582d6fdb16f7ba5f472d","93020c54469e582d6fdb16f7ba5f54bf","93020c54469e582d6fdb16f7ba5f5f3b","93020c54469e582d6fdb16f7ba5f6b4b","93020c54469e582d6fdb16f7ba5f6e0a"]}]}},{"id":"93020c54469e582d6fdb16f7ba5f9a33","key":"N5","value":{"_id":"93020c54469e582d6fdb16f7ba5f9a33","_rev":"1-1fc3d13d5df2163978568e2621c9f03c","type":"grammar","lang":["vi"],"label":"ja_vi","level":"N5","title":"～がいます     =>Có…","usages":[{"synopsis":" N がいます ","explain":"  ☞ Mẫu c&acirc;u n&agrave;y d&ugrave;ng để n&oacute;i về nơi ở, sự hiện hữu của người, động vật. Người, động vật ở đ&acirc;y sẽ l&agrave;m chủ ngữ trong c&acirc;u, v&agrave; được biểu thị bằng trợ từ 「が」 ☞  「います」được d&ugrave;ng cho đối tượng c&oacute; thể chuyển động được như người, động vật. ","mean":" : C&oacute;&hellip; ","note":null,"examples":["93020c54469e582d6fdb16f7ba5f8084","93020c54469e582d6fdb16f7ba5f8186","93020c54469e582d6fdb16f7ba5f8e87","93020c54469e582d6fdb16f7ba5f999a","93020c54469e582d6fdb16f7ba5f9a24"]}]}},{"id":"93020c54469e582d6fdb16f7ba5fb80b","key":"N5","value":{"_id":"93020c54469e582d6fdb16f7ba5fb80b","_rev":"1-1d25cfeaf349cb44bd98c817f6ebaa01","type":"grammar","lang":["vi"],"label":"ja_vi","level":"N5","title":"～助詞＋数量     =>Tương ứng với động từ...chỉ số lượng","usages":[{"synopsis":" ～助詞＋数量～V ","explain":"  Th&ocirc;ng thường th&igrave; lượng từ được đặt trước động từ m&agrave; n&oacute; bổ nghĩa, trừ trường hợp của lượng từ chỉ thời gian. ","mean":" : Tương ứng với động từ...chỉ số lượng. ","note":null,"examples":["93020c54469e582d6fdb16f7ba5f9f17","93020c54469e582d6fdb16f7ba5fa808","93020c54469e582d6fdb16f7ba5fab19"]}]}},{"id":"93020c54469e582d6fdb16f7ba5fc7af","key":"N5","value":{"_id":"93020c54469e582d6fdb16f7ba5fc7af","_rev":"1-d45ac1332574d4db0475949773829b01","type":"grammar","lang":["vi"],"label":"ja_vi","level":"N5","title":"～に～かい（～に～回）     =>Làm ~ lần trong khoảng thời gian ~","usages":[{"synopsis":" 時間＋に＋～回＋V ","explain":"  Diễn tả tần suất l&agrave;m việc g&igrave; đ&oacute; trong một khoảng thời gian. ","mean":" : L&agrave;m ~ lần trong khoảng thời gian ~ ","note":null,"examples":["93020c54469e582d6fdb16f7ba5fbcc2","93020c54469e582d6fdb16f7ba5fbf56"]}]}},{"id":"93020c54469e582d6fdb16f7ba5fe80c","key":"N5","value":{"_id":"93020c54469e582d6fdb16f7ba5fe80c","_rev":"1-a8ca6a74ca70a9a1d535accae97fa916","type":"grammar","lang":["vi"],"label":"ja_vi","level":"N5","title":"～ましょう     =>Chúng ta hãy cùng ~","usages":[{"synopsis":" V－ましょう ","explain":"  Diễn tả sự th&ocirc;i th&uacute;c c&ugrave;ng nhau l&agrave;m việc g&igrave; đ&oacute;. ","mean":" : Ch&uacute;ng ta h&atilde;y c&ugrave;ng ~ ","note":"  Nằm trong mẫu c&acirc;u thường d&ugrave;ng để rủ r&ecirc; người nghe c&ugrave;ng l&agrave;m chuyện g&igrave; đ&oacute;. いっしょにえいがをみませんか。xxx。 ええ、いいですね。みましょう。xxx。 Bọn m&igrave;nh c&ugrave;ng đi xem phim đi? Ừ, hay đấy. M&igrave;nh xem đi. ","examples":["93020c54469e582d6fdb16f7ba5fd204","93020c54469e582d6fdb16f7ba5fdcf5"]}]}},{"id":"93020c54469e582d6fdb16f7ba601ad1","key":"N5","value":{"_id":"93020c54469e582d6fdb16f7ba601ad1","_rev":"1-cde132a79be89e46de671e2ed22ab4e4","type":"grammar","lang":["vi"],"label":"ja_vi","level":"N5","title":"～ましょうか     =>Tôi ~ hộ cho anh nhé","usages":[{"synopsis":" V‐ましょうか ","explain":"  Diễn tả sự xin ph&eacute;p để gi&uacute;p đỡ người kh&aacute;c. ","mean":" : T&ocirc;i ~ hộ cho anh nh&eacute; ","note":"  Nằm trong mẫu c&acirc;u thường d&ugrave;ng để rủ r&ecirc; người nghe c&ugrave;ng l&agrave;m chuyện g&igrave; đ&oacute;. ","examples":["93020c54469e582d6fdb16f7ba5ff39a","93020c54469e582d6fdb16f7ba5ffc54","93020c54469e582d6fdb16f7ba6006ec","93020c54469e582d6fdb16f7ba600ee8"]}]}},{"id":"93020c54469e582d6fdb16f7ba6032f2","key":"N5","value":{"_id":"93020c54469e582d6fdb16f7ba6032f2","_rev":"1-e889efc3052e30f2d44146e48fbdf063","type":"grammar","lang":["vi"],"label":"ja_vi","level":"N5","title":"～がほしい（～が欲しい）     =>Muốn…","usages":[{"synopsis":" N がほしい ","explain":"  ☞ Mẫu c&acirc;u n&agrave;y biểu thị ham muốn sở hữu một vật hoặc một người n&agrave;o đ&oacute; của người n&oacute;i. N&oacute; cũng được d&ugrave;ng để hỏi về ham muốn của người nghe. Đối tượng của ham muốn được biểu thị bằng trợ từ 「が」 ☞  「ほしい」l&agrave; t&iacute;nh từ đu&ocirc;i い. ","mean":" : Muốn&hellip; ","note":"  ☞  V&igrave; l&agrave; t&iacute;nh từ đu&ocirc;i い, n&ecirc;n phủ định của 「ほしい」l&agrave;「ほしくない」c&oacute; nghĩa l&agrave; kh&ocirc;ng muốn. 子どもがほしいですか。xxx。 いいえ、ほしくないです。xxx。  Anh muốn c&oacute; con kh&ocirc;ng?... Kh&ocirc;ng, t&ocirc;i kh&ocirc;ng muốn. ☞ Mẫu c&acirc;u「ほしいです」kh&ocirc;ng thể d&ugrave;ng để biểu thị ham muốn của người thứ ba. ☞  Mẫu c&acirc;u「ほしいですか」kh&ocirc;ng thể d&ugrave;ng để mời người nghe d&ugrave;ng một thứ g&igrave; hay l&agrave;m g&igrave;. V&iacute; dụ, trong trường hợp muốn mời người nghe uống c&agrave; ph&ecirc; th&igrave; kh&ocirc;ng n&oacute;i 「コーヒーがほしいですか」m&agrave; n&oacute;i l&agrave; 「コーヒーはいかがですか」 ","examples":["93020c54469e582d6fdb16f7ba60239d","93020c54469e582d6fdb16f7ba60241c","93020c54469e582d6fdb16f7ba60263f"]}]}},{"id":"93020c54469e582d6fdb16f7ba60682f","key":"N5","value":{"_id":"93020c54469e582d6fdb16f7ba60682f","_rev":"1-03e89c594158456ca03460cf078a51a0","type":"grammar","lang":["vi"],"label":"ja_vi","level":"N5","title":"～たい     =>Muốn…","usages":[{"synopsis":" V- ます+ たい ","explain":"  ☞ Khi động từ được d&ugrave;ng c&ugrave;ng với「ます」th&igrave; ta gọi l&agrave; thể ますcủa động từ. V&iacute; dụ trong 「かいます」, th&igrave;「かい」được gọi l&agrave; ますcủa 「かいます」 ☞  Động từ thể ます たいです。Đ&acirc;y l&agrave; c&aacute;ch n&oacute;i biểu thị sự &ldquo;muốn l&agrave;m&rdquo; một c&aacute;i g&igrave; đ&oacute;. C&aacute;ch n&oacute;i n&agrave;y được d&ugrave;ng để biểu thị &yacute; muốn của bản th&acirc;n người n&oacute;i, v&agrave; để hỏi về &yacute; muốn của người nghe. Trong c&aacute;ch n&oacute;i n&agrave;y, ch&uacute;ng ta c&oacute; thể d&ugrave;ng trợ từ 「が」thay cho trợ từ 「を」như ở v&iacute; dụ dưới đ&acirc;y. Ngo&agrave;i 「を」th&igrave; kh&ocirc;ng c&oacute; trợ từ n&agrave;o kh&aacute;c c&oacute; thể d&ugrave;ng thay「が」.「Động từ thể ます たい」chia c&aacute;ch tương tự như t&iacute;nh từ đu&ocirc;i い. ","mean":" : Muốn&hellip; ","note":"  ☞ Mẫu c&acirc;u「たいです」kh&ocirc;ng thể d&ugrave;ng để biểu thị ham muốn của người thứ ba. ☞ Mẫu c&acirc;u「Động từ thể ます たいですか」kh&ocirc;ng thể d&ugrave;ng để mời người nghe d&ugrave;ng một thứ g&igrave; hay l&agrave;m g&igrave;. V&iacute; dụ, trong trường hợp muốn mời người nghe uống c&agrave; ph&ecirc; th&igrave; kh&ocirc;ng n&oacute;i 「コーヒーをのみたいですか」m&agrave; n&oacute;i l&agrave; 「コーヒーをのみませんか」 ","examples":["93020c54469e582d6fdb16f7ba603ee6","93020c54469e582d6fdb16f7ba6046c9","93020c54469e582d6fdb16f7ba6053a7","93020c54469e582d6fdb16f7ba605e43"]}]}},{"id":"93020c54469e582d6fdb16f7ba6080e9","key":"N5","value":{"_id":"93020c54469e582d6fdb16f7ba6080e9","_rev":"1-cc6b2c152de21b1d02b8a5456134386b","type":"grammar","lang":["vi"],"label":"ja_vi","level":"N5","title":"～へ～を～にいく（ ～へ～を～に行く）     =>Đi đến…để làm gì…","usages":[{"synopsis":" N（場所）へN を V-ます/Nに行く ","explain":"  Động từ (ở thểます) hoặc danh từ đặt trước trợ từ「に」biểu thị mục đ&iacute;ch của 「いきます」Danh từ đặt trước「に」phải l&agrave; danh từ chỉ h&agrave;nh động. ","mean":" : Đi đến&hellip;để l&agrave;m g&igrave;&hellip; ","note":"  C&oacute; thể đặt trước「に」c&aacute;c danh từ chỉ sự việc được tổ chức ra như lễ hội, buổi h&ograve;a nhạc. Trong trường hợp n&agrave;y th&igrave; mục đ&iacute;ch của người n&oacute;i l&agrave; xem lễ hội, nghe nhạc v.v あした京都のお祭りに行きます。あしたきょうとのおまつりにいきます。 Ng&agrave;y mai t&ocirc;i đi Kyoto để xem lễ hội. ","examples":["93020c54469e582d6fdb16f7ba60730c","93020c54469e582d6fdb16f7ba6074a9","93020c54469e582d6fdb16f7ba6078f7"]}]}},{"id":"93020c54469e582d6fdb16f7ba60b8fc","key":"N5","value":{"_id":"93020c54469e582d6fdb16f7ba60b8fc","_rev":"1-1b92fec042126d9c5ad4a916cc49dde8","type":"grammar","lang":["vi"],"label":"ja_vi","level":"N5","title":"～てください     =>Hãy~","usages":[{"synopsis":" Vて＋ ください ","explain":"  Mẫu c&acirc;u n&agrave;y được d&ugrave;ng khi người n&oacute;i muốn nhờ vả, sai khiến hoặc khuy&ecirc;n nhủ người nghe. Khi n&oacute;i với người tr&ecirc;n th&igrave; kh&ocirc;ng d&ugrave;ng mẫu c&acirc;u n&agrave;y với &yacute; nghĩa sai khiến. Dưới đ&acirc;y l&agrave; những v&iacute; dụ về mẫu c&acirc;u n&agrave;y với &yacute; nghĩa nhờ vả, sai khiến v&agrave; khuy&ecirc;n nhủ. ","mean":" : H&atilde;y~ ","note":null,"examples":["93020c54469e582d6fdb16f7ba6088cc","93020c54469e582d6fdb16f7ba608cb0","93020c54469e582d6fdb16f7ba60997f","93020c54469e582d6fdb16f7ba60a4b8","93020c54469e582d6fdb16f7ba60acb8","93020c54469e582d6fdb16f7ba60b298","93020c54469e582d6fdb16f7ba60b3f3"]}]}},{"id":"93020c54469e582d6fdb16f7ba61135b","key":"N5","value":{"_id":"93020c54469e582d6fdb16f7ba61135b","_rev":"1-af2d2447e71bebe2d1134ab7a9d9534a","type":"grammar","lang":["vi"],"label":"ja_vi","level":"N5","title":"～ないでください     =>(Xin) đừng/không…","usages":[{"synopsis":" V ない &rarr; ないでください ","explain":"  Mẫu c&acirc;u n&agrave;y d&ugrave;ng khi muốn y&ecirc;u cầu ai đ&oacute; đừng l&agrave;m một việc g&igrave; đ&oacute;. ","mean":" : (Xin) đừng/kh&ocirc;ng&hellip; ","note":null,"examples":["93020c54469e582d6fdb16f7ba60b91a","93020c54469e582d6fdb16f7ba60b94d","93020c54469e582d6fdb16f7ba60c7ba","93020c54469e582d6fdb16f7ba60d451","93020c54469e582d6fdb16f7ba60e2a0","93020c54469e582d6fdb16f7ba60eecc","93020c54469e582d6fdb16f7ba60f90d","93020c54469e582d6fdb16f7ba610392","93020c54469e582d6fdb16f7ba610b60"]}]}},{"id":"93020c54469e582d6fdb16f7ba613214","key":"N5","value":{"_id":"93020c54469e582d6fdb16f7ba613214","_rev":"1-9692fe81d69c50ab4547c7bff02d205e","type":"grammar","lang":["vi"],"label":"ja_vi","level":"N5","title":"～てもいいです     =>Làm～được","usages":[{"synopsis":" V て&rarr;てもいいです ","explain":"  ☞ Mẫu c&acirc;u n&agrave;y d&ugrave;ng để biểu thị sự được ph&eacute;p l&agrave;m một điều g&igrave;. ☞ Nếu chuyển mẫu c&acirc;u n&agrave;y th&agrave;nh c&acirc;u nghi vấn th&igrave; ch&uacute;ng ta sẽ được một c&acirc;u xin ph&eacute;p. ☞ Khi trả lời th&igrave; ch&uacute; &yacute; c&aacute;ch trả lời tế nhị khi từ chối (kh&ocirc;ng cho ph&eacute;p) ","mean":" : L&agrave;m～được ","note":null,"examples":["93020c54469e582d6fdb16f7ba61210a","93020c54469e582d6fdb16f7ba612121","93020c54469e582d6fdb16f7ba612303","93020c54469e582d6fdb16f7ba6129d6"]}]}},{"id":"93020c54469e582d6fdb16f7ba6143b7","key":"N5","value":{"_id":"93020c54469e582d6fdb16f7ba6143b7","_rev":"1-c1361ea212ca7fe1f4d61ed77b664d97","type":"grammar","lang":["vi"],"label":"ja_vi","level":"N5","title":"～てはいけません     =>Không được làm～","usages":[{"synopsis":" V て &rarr; てはいけません ","explain":"  ☞ Mẫu c&acirc;u n&agrave;y biểu thị &yacute; nghĩa &ldquo;cấm&rdquo;, hay &rdquo;kh&ocirc;ng được&rdquo; l&agrave;m một việc g&igrave;. ☞  D&ugrave;ng để trả lời cho c&acirc;u hỏi 「Động từ thể てもいいですか」 ","mean":" : Kh&ocirc;ng được l&agrave;m～ ","note":"  ☞ Đối với c&acirc;u hỏi「Động từ thểてもいいですか」, khi muốn nhấn mạnh c&acirc;u trả lời kh&ocirc;ng được th&igrave; c&oacute; thể lược bỏ 「Động từ thểては」m&agrave; chỉ trả lời l&agrave; 「いいえ、いけません」 ☞ C&aacute;ch trả lời n&agrave;y kh&ocirc;ng d&ugrave;ng với người tr&ecirc;n. 先生、ここで遊んでもいいですか。&hellip;いいえ、いけません。xxx。 Thưa thầy/c&ocirc;, em chơi ở đ&acirc;y c&oacute; được kh&ocirc;ng ạ? &hellip;Kh&ocirc;ng, kh&ocirc;ng được. ","examples":["93020c54469e582d6fdb16f7ba6136c2","93020c54469e582d6fdb16f7ba613ba7"]}]}},{"id":"93020c54469e582d6fdb16f7ba619903","key":"N5","value":{"_id":"93020c54469e582d6fdb16f7ba619903","_rev":"1-3476b1ac7bdc20f3db52c63a1cfe7bdc","type":"grammar","lang":["vi"],"label":"ja_vi","level":"N5","title":"～なくてもいいです     =>Không phải, không cần～cũng được.","usages":[{"synopsis":" V ない&rarr;なくてもいいです ","explain":"  Mẫu c&acirc;u n&agrave;y biểu thị rằng một đối tượng n&agrave;o đ&oacute; kh&ocirc;ng phải l&agrave;m một việc g&igrave; đ&oacute;. ","mean":" : Kh&ocirc;ng phải, kh&ocirc;ng cần～cũng được. ","note":null,"examples":["93020c54469e582d6fdb16f7ba6148bc","93020c54469e582d6fdb16f7ba615083","93020c54469e582d6fdb16f7ba6152b0","93020c54469e582d6fdb16f7ba61558f","93020c54469e582d6fdb16f7ba615de3","93020c54469e582d6fdb16f7ba616c53","93020c54469e582d6fdb16f7ba617233","93020c54469e582d6fdb16f7ba617b4e","93020c54469e582d6fdb16f7ba618a2e"]}]}},{"id":"93020c54469e582d6fdb16f7ba61c2af","key":"N5","value":{"_id":"93020c54469e582d6fdb16f7ba61c2af","_rev":"1-fd23f7e86ceab5517df6e61b6330371d","type":"grammar","lang":["vi"],"label":"ja_vi","level":"N5","title":"～なければなりません     =>Phải～","usages":[{"synopsis":" V ない&rarr; なければなりません ","explain":"  Mẫu c&acirc;u n&agrave;y biểu thị rằng một đối tượng n&agrave;o đ&oacute; phải l&agrave;m một việc g&igrave; đ&oacute; m&agrave; kh&ocirc;ng phụ thuộc v&agrave;o &yacute; muốn của đối tượng thực hiện h&agrave;nh động. Lưu &yacute; l&agrave; mẫu c&acirc;u n&agrave;y kh&ocirc;ng mang &yacute; nghĩa phủ định ","mean":" : Phải～ ","note":null,"examples":["93020c54469e582d6fdb16f7ba619a93","93020c54469e582d6fdb16f7ba619ea2","93020c54469e582d6fdb16f7ba61a86f","93020c54469e582d6fdb16f7ba61b7e8"]}]}},{"id":"93020c54469e582d6fdb16f7ba61e1f5","key":"N5","value":{"_id":"93020c54469e582d6fdb16f7ba61e1f5","_rev":"2-07d27a122e84d2361c11ee286429ec72","type":"grammar","lang":["vi"],"label":"ja_vi","level":"N5","title":"～ないといけない     => Phải～","usages":[{"synopsis":" V ない&rarr; ないといけない ","explain":"  ☞ Động từ ở thể ないgh&eacute;p với とはいけない ☞  Mẫu c&acirc;u d&ugrave;ng để thể hiện phải l&agrave;m g&igrave; đ&oacute;. ","mean":" : Phải～ ","note":"  ☞ C&oacute; thể d&ugrave;ng mẫu c&acirc;u n&agrave;y để đặt c&acirc;u hỏi cần phải&hellip;.. では、どのくらいのぶんぽうちしき（文法知識）がないといけないか？xxx。 Vậy th&igrave; cần phải c&oacute; kiến thức văn phạm đến mức độ n&agrave;o? ☞ Ngo&agrave;i ra, mẫu c&acirc;u n&agrave;y tương đương mẫu c&acirc;u ～しなければなりません。 ","examples":["93020c54469e582d6fdb16f7ba61d0c0","93020c54469e582d6fdb16f7ba61dc23","93020c54469e582d6fdb16f7ba61ddb1"]}]}}]}