{"status":200,"message":"","results":[{"id":"93020c54469e582d6fdb16f7ba620d05","key":"N5","value":{"_id":"93020c54469e582d6fdb16f7ba620d05","_rev":"1-09ffa435ebdef88c3d68da8eea6169ee","type":"grammar","lang":["vi"],"label":"ja_vi","level":"N5","title":"～なくちゃいけない     =>Không thể không (phải)","usages":[{"synopsis":" V ない&rarr; なくちゃいけない ","explain":"  ☞ Động từ thể ない bỏ い thay bằng なくちゃいけない ☞  C&oacute; nghĩa cần thiết phải l&agrave;m g&igrave; đ&oacute;. ","mean":" : Kh&ocirc;ng thể kh&ocirc;ng (phải) ","note":"  ☞ Mẫu c&acirc;u n&agrave;y tương đương mẫu c&acirc;u なくてはいけない. ☞ Tuy nhi&ecirc;n, người ta sử dụng mẫu c&acirc;u なくちゃいけないđể biểu đạt trong văn n&oacute;i. ","examples":["93020c54469e582d6fdb16f7ba61e7fa","93020c54469e582d6fdb16f7ba61f689","93020c54469e582d6fdb16f7ba62053e"]}]}},{"id":"93020c54469e582d6fdb16f7ba6223e4","key":"N5","value":{"_id":"93020c54469e582d6fdb16f7ba6223e4","_rev":"1-a154ccf3358bcb47da68a137a584814d","type":"grammar","lang":["vi"],"label":"ja_vi","level":"N5","title":"～だけ     =>Chỉ ~","usages":[{"synopsis":" 普通形（Aな&rarr;な／N&rarr;の）＋だけ ","explain":"  ☞ Diễn tả &yacute; nghĩa ngo&agrave;i điều đ&oacute; ra kh&ocirc;ng c&ograve;n điều kh&aacute;c. ☞  Ngo&agrave;i ra c&ograve;n diễn tả &yacute; nghĩa phủ định&rdquo; だけでなく(kh&ocirc;ng chỉ)&rdquo; ","mean":" : Chỉ~ ","note":null,"examples":["93020c54469e582d6fdb16f7ba6215ad","93020c54469e582d6fdb16f7ba622008","93020c54469e582d6fdb16f7ba62201e"]}]}},{"id":"93020c54469e582d6fdb16f7ba62393a","key":"N5","value":{"_id":"93020c54469e582d6fdb16f7ba62393a","_rev":"1-916510b0d999d4515af06039cb45516c","type":"grammar","lang":["vi"],"label":"ja_vi","level":"N5","title":"～から     =>Vì ~","usages":[{"synopsis":" ～から ","explain":"  ☞ Được d&ugrave;ng để nối hai c&acirc;u th&agrave;nh một c&acirc;u. C&acirc;u 1 biểu thị l&yacute; do cho C&acirc;u 2. ☞  Cũng c&oacute; thể n&oacute;i c&acirc;u 2 trước, sau đ&oacute; nối c&acirc;u 1 k&egrave;m theo「から」 ","mean":" : V&igrave; ~ ","note":null,"examples":["93020c54469e582d6fdb16f7ba6228c6","93020c54469e582d6fdb16f7ba622bb0"]}]}},{"id":"93020c54469e582d6fdb16f7ba626275","key":"N5","value":{"_id":"93020c54469e582d6fdb16f7ba626275","_rev":"1-b8475815427571c87099867b8e14047f","type":"grammar","lang":["vi"],"label":"ja_vi","level":"N5","title":"～のが     =>Danh từ hóa động từ","usages":[{"synopsis":" Vる＋のがA ","explain":"  Trong mẫu c&acirc;u n&agrave;y th&igrave; c&aacute;c t&iacute;nh từ chỉ sở th&iacute;ch, kỹ năng, năng lực v&iacute; dụ như すてき〈な〉、 きらい「な」、じょうず「な」、へた「な」、はやい、おそいv.v được d&ugrave;ng. ","mean":" : Danh từ h&oacute;a động từ ","note":null,"examples":["93020c54469e582d6fdb16f7ba62448b","93020c54469e582d6fdb16f7ba62527e","93020c54469e582d6fdb16f7ba625c07","93020c54469e582d6fdb16f7ba625cd3","93020c54469e582d6fdb16f7ba625dba"]}]}},{"id":"93020c54469e582d6fdb16f7ba629f0a","key":"N5","value":{"_id":"93020c54469e582d6fdb16f7ba629f0a","_rev":"3-6f49f7b1254e1a8a56c513eecf509c29","type":"grammar","lang":["vi"],"label":"ja_vi","level":"N5","title":"～のを&nbsp;&nbsp;&nbsp;&nbsp;&nbsp;=&gt;Danh từ h&oacute;a động từ","usages":[{"synopsis":"Vる、V-普通形＋のを～","explain":"☞ Diễn tả danh từ h&oacute;a động từ với động từ わすれましたsẽ sử dụng thể nguy&ecirc;n dạng「辞書形」c&oacute; nghĩa l&agrave; Qu&ecirc;n~ ☞  Diễn tả danh từ h&oacute;a động từ với động từ 知っていますかsẽ sử dụng thể th&ocirc;ng thường「普通形」c&oacute; nghĩa l&agrave; Anh/chị c&oacute; biết ~ kh&ocirc;ng? Mẫu c&acirc;u d&ugrave;ng để hỏi xem người nghe c&oacute; biết được nội dung được biểu thị ở phần trước「の」hay kh&ocirc;ng.","mean":"Danh từ h&oacute;a động từ","note":"","examples":["93020c54469e582d6fdb16f7ba626383","93020c54469e582d6fdb16f7ba626f6e","93020c54469e582d6fdb16f7ba627c2b","93020c54469e582d6fdb16f7ba628968","93020c54469e582d6fdb16f7ba629444"]}]}}]}